01:03:37 **** Build of project lab9_32point_bsp ****
make -k all 
"Running Make include in ps7_cortexa9_0/libsrc/axidma_v9_9/src"
make -C ps7_cortexa9_0/libsrc/axidma_v9_9/src -s include  "SHELL=CMD" "COMPILER=arm-none-eabi-gcc" "ARCHIVER=arm-none-eabi-ar" "COMPILER_FLAGS=  -O2 -c" "EXTRA_COMPILER_FLAGS=-mcpu=cortex-a9 -mfpu=vfpv3 -mfloat-abi=hard -nostartfiles -g -Wall -Wextra"
"Running Make include in ps7_cortexa9_0/libsrc/coresightps_dcc_v1_5/src"
make -C ps7_cortexa9_0/libsrc/coresightps_dcc_v1_5/src -s include  "SHELL=CMD" "COMPILER=arm-none-eabi-gcc" "ARCHIVER=arm-none-eabi-ar" "COMPILER_FLAGS=  -O2 -c" "EXTRA_COMPILER_FLAGS=-mcpu=cortex-a9 -mfpu=vfpv3 -mfloat-abi=hard -nostartfiles -g -Wall -Wextra"
"Running Make include in ps7_cortexa9_0/libsrc/cpu_cortexa9_v2_7/src"
make -C ps7_cortexa9_0/libsrc/cpu_cortexa9_v2_7/src -s include  "SHELL=CMD" "COMPILER=arm-none-eabi-gcc" "ARCHIVER=arm-none-eabi-ar" "COMPILER_FLAGS=  -O2 -c" "EXTRA_COMPILER_FLAGS=-mcpu=cortex-a9 -mfpu=vfpv3 -mfloat-abi=hard -nostartfiles -g -Wall -Wextra"
"Running Make include in ps7_cortexa9_0/libsrc/ddrps_v1_0/src"
make -C ps7_cortexa9_0/libsrc/ddrps_v1_0/src -s include  "SHELL=CMD" "COMPILER=arm-none-eabi-gcc" "ARCHIVER=arm-none-eabi-ar" "COMPILER_FLAGS=  -O2 -c" "EXTRA_COMPILER_FLAGS=-mcpu=cortex-a9 -mfpu=vfpv3 -mfloat-abi=hard -nostartfiles -g -Wall -Wextra"
"Running Make include in ps7_cortexa9_0/libsrc/devcfg_v3_5/src"
make -C ps7_cortexa9_0/libsrc/devcfg_v3_5/src -s include  "SHELL=CMD" "COMPILER=arm-none-eabi-gcc" "ARCHIVER=arm-none-eabi-ar" "COMPILER_FLAGS=  -O2 -c" "EXTRA_COMPILER_FLAGS=-mcpu=cortex-a9 -mfpu=vfpv3 -mfloat-abi=hard -nostartfiles -g -Wall -Wextra"
"Running Make include in ps7_cortexa9_0/libsrc/dmaps_v2_4/src"
make -C ps7_cortexa9_0/libsrc/dmaps_v2_4/src -s include  "SHELL=CMD" "COMPILER=arm-none-eabi-gcc" "ARCHIVER=arm-none-eabi-ar" "COMPILER_FLAGS=  -O2 -c" "EXTRA_COMPILER_FLAGS=-mcpu=cortex-a9 -mfpu=vfpv3 -mfloat-abi=hard -nostartfiles -g -Wall -Wextra"
"Running Make include in ps7_cortexa9_0/libsrc/gpiops_v3_5/src"
make -C ps7_cortexa9_0/libsrc/gpiops_v3_5/src -s include  "SHELL=CMD" "COMPILER=arm-none-eabi-gcc" "ARCHIVER=arm-none-eabi-ar" "COMPILER_FLAGS=  -O2 -c" "EXTRA_COMPILER_FLAGS=-mcpu=cortex-a9 -mfpu=vfpv3 -mfloat-abi=hard -nostartfiles -g -Wall -Wextra"
"Running Make include in ps7_cortexa9_0/libsrc/qspips_v3_6/src"
make -C ps7_cortexa9_0/libsrc/qspips_v3_6/src -s include  "SHELL=CMD" "COMPILER=arm-none-eabi-gcc" "ARCHIVER=arm-none-eabi-ar" "COMPILER_FLAGS=  -O2 -c" "EXTRA_COMPILER_FLAGS=-mcpu=cortex-a9 -mfpu=vfpv3 -mfloat-abi=hard -nostartfiles -g -Wall -Wextra"
"Running Make include in ps7_cortexa9_0/libsrc/scugic_v4_0/src"
make -C ps7_cortexa9_0/libsrc/scugic_v4_0/src -s include  "SHELL=CMD" "COMPILER=arm-none-eabi-gcc" "ARCHIVER=arm-none-eabi-ar" "COMPILER_FLAGS=  -O2 -c" "EXTRA_COMPILER_FLAGS=-mcpu=cortex-a9 -mfpu=vfpv3 -mfloat-abi=hard -nostartfiles -g -Wall -Wextra"
"Running Make include in ps7_cortexa9_0/libsrc/scutimer_v2_1/src"
make -C ps7_cortexa9_0/libsrc/scutimer_v2_1/src -s include  "SHELL=CMD" "COMPILER=arm-none-eabi-gcc" "ARCHIVER=arm-none-eabi-ar" "COMPILER_FLAGS=  -O2 -c" "EXTRA_COMPILER_FLAGS=-mcpu=cortex-a9 -mfpu=vfpv3 -mfloat-abi=hard -nostartfiles -g -Wall -Wextra"
"Running Make include in ps7_cortexa9_0/libsrc/scuwdt_v2_1/src"
make -C ps7_cortexa9_0/libsrc/scuwdt_v2_1/src -s include  "SHELL=CMD" "COMPILER=arm-none-eabi-gcc" "ARCHIVER=arm-none-eabi-ar" "COMPILER_FLAGS=  -O2 -c" "EXTRA_COMPILER_FLAGS=-mcpu=cortex-a9 -mfpu=vfpv3 -mfloat-abi=hard -nostartfiles -g -Wall -Wextra"
"Running Make include in ps7_cortexa9_0/libsrc/standalone_v7_0/src"
make -C ps7_cortexa9_0/libsrc/standalone_v7_0/src -s include  "SHELL=CMD" "COMPILER=arm-none-eabi-gcc" "ARCHIVER=arm-none-eabi-ar" "COMPILER_FLAGS=  -O2 -c" "EXTRA_COMPILER_FLAGS=-mcpu=cortex-a9 -mfpu=vfpv3 -mfloat-abi=hard -nostartfiles -g -Wall -Wextra"
"Running Make include in ps7_cortexa9_0/libsrc/uartps_v3_7/src"
make -C ps7_cortexa9_0/libsrc/uartps_v3_7/src -s include  "SHELL=CMD" "COMPILER=arm-none-eabi-gcc" "ARCHIVER=arm-none-eabi-ar" "COMPILER_FLAGS=  -O2 -c" "EXTRA_COMPILER_FLAGS=-mcpu=cortex-a9 -mfpu=vfpv3 -mfloat-abi=hard -nostartfiles -g -Wall -Wextra"
"Running Make include in ps7_cortexa9_0/libsrc/xadcps_v2_3/src"
make -C ps7_cortexa9_0/libsrc/xadcps_v2_3/src -s include  "SHELL=CMD" "COMPILER=arm-none-eabi-gcc" "ARCHIVER=arm-none-eabi-ar" "COMPILER_FLAGS=  -O2 -c" "EXTRA_COMPILER_FLAGS=-mcpu=cortex-a9 -mfpu=vfpv3 -mfloat-abi=hard -nostartfiles -g -Wall -Wextra"
"Running Make libs in ps7_cortexa9_0/libsrc/axidma_v9_9/src"
make -C ps7_cortexa9_0/libsrc/axidma_v9_9/src -s libs  "SHELL=CMD" "COMPILER=arm-none-eabi-gcc" "ARCHIVER=arm-none-eabi-ar" "COMPILER_FLAGS=  -O2 -c" "EXTRA_COMPILER_FLAGS=-mcpu=cortex-a9 -mfpu=vfpv3 -mfloat-abi=hard -nostartfiles -g -Wall -Wextra"
"Compiling axidma"
arm-none-eabi-ar: creating ../../../lib/libxil.a
"Running Make libs in ps7_cortexa9_0/libsrc/coresightps_dcc_v1_5/src"
make -C ps7_cortexa9_0/libsrc/coresightps_dcc_v1_5/src -s libs  "SHELL=CMD" "COMPILER=arm-none-eabi-gcc" "ARCHIVER=arm-none-eabi-ar" "COMPILER_FLAGS=  -O2 -c" "EXTRA_COMPILER_FLAGS=-mcpu=cortex-a9 -mfpu=vfpv3 -mfloat-abi=hard -nostartfiles -g -Wall -Wextra"
"Compiling coresightps_dcc"
"Running Make libs in ps7_cortexa9_0/libsrc/cpu_cortexa9_v2_7/src"
make -C ps7_cortexa9_0/libsrc/cpu_cortexa9_v2_7/src -s libs  "SHELL=CMD" "COMPILER=arm-none-eabi-gcc" "ARCHIVER=arm-none-eabi-ar" "COMPILER_FLAGS=  -O2 -c" "EXTRA_COMPILER_FLAGS=-mcpu=cortex-a9 -mfpu=vfpv3 -mfloat-abi=hard -nostartfiles -g -Wall -Wextra"
"Compiling cpu_cortexa9"
"Running Make libs in ps7_cortexa9_0/libsrc/ddrps_v1_0/src"
make -C ps7_cortexa9_0/libsrc/ddrps_v1_0/src -s libs  "SHELL=CMD" "COMPILER=arm-none-eabi-gcc" "ARCHIVER=arm-none-eabi-ar" "COMPILER_FLAGS=  -O2 -c" "EXTRA_COMPILER_FLAGS=-mcpu=cortex-a9 -mfpu=vfpv3 -mfloat-abi=hard -nostartfiles -g -Wall -Wextra"
"Compiling ddrps"
"Running Make libs in ps7_cortexa9_0/libsrc/devcfg_v3_5/src"
make -C ps7_cortexa9_0/libsrc/devcfg_v3_5/src -s libs  "SHELL=CMD" "COMPILER=arm-none-eabi-gcc" "ARCHIVER=arm-none-eabi-ar" "COMPILER_FLAGS=  -O2 -c" "EXTRA_COMPILER_FLAGS=-mcpu=cortex-a9 -mfpu=vfpv3 -mfloat-abi=hard -nostartfiles -g -Wall -Wextra"
"Compiling devcfg"
"Running Make libs in ps7_cortexa9_0/libsrc/dmaps_v2_4/src"
make -C ps7_cortexa9_0/libsrc/dmaps_v2_4/src -s libs  "SHELL=CMD" "COMPILER=arm-none-eabi-gcc" "ARCHIVER=arm-none-eabi-ar" "COMPILER_FLAGS=  -O2 -c" "EXTRA_COMPILER_FLAGS=-mcpu=cortex-a9 -mfpu=vfpv3 -mfloat-abi=hard -nostartfiles -g -Wall -Wextra"
"Compiling dmaps"
"Running Make libs in ps7_cortexa9_0/libsrc/gpiops_v3_5/src"
make -C ps7_cortexa9_0/libsrc/gpiops_v3_5/src -s libs  "SHELL=CMD" "COMPILER=arm-none-eabi-gcc" "ARCHIVER=arm-none-eabi-ar" "COMPILER_FLAGS=  -O2 -c" "EXTRA_COMPILER_FLAGS=-mcpu=cortex-a9 -mfpu=vfpv3 -mfloat-abi=hard -nostartfiles -g -Wall -Wextra"
"Compiling gpiops"
"Running Make libs in ps7_cortexa9_0/libsrc/qspips_v3_6/src"
make -C ps7_cortexa9_0/libsrc/qspips_v3_6/src -s libs  "SHELL=CMD" "COMPILER=arm-none-eabi-gcc" "ARCHIVER=arm-none-eabi-ar" "COMPILER_FLAGS=  -O2 -c" "EXTRA_COMPILER_FLAGS=-mcpu=cortex-a9 -mfpu=vfpv3 -mfloat-abi=hard -nostartfiles -g -Wall -Wextra"
"Compiling qspips"
"Running Make libs in ps7_cortexa9_0/libsrc/scugic_v4_0/src"
make -C ps7_cortexa9_0/libsrc/scugic_v4_0/src -s libs  "SHELL=CMD" "COMPILER=arm-none-eabi-gcc" "ARCHIVER=arm-none-eabi-ar" "COMPILER_FLAGS=  -O2 -c" "EXTRA_COMPILER_FLAGS=-mcpu=cortex-a9 -mfpu=vfpv3 -mfloat-abi=hard -nostartfiles -g -Wall -Wextra"
"Compiling scugic"
"Running Make libs in ps7_cortexa9_0/libsrc/scutimer_v2_1/src"
make -C ps7_cortexa9_0/libsrc/scutimer_v2_1/src -s libs  "SHELL=CMD" "COMPILER=arm-none-eabi-gcc" "ARCHIVER=arm-none-eabi-ar" "COMPILER_FLAGS=  -O2 -c" "EXTRA_COMPILER_FLAGS=-mcpu=cortex-a9 -mfpu=vfpv3 -mfloat-abi=hard -nostartfiles -g -Wall -Wextra"
"Compiling scutimer"
"Running Make libs in ps7_cortexa9_0/libsrc/scuwdt_v2_1/src"
make -C ps7_cortexa9_0/libsrc/scuwdt_v2_1/src -s libs  "SHELL=CMD" "COMPILER=arm-none-eabi-gcc" "ARCHIVER=arm-none-eabi-ar" "COMPILER_FLAGS=  -O2 -c" "EXTRA_COMPILER_FLAGS=-mcpu=cortex-a9 -mfpu=vfpv3 -mfloat-abi=hard -nostartfiles -g -Wall -Wextra"
"Compiling scuwdt"
"Running Make libs in ps7_cortexa9_0/libsrc/standalone_v7_0/src"
make -C ps7_cortexa9_0/libsrc/standalone_v7_0/src -s libs  "SHELL=CMD" "COMPILER=arm-none-eabi-gcc" "ARCHIVER=arm-none-eabi-ar" "COMPILER_FLAGS=  -O2 -c" "EXTRA_COMPILER_FLAGS=-mcpu=cortex-a9 -mfpu=vfpv3 -mfloat-abi=hard -nostartfiles -g -Wall -Wextra"
"Compiling standalone"
In file included from usleep.c:56:
xtime_l.h:87:9: note: #pragma message: For the sleep routines, Global timer is being used
 #pragma message ("For the sleep routines, Global timer is being used")
         ^~~~~~~
In file included from xil_sleeptimer.c:51:
xtime_l.h:87:9: note: #pragma message: For the sleep routines, Global timer is being used
 #pragma message ("For the sleep routines, Global timer is being used")
         ^~~~~~~
In file included from xtime_l.c:49:
xtime_l.h:87:9: note: #pragma message: For the sleep routines, Global timer is being used
 #pragma message ("For the sleep routines, Global timer is being used")
         ^~~~~~~
In file included from sleep.c:53:
xtime_l.h:87:9: note: #pragma message: For the sleep routines, Global timer is being used
 #pragma message ("For the sleep routines, Global timer is being used")
         ^~~~~~~
"Running Make libs in ps7_cortexa9_0/libsrc/uartps_v3_7/src"
make -C ps7_cortexa9_0/libsrc/uartps_v3_7/src -s libs  "SHELL=CMD" "COMPILER=arm-none-eabi-gcc" "ARCHIVER=arm-none-eabi-ar" "COMPILER_FLAGS=  -O2 -c" "EXTRA_COMPILER_FLAGS=-mcpu=cortex-a9 -mfpu=vfpv3 -mfloat-abi=hard -nostartfiles -g -Wall -Wextra"
"Compiling uartps"
"Running Make libs in ps7_cortexa9_0/libsrc/xadcps_v2_3/src"
make -C ps7_cortexa9_0/libsrc/xadcps_v2_3/src -s libs  "SHELL=CMD" "COMPILER=arm-none-eabi-gcc" "ARCHIVER=arm-none-eabi-ar" "COMPILER_FLAGS=  -O2 -c" "EXTRA_COMPILER_FLAGS=-mcpu=cortex-a9 -mfpu=vfpv3 -mfloat-abi=hard -nostartfiles -g -Wall -Wextra"
"Compiling xadcps"
'Finished building libraries'
01:04:25 **** Build of project lab9_31point_bsp ****
make -k all 
"Running Make include in ps7_cortexa9_0/libsrc/axidma_v9_9/src"
make -C ps7_cortexa9_0/libsrc/axidma_v9_9/src -s include  "SHELL=CMD" "COMPILER=arm-none-eabi-gcc" "ARCHIVER=arm-none-eabi-ar" "COMPILER_FLAGS=  -O2 -c" "EXTRA_COMPILER_FLAGS=-mcpu=cortex-a9 -mfpu=vfpv3 -mfloat-abi=hard -nostartfiles -g -Wall -Wextra"
"Running Make include in ps7_cortexa9_0/libsrc/coresightps_dcc_v1_5/src"
make -C ps7_cortexa9_0/libsrc/coresightps_dcc_v1_5/src -s include  "SHELL=CMD" "COMPILER=arm-none-eabi-gcc" "ARCHIVER=arm-none-eabi-ar" "COMPILER_FLAGS=  -O2 -c" "EXTRA_COMPILER_FLAGS=-mcpu=cortex-a9 -mfpu=vfpv3 -mfloat-abi=hard -nostartfiles -g -Wall -Wextra"
"Running Make include in ps7_cortexa9_0/libsrc/cpu_cortexa9_v2_7/src"
make -C ps7_cortexa9_0/libsrc/cpu_cortexa9_v2_7/src -s include  "SHELL=CMD" "COMPILER=arm-none-eabi-gcc" "ARCHIVER=arm-none-eabi-ar" "COMPILER_FLAGS=  -O2 -c" "EXTRA_COMPILER_FLAGS=-mcpu=cortex-a9 -mfpu=vfpv3 -mfloat-abi=hard -nostartfiles -g -Wall -Wextra"
"Running Make include in ps7_cortexa9_0/libsrc/ddrps_v1_0/src"
make -C ps7_cortexa9_0/libsrc/ddrps_v1_0/src -s include  "SHELL=CMD" "COMPILER=arm-none-eabi-gcc" "ARCHIVER=arm-none-eabi-ar" "COMPILER_FLAGS=  -O2 -c" "EXTRA_COMPILER_FLAGS=-mcpu=cortex-a9 -mfpu=vfpv3 -mfloat-abi=hard -nostartfiles -g -Wall -Wextra"
"Running Make include in ps7_cortexa9_0/libsrc/devcfg_v3_5/src"
make -C ps7_cortexa9_0/libsrc/devcfg_v3_5/src -s include  "SHELL=CMD" "COMPILER=arm-none-eabi-gcc" "ARCHIVER=arm-none-eabi-ar" "COMPILER_FLAGS=  -O2 -c" "EXTRA_COMPILER_FLAGS=-mcpu=cortex-a9 -mfpu=vfpv3 -mfloat-abi=hard -nostartfiles -g -Wall -Wextra"
"Running Make include in ps7_cortexa9_0/libsrc/dmaps_v2_4/src"
make -C ps7_cortexa9_0/libsrc/dmaps_v2_4/src -s include  "SHELL=CMD" "COMPILER=arm-none-eabi-gcc" "ARCHIVER=arm-none-eabi-ar" "COMPILER_FLAGS=  -O2 -c" "EXTRA_COMPILER_FLAGS=-mcpu=cortex-a9 -mfpu=vfpv3 -mfloat-abi=hard -nostartfiles -g -Wall -Wextra"
"Running Make include in ps7_cortexa9_0/libsrc/gpiops_v3_5/src"
make -C ps7_cortexa9_0/libsrc/gpiops_v3_5/src -s include  "SHELL=CMD" "COMPILER=arm-none-eabi-gcc" "ARCHIVER=arm-none-eabi-ar" "COMPILER_FLAGS=  -O2 -c" "EXTRA_COMPILER_FLAGS=-mcpu=cortex-a9 -mfpu=vfpv3 -mfloat-abi=hard -nostartfiles -g -Wall -Wextra"
"Running Make include in ps7_cortexa9_0/libsrc/qspips_v3_6/src"
make -C ps7_cortexa9_0/libsrc/qspips_v3_6/src -s include  "SHELL=CMD" "COMPILER=arm-none-eabi-gcc" "ARCHIVER=arm-none-eabi-ar" "COMPILER_FLAGS=  -O2 -c" "EXTRA_COMPILER_FLAGS=-mcpu=cortex-a9 -mfpu=vfpv3 -mfloat-abi=hard -nostartfiles -g -Wall -Wextra"
"Running Make include in ps7_cortexa9_0/libsrc/scugic_v4_0/src"
make -C ps7_cortexa9_0/libsrc/scugic_v4_0/src -s include  "SHELL=CMD" "COMPILER=arm-none-eabi-gcc" "ARCHIVER=arm-none-eabi-ar" "COMPILER_FLAGS=  -O2 -c" "EXTRA_COMPILER_FLAGS=-mcpu=cortex-a9 -mfpu=vfpv3 -mfloat-abi=hard -nostartfiles -g -Wall -Wextra"
"Running Make include in ps7_cortexa9_0/libsrc/scutimer_v2_1/src"
make -C ps7_cortexa9_0/libsrc/scutimer_v2_1/src -s include  "SHELL=CMD" "COMPILER=arm-none-eabi-gcc" "ARCHIVER=arm-none-eabi-ar" "COMPILER_FLAGS=  -O2 -c" "EXTRA_COMPILER_FLAGS=-mcpu=cortex-a9 -mfpu=vfpv3 -mfloat-abi=hard -nostartfiles -g -Wall -Wextra"
"Running Make include in ps7_cortexa9_0/libsrc/scuwdt_v2_1/src"
make -C ps7_cortexa9_0/libsrc/scuwdt_v2_1/src -s include  "SHELL=CMD" "COMPILER=arm-none-eabi-gcc" "ARCHIVER=arm-none-eabi-ar" "COMPILER_FLAGS=  -O2 -c" "EXTRA_COMPILER_FLAGS=-mcpu=cortex-a9 -mfpu=vfpv3 -mfloat-abi=hard -nostartfiles -g -Wall -Wextra"
"Running Make include in ps7_cortexa9_0/libsrc/standalone_v7_0/src"
make -C ps7_cortexa9_0/libsrc/standalone_v7_0/src -s include  "SHELL=CMD" "COMPILER=arm-none-eabi-gcc" "ARCHIVER=arm-none-eabi-ar" "COMPILER_FLAGS=  -O2 -c" "EXTRA_COMPILER_FLAGS=-mcpu=cortex-a9 -mfpu=vfpv3 -mfloat-abi=hard -nostartfiles -g -Wall -Wextra"
"Running Make include in ps7_cortexa9_0/libsrc/uartps_v3_7/src"
make -C ps7_cortexa9_0/libsrc/uartps_v3_7/src -s include  "SHELL=CMD" "COMPILER=arm-none-eabi-gcc" "ARCHIVER=arm-none-eabi-ar" "COMPILER_FLAGS=  -O2 -c" "EXTRA_COMPILER_FLAGS=-mcpu=cortex-a9 -mfpu=vfpv3 -mfloat-abi=hard -nostartfiles -g -Wall -Wextra"
"Running Make include in ps7_cortexa9_0/libsrc/xadcps_v2_3/src"
make -C ps7_cortexa9_0/libsrc/xadcps_v2_3/src -s include  "SHELL=CMD" "COMPILER=arm-none-eabi-gcc" "ARCHIVER=arm-none-eabi-ar" "COMPILER_FLAGS=  -O2 -c" "EXTRA_COMPILER_FLAGS=-mcpu=cortex-a9 -mfpu=vfpv3 -mfloat-abi=hard -nostartfiles -g -Wall -Wextra"
"Running Make libs in ps7_cortexa9_0/libsrc/axidma_v9_9/src"
make -C ps7_cortexa9_0/libsrc/axidma_v9_9/src -s libs  "SHELL=CMD" "COMPILER=arm-none-eabi-gcc" "ARCHIVER=arm-none-eabi-ar" "COMPILER_FLAGS=  -O2 -c" "EXTRA_COMPILER_FLAGS=-mcpu=cortex-a9 -mfpu=vfpv3 -mfloat-abi=hard -nostartfiles -g -Wall -Wextra"
"Compiling axidma"
arm-none-eabi-ar: creating ../../../lib/libxil.a
"Running Make libs in ps7_cortexa9_0/libsrc/coresightps_dcc_v1_5/src"
make -C ps7_cortexa9_0/libsrc/coresightps_dcc_v1_5/src -s libs  "SHELL=CMD" "COMPILER=arm-none-eabi-gcc" "ARCHIVER=arm-none-eabi-ar" "COMPILER_FLAGS=  -O2 -c" "EXTRA_COMPILER_FLAGS=-mcpu=cortex-a9 -mfpu=vfpv3 -mfloat-abi=hard -nostartfiles -g -Wall -Wextra"
"Compiling coresightps_dcc"
"Running Make libs in ps7_cortexa9_0/libsrc/cpu_cortexa9_v2_7/src"
make -C ps7_cortexa9_0/libsrc/cpu_cortexa9_v2_7/src -s libs  "SHELL=CMD" "COMPILER=arm-none-eabi-gcc" "ARCHIVER=arm-none-eabi-ar" "COMPILER_FLAGS=  -O2 -c" "EXTRA_COMPILER_FLAGS=-mcpu=cortex-a9 -mfpu=vfpv3 -mfloat-abi=hard -nostartfiles -g -Wall -Wextra"
"Compiling cpu_cortexa9"
"Running Make libs in ps7_cortexa9_0/libsrc/ddrps_v1_0/src"
make -C ps7_cortexa9_0/libsrc/ddrps_v1_0/src -s libs  "SHELL=CMD" "COMPILER=arm-none-eabi-gcc" "ARCHIVER=arm-none-eabi-ar" "COMPILER_FLAGS=  -O2 -c" "EXTRA_COMPILER_FLAGS=-mcpu=cortex-a9 -mfpu=vfpv3 -mfloat-abi=hard -nostartfiles -g -Wall -Wextra"
"Compiling ddrps"
"Running Make libs in ps7_cortexa9_0/libsrc/devcfg_v3_5/src"
make -C ps7_cortexa9_0/libsrc/devcfg_v3_5/src -s libs  "SHELL=CMD" "COMPILER=arm-none-eabi-gcc" "ARCHIVER=arm-none-eabi-ar" "COMPILER_FLAGS=  -O2 -c" "EXTRA_COMPILER_FLAGS=-mcpu=cortex-a9 -mfpu=vfpv3 -mfloat-abi=hard -nostartfiles -g -Wall -Wextra"
"Compiling devcfg"
"Running Make libs in ps7_cortexa9_0/libsrc/dmaps_v2_4/src"
make -C ps7_cortexa9_0/libsrc/dmaps_v2_4/src -s libs  "SHELL=CMD" "COMPILER=arm-none-eabi-gcc" "ARCHIVER=arm-none-eabi-ar" "COMPILER_FLAGS=  -O2 -c" "EXTRA_COMPILER_FLAGS=-mcpu=cortex-a9 -mfpu=vfpv3 -mfloat-abi=hard -nostartfiles -g -Wall -Wextra"
"Compiling dmaps"
"Running Make libs in ps7_cortexa9_0/libsrc/gpiops_v3_5/src"
make -C ps7_cortexa9_0/libsrc/gpiops_v3_5/src -s libs  "SHELL=CMD" "COMPILER=arm-none-eabi-gcc" "ARCHIVER=arm-none-eabi-ar" "COMPILER_FLAGS=  -O2 -c" "EXTRA_COMPILER_FLAGS=-mcpu=cortex-a9 -mfpu=vfpv3 -mfloat-abi=hard -nostartfiles -g -Wall -Wextra"
"Compiling gpiops"
"Running Make libs in ps7_cortexa9_0/libsrc/qspips_v3_6/src"
make -C ps7_cortexa9_0/libsrc/qspips_v3_6/src -s libs  "SHELL=CMD" "COMPILER=arm-none-eabi-gcc" "ARCHIVER=arm-none-eabi-ar" "COMPILER_FLAGS=  -O2 -c" "EXTRA_COMPILER_FLAGS=-mcpu=cortex-a9 -mfpu=vfpv3 -mfloat-abi=hard -nostartfiles -g -Wall -Wextra"
"Compiling qspips"
"Running Make libs in ps7_cortexa9_0/libsrc/scugic_v4_0/src"
make -C ps7_cortexa9_0/libsrc/scugic_v4_0/src -s libs  "SHELL=CMD" "COMPILER=arm-none-eabi-gcc" "ARCHIVER=arm-none-eabi-ar" "COMPILER_FLAGS=  -O2 -c" "EXTRA_COMPILER_FLAGS=-mcpu=cortex-a9 -mfpu=vfpv3 -mfloat-abi=hard -nostartfiles -g -Wall -Wextra"
"Compiling scugic"
"Running Make libs in ps7_cortexa9_0/libsrc/scutimer_v2_1/src"
make -C ps7_cortexa9_0/libsrc/scutimer_v2_1/src -s libs  "SHELL=CMD" "COMPILER=arm-none-eabi-gcc" "ARCHIVER=arm-none-eabi-ar" "COMPILER_FLAGS=  -O2 -c" "EXTRA_COMPILER_FLAGS=-mcpu=cortex-a9 -mfpu=vfpv3 -mfloat-abi=hard -nostartfiles -g -Wall -Wextra"
"Compiling scutimer"
"Running Make libs in ps7_cortexa9_0/libsrc/scuwdt_v2_1/src"
make -C ps7_cortexa9_0/libsrc/scuwdt_v2_1/src -s libs  "SHELL=CMD" "COMPILER=arm-none-eabi-gcc" "ARCHIVER=arm-none-eabi-ar" "COMPILER_FLAGS=  -O2 -c" "EXTRA_COMPILER_FLAGS=-mcpu=cortex-a9 -mfpu=vfpv3 -mfloat-abi=hard -nostartfiles -g -Wall -Wextra"
"Compiling scuwdt"
"Running Make libs in ps7_cortexa9_0/libsrc/standalone_v7_0/src"
make -C ps7_cortexa9_0/libsrc/standalone_v7_0/src -s libs  "SHELL=CMD" "COMPILER=arm-none-eabi-gcc" "ARCHIVER=arm-none-eabi-ar" "COMPILER_FLAGS=  -O2 -c" "EXTRA_COMPILER_FLAGS=-mcpu=cortex-a9 -mfpu=vfpv3 -mfloat-abi=hard -nostartfiles -g -Wall -Wextra"
"Compiling standalone"
In file included from usleep.c:56:
xtime_l.h:87:9: note: #pragma message: For the sleep routines, Global timer is being used
 #pragma message ("For the sleep routines, Global timer is being used")
         ^~~~~~~
In file included from xil_sleeptimer.c:51:
xtime_l.h:87:9: note: #pragma message: For the sleep routines, Global timer is being used
 #pragma message ("For the sleep routines, Global timer is being used")
         ^~~~~~~
In file included from xtime_l.c:49:
xtime_l.h:87:9: note: #pragma message: For the sleep routines, Global timer is being used
 #pragma message ("For the sleep routines, Global timer is being used")
         ^~~~~~~
In file included from sleep.c:53:
xtime_l.h:87:9: note: #pragma message: For the sleep routines, Global timer is being used
 #pragma message ("For the sleep routines, Global timer is being used")
         ^~~~~~~
"Running Make libs in ps7_cortexa9_0/libsrc/uartps_v3_7/src"
make -C ps7_cortexa9_0/libsrc/uartps_v3_7/src -s libs  "SHELL=CMD" "COMPILER=arm-none-eabi-gcc" "ARCHIVER=arm-none-eabi-ar" "COMPILER_FLAGS=  -O2 -c" "EXTRA_COMPILER_FLAGS=-mcpu=cortex-a9 -mfpu=vfpv3 -mfloat-abi=hard -nostartfiles -g -Wall -Wextra"
"Compiling uartps"
"Running Make libs in ps7_cortexa9_0/libsrc/xadcps_v2_3/src"
make -C ps7_cortexa9_0/libsrc/xadcps_v2_3/src -s libs  "SHELL=CMD" "COMPILER=arm-none-eabi-gcc" "ARCHIVER=arm-none-eabi-ar" "COMPILER_FLAGS=  -O2 -c" "EXTRA_COMPILER_FLAGS=-mcpu=cortex-a9 -mfpu=vfpv3 -mfloat-abi=hard -nostartfiles -g -Wall -Wextra"
"Compiling xadcps"
'Finished building libraries'
01:05:45 **** Build of configuration Debug for project lab9_31point ****
make pre-build main-build 
a9-linaro-pre-build-step
' '
'Building file: ../src/helloworld.c'
'Invoking: ARM v7 gcc compiler'
arm-none-eabi-gcc -Wall -O0 -g3 -c -fmessage-length=0 -MT"src/helloworld.o" -mcpu=cortex-a9 -mfpu=vfpv3 -mfloat-abi=hard -I../../lab9_31point_bsp/ps7_cortexa9_0/include -MMD -MP -MF"src/helloworld.d" -MT"src/helloworld.o" -o "src/helloworld.o" "../src/helloworld.c"
'Finished building: ../src/helloworld.c'
' '
'Building file: ../src/platform.c'
'Invoking: ARM v7 gcc compiler'
arm-none-eabi-gcc -Wall -O0 -g3 -c -fmessage-length=0 -MT"src/platform.o" -mcpu=cortex-a9 -mfpu=vfpv3 -mfloat-abi=hard -I../../lab9_31point_bsp/ps7_cortexa9_0/include -MMD -MP -MF"src/platform.d" -MT"src/platform.o" -o "src/platform.o" "../src/platform.c"
'Finished building: ../src/platform.c'
' '
'Building target: lab9_31point.elf'
'Invoking: ARM v7 gcc linker'
arm-none-eabi-gcc -mcpu=cortex-a9 -mfpu=vfpv3 -mfloat-abi=hard -Wl,-build-id=none -specs=Xilinx.spec -Wl,-T -Wl,../src/lscript.ld -L../../lab9_31point_bsp/ps7_cortexa9_0/lib -o "lab9_31point.elf"  ./src/helloworld.o ./src/platform.o   -lm -Wl,--start-group,-lxil,-lgcc,-lc,--end-group
'Finished building target: lab9_31point.elf'
' '
'Invoking: ARM v7 Print Size'
arm-none-eabi-size lab9_31point.elf  |tee "lab9_31point.elf.size"
   text	   data	    bss	    dec	    hex	filename
  19064	   1144	  22568	  42776	   a718	lab9_31point.elf
'Finished building: lab9_31point.elf.size'
' '
01:05:49 **** Build of configuration Debug for project lab9_32point ****
make pre-build main-build 
a9-linaro-pre-build-step
' '
'Building file: ../src/helloworld.c'
'Invoking: ARM v7 gcc compiler'
arm-none-eabi-gcc -Wall -O0 -g3 -c -fmessage-length=0 -MT"src/helloworld.o" -mcpu=cortex-a9 -mfpu=vfpv3 -mfloat-abi=hard -I../../lab9_32point_bsp/ps7_cortexa9_0/include -MMD -MP -MF"src/helloworld.d" -MT"src/helloworld.o" -o "src/helloworld.o" "../src/helloworld.c"
'Finished building: ../src/helloworld.c'
' '
'Building file: ../src/platform.c'
'Invoking: ARM v7 gcc compiler'
arm-none-eabi-gcc -Wall -O0 -g3 -c -fmessage-length=0 -MT"src/platform.o" -mcpu=cortex-a9 -mfpu=vfpv3 -mfloat-abi=hard -I../../lab9_32point_bsp/ps7_cortexa9_0/include -MMD -MP -MF"src/platform.d" -MT"src/platform.o" -o "src/platform.o" "../src/platform.c"
'Finished building: ../src/platform.c'
' '
'Building target: lab9_32point.elf'
'Invoking: ARM v7 gcc linker'
arm-none-eabi-gcc -mcpu=cortex-a9 -mfpu=vfpv3 -mfloat-abi=hard -Wl,-build-id=none -specs=Xilinx.spec -Wl,-T -Wl,../src/lscript.ld -L../../lab9_32point_bsp/ps7_cortexa9_0/lib -o "lab9_32point.elf"  ./src/helloworld.o ./src/platform.o   -Wl,--start-group,-lxil,-lgcc,-lc,--end-group
'Finished building target: lab9_32point.elf'
' '
'Invoking: ARM v7 Print Size'
arm-none-eabi-size lab9_32point.elf  |tee "lab9_32point.elf.size"
   text	   data	    bss	    dec	    hex	filename
  19064	   1144	  22568	  42776	   a718	lab9_32point.elf
'Finished building: lab9_32point.elf.size'
' '
01:06:11 **** Auto Build of project lab9_31point_bsp ****
make -k all 
"Running Make include in ps7_cortexa9_0/libsrc/axidma_v9_9/src"
make -C ps7_cortexa9_0/libsrc/axidma_v9_9/src -s include  "SHELL=CMD" "COMPILER=arm-none-eabi-gcc" "ARCHIVER=arm-none-eabi-ar" "COMPILER_FLAGS=  -O2 -c" "EXTRA_COMPILER_FLAGS=-mcpu=cortex-a9 -mfpu=vfpv3 -mfloat-abi=hard -nostartfiles -g -Wall -Wextra"
"Running Make include in ps7_cortexa9_0/libsrc/coresightps_dcc_v1_5/src"
make -C ps7_cortexa9_0/libsrc/coresightps_dcc_v1_5/src -s include  "SHELL=CMD" "COMPILER=arm-none-eabi-gcc" "ARCHIVER=arm-none-eabi-ar" "COMPILER_FLAGS=  -O2 -c" "EXTRA_COMPILER_FLAGS=-mcpu=cortex-a9 -mfpu=vfpv3 -mfloat-abi=hard -nostartfiles -g -Wall -Wextra"
"Running Make include in ps7_cortexa9_0/libsrc/cpu_cortexa9_v2_7/src"
make -C ps7_cortexa9_0/libsrc/cpu_cortexa9_v2_7/src -s include  "SHELL=CMD" "COMPILER=arm-none-eabi-gcc" "ARCHIVER=arm-none-eabi-ar" "COMPILER_FLAGS=  -O2 -c" "EXTRA_COMPILER_FLAGS=-mcpu=cortex-a9 -mfpu=vfpv3 -mfloat-abi=hard -nostartfiles -g -Wall -Wextra"
"Running Make include in ps7_cortexa9_0/libsrc/ddrps_v1_0/src"
make -C ps7_cortexa9_0/libsrc/ddrps_v1_0/src -s include  "SHELL=CMD" "COMPILER=arm-none-eabi-gcc" "ARCHIVER=arm-none-eabi-ar" "COMPILER_FLAGS=  -O2 -c" "EXTRA_COMPILER_FLAGS=-mcpu=cortex-a9 -mfpu=vfpv3 -mfloat-abi=hard -nostartfiles -g -Wall -Wextra"
"Running Make include in ps7_cortexa9_0/libsrc/devcfg_v3_5/src"
make -C ps7_cortexa9_0/libsrc/devcfg_v3_5/src -s include  "SHELL=CMD" "COMPILER=arm-none-eabi-gcc" "ARCHIVER=arm-none-eabi-ar" "COMPILER_FLAGS=  -O2 -c" "EXTRA_COMPILER_FLAGS=-mcpu=cortex-a9 -mfpu=vfpv3 -mfloat-abi=hard -nostartfiles -g -Wall -Wextra"
"Running Make include in ps7_cortexa9_0/libsrc/dmaps_v2_4/src"
make -C ps7_cortexa9_0/libsrc/dmaps_v2_4/src -s include  "SHELL=CMD" "COMPILER=arm-none-eabi-gcc" "ARCHIVER=arm-none-eabi-ar" "COMPILER_FLAGS=  -O2 -c" "EXTRA_COMPILER_FLAGS=-mcpu=cortex-a9 -mfpu=vfpv3 -mfloat-abi=hard -nostartfiles -g -Wall -Wextra"
"Running Make include in ps7_cortexa9_0/libsrc/gpiops_v3_5/src"
make -C ps7_cortexa9_0/libsrc/gpiops_v3_5/src -s include  "SHELL=CMD" "COMPILER=arm-none-eabi-gcc" "ARCHIVER=arm-none-eabi-ar" "COMPILER_FLAGS=  -O2 -c" "EXTRA_COMPILER_FLAGS=-mcpu=cortex-a9 -mfpu=vfpv3 -mfloat-abi=hard -nostartfiles -g -Wall -Wextra"
"Running Make include in ps7_cortexa9_0/libsrc/qspips_v3_6/src"
make -C ps7_cortexa9_0/libsrc/qspips_v3_6/src -s include  "SHELL=CMD" "COMPILER=arm-none-eabi-gcc" "ARCHIVER=arm-none-eabi-ar" "COMPILER_FLAGS=  -O2 -c" "EXTRA_COMPILER_FLAGS=-mcpu=cortex-a9 -mfpu=vfpv3 -mfloat-abi=hard -nostartfiles -g -Wall -Wextra"
"Running Make include in ps7_cortexa9_0/libsrc/scugic_v4_0/src"
make -C ps7_cortexa9_0/libsrc/scugic_v4_0/src -s include  "SHELL=CMD" "COMPILER=arm-none-eabi-gcc" "ARCHIVER=arm-none-eabi-ar" "COMPILER_FLAGS=  -O2 -c" "EXTRA_COMPILER_FLAGS=-mcpu=cortex-a9 -mfpu=vfpv3 -mfloat-abi=hard -nostartfiles -g -Wall -Wextra"
"Running Make include in ps7_cortexa9_0/libsrc/scutimer_v2_1/src"
make -C ps7_cortexa9_0/libsrc/scutimer_v2_1/src -s include  "SHELL=CMD" "COMPILER=arm-none-eabi-gcc" "ARCHIVER=arm-none-eabi-ar" "COMPILER_FLAGS=  -O2 -c" "EXTRA_COMPILER_FLAGS=-mcpu=cortex-a9 -mfpu=vfpv3 -mfloat-abi=hard -nostartfiles -g -Wall -Wextra"
"Running Make include in ps7_cortexa9_0/libsrc/scuwdt_v2_1/src"
make -C ps7_cortexa9_0/libsrc/scuwdt_v2_1/src -s include  "SHELL=CMD" "COMPILER=arm-none-eabi-gcc" "ARCHIVER=arm-none-eabi-ar" "COMPILER_FLAGS=  -O2 -c" "EXTRA_COMPILER_FLAGS=-mcpu=cortex-a9 -mfpu=vfpv3 -mfloat-abi=hard -nostartfiles -g -Wall -Wextra"
"Running Make include in ps7_cortexa9_0/libsrc/standalone_v7_0/src"
make -C ps7_cortexa9_0/libsrc/standalone_v7_0/src -s include  "SHELL=CMD" "COMPILER=arm-none-eabi-gcc" "ARCHIVER=arm-none-eabi-ar" "COMPILER_FLAGS=  -O2 -c" "EXTRA_COMPILER_FLAGS=-mcpu=cortex-a9 -mfpu=vfpv3 -mfloat-abi=hard -nostartfiles -g -Wall -Wextra"
"Running Make include in ps7_cortexa9_0/libsrc/uartps_v3_7/src"
make -C ps7_cortexa9_0/libsrc/uartps_v3_7/src -s include  "SHELL=CMD" "COMPILER=arm-none-eabi-gcc" "ARCHIVER=arm-none-eabi-ar" "COMPILER_FLAGS=  -O2 -c" "EXTRA_COMPILER_FLAGS=-mcpu=cortex-a9 -mfpu=vfpv3 -mfloat-abi=hard -nostartfiles -g -Wall -Wextra"
"Running Make include in ps7_cortexa9_0/libsrc/xadcps_v2_3/src"
make -C ps7_cortexa9_0/libsrc/xadcps_v2_3/src -s include  "SHELL=CMD" "COMPILER=arm-none-eabi-gcc" "ARCHIVER=arm-none-eabi-ar" "COMPILER_FLAGS=  -O2 -c" "EXTRA_COMPILER_FLAGS=-mcpu=cortex-a9 -mfpu=vfpv3 -mfloat-abi=hard -nostartfiles -g -Wall -Wextra"
"Running Make libs in ps7_cortexa9_0/libsrc/axidma_v9_9/src"
make -C ps7_cortexa9_0/libsrc/axidma_v9_9/src -s libs  "SHELL=CMD" "COMPILER=arm-none-eabi-gcc" "ARCHIVER=arm-none-eabi-ar" "COMPILER_FLAGS=  -O2 -c" "EXTRA_COMPILER_FLAGS=-mcpu=cortex-a9 -mfpu=vfpv3 -mfloat-abi=hard -nostartfiles -g -Wall -Wextra"
"Compiling axidma"
arm-none-eabi-ar: creating ../../../lib/libxil.a
"Running Make libs in ps7_cortexa9_0/libsrc/coresightps_dcc_v1_5/src"
make -C ps7_cortexa9_0/libsrc/coresightps_dcc_v1_5/src -s libs  "SHELL=CMD" "COMPILER=arm-none-eabi-gcc" "ARCHIVER=arm-none-eabi-ar" "COMPILER_FLAGS=  -O2 -c" "EXTRA_COMPILER_FLAGS=-mcpu=cortex-a9 -mfpu=vfpv3 -mfloat-abi=hard -nostartfiles -g -Wall -Wextra"
"Compiling coresightps_dcc"
"Running Make libs in ps7_cortexa9_0/libsrc/cpu_cortexa9_v2_7/src"
make -C ps7_cortexa9_0/libsrc/cpu_cortexa9_v2_7/src -s libs  "SHELL=CMD" "COMPILER=arm-none-eabi-gcc" "ARCHIVER=arm-none-eabi-ar" "COMPILER_FLAGS=  -O2 -c" "EXTRA_COMPILER_FLAGS=-mcpu=cortex-a9 -mfpu=vfpv3 -mfloat-abi=hard -nostartfiles -g -Wall -Wextra"
"Compiling cpu_cortexa9"
"Running Make libs in ps7_cortexa9_0/libsrc/ddrps_v1_0/src"
make -C ps7_cortexa9_0/libsrc/ddrps_v1_0/src -s libs  "SHELL=CMD" "COMPILER=arm-none-eabi-gcc" "ARCHIVER=arm-none-eabi-ar" "COMPILER_FLAGS=  -O2 -c" "EXTRA_COMPILER_FLAGS=-mcpu=cortex-a9 -mfpu=vfpv3 -mfloat-abi=hard -nostartfiles -g -Wall -Wextra"
"Compiling ddrps"
"Running Make libs in ps7_cortexa9_0/libsrc/devcfg_v3_5/src"
make -C ps7_cortexa9_0/libsrc/devcfg_v3_5/src -s libs  "SHELL=CMD" "COMPILER=arm-none-eabi-gcc" "ARCHIVER=arm-none-eabi-ar" "COMPILER_FLAGS=  -O2 -c" "EXTRA_COMPILER_FLAGS=-mcpu=cortex-a9 -mfpu=vfpv3 -mfloat-abi=hard -nostartfiles -g -Wall -Wextra"
"Compiling devcfg"
"Running Make libs in ps7_cortexa9_0/libsrc/dmaps_v2_4/src"
make -C ps7_cortexa9_0/libsrc/dmaps_v2_4/src -s libs  "SHELL=CMD" "COMPILER=arm-none-eabi-gcc" "ARCHIVER=arm-none-eabi-ar" "COMPILER_FLAGS=  -O2 -c" "EXTRA_COMPILER_FLAGS=-mcpu=cortex-a9 -mfpu=vfpv3 -mfloat-abi=hard -nostartfiles -g -Wall -Wextra"
"Compiling dmaps"
"Running Make libs in ps7_cortexa9_0/libsrc/gpiops_v3_5/src"
make -C ps7_cortexa9_0/libsrc/gpiops_v3_5/src -s libs  "SHELL=CMD" "COMPILER=arm-none-eabi-gcc" "ARCHIVER=arm-none-eabi-ar" "COMPILER_FLAGS=  -O2 -c" "EXTRA_COMPILER_FLAGS=-mcpu=cortex-a9 -mfpu=vfpv3 -mfloat-abi=hard -nostartfiles -g -Wall -Wextra"
"Compiling gpiops"
"Running Make libs in ps7_cortexa9_0/libsrc/qspips_v3_6/src"
make -C ps7_cortexa9_0/libsrc/qspips_v3_6/src -s libs  "SHELL=CMD" "COMPILER=arm-none-eabi-gcc" "ARCHIVER=arm-none-eabi-ar" "COMPILER_FLAGS=  -O2 -c" "EXTRA_COMPILER_FLAGS=-mcpu=cortex-a9 -mfpu=vfpv3 -mfloat-abi=hard -nostartfiles -g -Wall -Wextra"
"Compiling qspips"
"Running Make libs in ps7_cortexa9_0/libsrc/scugic_v4_0/src"
make -C ps7_cortexa9_0/libsrc/scugic_v4_0/src -s libs  "SHELL=CMD" "COMPILER=arm-none-eabi-gcc" "ARCHIVER=arm-none-eabi-ar" "COMPILER_FLAGS=  -O2 -c" "EXTRA_COMPILER_FLAGS=-mcpu=cortex-a9 -mfpu=vfpv3 -mfloat-abi=hard -nostartfiles -g -Wall -Wextra"
"Compiling scugic"
"Running Make libs in ps7_cortexa9_0/libsrc/scutimer_v2_1/src"
make -C ps7_cortexa9_0/libsrc/scutimer_v2_1/src -s libs  "SHELL=CMD" "COMPILER=arm-none-eabi-gcc" "ARCHIVER=arm-none-eabi-ar" "COMPILER_FLAGS=  -O2 -c" "EXTRA_COMPILER_FLAGS=-mcpu=cortex-a9 -mfpu=vfpv3 -mfloat-abi=hard -nostartfiles -g -Wall -Wextra"
"Compiling scutimer"
"Running Make libs in ps7_cortexa9_0/libsrc/scuwdt_v2_1/src"
make -C ps7_cortexa9_0/libsrc/scuwdt_v2_1/src -s libs  "SHELL=CMD" "COMPILER=arm-none-eabi-gcc" "ARCHIVER=arm-none-eabi-ar" "COMPILER_FLAGS=  -O2 -c" "EXTRA_COMPILER_FLAGS=-mcpu=cortex-a9 -mfpu=vfpv3 -mfloat-abi=hard -nostartfiles -g -Wall -Wextra"
"Compiling scuwdt"
"Running Make libs in ps7_cortexa9_0/libsrc/standalone_v7_0/src"
make -C ps7_cortexa9_0/libsrc/standalone_v7_0/src -s libs  "SHELL=CMD" "COMPILER=arm-none-eabi-gcc" "ARCHIVER=arm-none-eabi-ar" "COMPILER_FLAGS=  -O2 -c" "EXTRA_COMPILER_FLAGS=-mcpu=cortex-a9 -mfpu=vfpv3 -mfloat-abi=hard -nostartfiles -g -Wall -Wextra"
"Compiling standalone"
In file included from usleep.c:56:
xtime_l.h:87:9: note: #pragma message: For the sleep routines, Global timer is being used
 #pragma message ("For the sleep routines, Global timer is being used")
         ^~~~~~~
In file included from xil_sleeptimer.c:51:
xtime_l.h:87:9: note: #pragma message: For the sleep routines, Global timer is being used
 #pragma message ("For the sleep routines, Global timer is being used")
         ^~~~~~~
In file included from xtime_l.c:49:
xtime_l.h:87:9: note: #pragma message: For the sleep routines, Global timer is being used
 #pragma message ("For the sleep routines, Global timer is being used")
         ^~~~~~~
In file included from sleep.c:53:
xtime_l.h:87:9: note: #pragma message: For the sleep routines, Global timer is being used
 #pragma message ("For the sleep routines, Global timer is being used")
         ^~~~~~~
"Running Make libs in ps7_cortexa9_0/libsrc/uartps_v3_7/src"
make -C ps7_cortexa9_0/libsrc/uartps_v3_7/src -s libs  "SHELL=CMD" "COMPILER=arm-none-eabi-gcc" "ARCHIVER=arm-none-eabi-ar" "COMPILER_FLAGS=  -O2 -c" "EXTRA_COMPILER_FLAGS=-mcpu=cortex-a9 -mfpu=vfpv3 -mfloat-abi=hard -nostartfiles -g -Wall -Wextra"
"Compiling uartps"
"Running Make libs in ps7_cortexa9_0/libsrc/xadcps_v2_3/src"
make -C ps7_cortexa9_0/libsrc/xadcps_v2_3/src -s libs  "SHELL=CMD" "COMPILER=arm-none-eabi-gcc" "ARCHIVER=arm-none-eabi-ar" "COMPILER_FLAGS=  -O2 -c" "EXTRA_COMPILER_FLAGS=-mcpu=cortex-a9 -mfpu=vfpv3 -mfloat-abi=hard -nostartfiles -g -Wall -Wextra"
"Compiling xadcps"
'Finished building libraries'
01:07:10 **** Auto Build of configuration Debug for project lab9_31point ****
make pre-build main-build 
a9-linaro-pre-build-step
' '
'Building file: ../src/helloworld.c'
'Invoking: ARM v7 gcc compiler'
arm-none-eabi-gcc -Wall -O0 -g3 -c -fmessage-length=0 -MT"src/helloworld.o" -mcpu=cortex-a9 -mfpu=vfpv3 -mfloat-abi=hard -I../../lab9_31point_bsp/ps7_cortexa9_0/include -MMD -MP -MF"src/helloworld.d" -MT"src/helloworld.o" -o "src/helloworld.o" "../src/helloworld.c"
In file included from ../src/helloworld.c:3:
../../lab9_31point_bsp/ps7_cortexa9_0/include/xtime_l.h:87:9: note: #pragma message: For the sleep routines, Global timer is being used
 #pragma message ("For the sleep routines, Global timer is being used")
         ^~~~~~~
../src/helloworld.c: In function 'main':
../src/helloworld.c:73:16: warning: passing argument 1 of 'bitreverse' discards 'const' qualifier from pointer target type [-Wdiscarded-qualifiers]
     bitreverse(FFT_input, FFT_rev);
                ^~~~~~~~~
../src/helloworld.c:36:25: note: expected 'Complex *' {aka 'struct <anonymous> *'} but argument is of type 'const Complex *' {aka 'const struct <anonymous> *'}
 void bitreverse(Complex dataIn[N], Complex dataOut[N]) {
                 ~~~~~~~~^~~~~~~~~
../src/helloworld.c:96:16: warning: passing argument 1 of 'bitreverse' discards 'const' qualifier from pointer target type [-Wdiscarded-qualifiers]
     bitreverse(FFT_input, FFT_rev_sw);
                ^~~~~~~~~
../src/helloworld.c:36:25: note: expected 'Complex *' {aka 'struct <anonymous> *'} but argument is of type 'const Complex *' {aka 'const struct <anonymous> *'}
 void bitreverse(Complex dataIn[N], Complex dataOut[N]) {
                 ~~~~~~~~^~~~~~~~~
../src/helloworld.c:102:37: warning: format '%llu' expects argument of type 'long long unsigned int', but argument 2 has type 'int' [-Wformat=]
     printf("\nCOUNTS_PER_SECOND: %llu\n", COUNTS_PER_SECOND);
                                  ~~~^
                                  %u
'Finished building: ../src/helloworld.c'
' '
'Building file: ../src/platform.c'
'Invoking: ARM v7 gcc compiler'
arm-none-eabi-gcc -Wall -O0 -g3 -c -fmessage-length=0 -MT"src/platform.o" -mcpu=cortex-a9 -mfpu=vfpv3 -mfloat-abi=hard -I../../lab9_31point_bsp/ps7_cortexa9_0/include -MMD -MP -MF"src/platform.d" -MT"src/platform.o" -o "src/platform.o" "../src/platform.c"
'Finished building: ../src/platform.c'
' '
'Building target: lab9_31point.elf'
'Invoking: ARM v7 gcc linker'
arm-none-eabi-gcc -mcpu=cortex-a9 -mfpu=vfpv3 -mfloat-abi=hard -Wl,-build-id=none -specs=Xilinx.spec -Wl,-T -Wl,../src/lscript.ld -L../../lab9_31point_bsp/ps7_cortexa9_0/lib -o "lab9_31point.elf"  ./src/helloworld.o ./src/platform.o   -lm -Wl,--start-group,-lxil,-lgcc,-lc,--end-group
'Finished building target: lab9_31point.elf'
' '
'Invoking: ARM v7 Print Size'
arm-none-eabi-size lab9_31point.elf  |tee "lab9_31point.elf.size"
   text	   data	    bss	    dec	    hex	filename
  58976	   2584	  23328	  84888	  14b98	lab9_31point.elf
'Finished building: lab9_31point.elf.size'
' '
02:01:24 **** Clean-only build of configuration Debug for project lab9_32point ****
make clean 
rm -rf  ./src/helloworld.o ./src/platform.o  ./src/helloworld.d ./src/platform.d  lab9_32point.elf.size  lab9_32point.elf
' '
02:01:25 **** Auto Build of configuration Debug for project lab9_32point ****
make pre-build main-build 
a9-linaro-pre-build-step
' '
'Building file: ../src/helloworld.c'
'Invoking: ARM v7 gcc compiler'
arm-none-eabi-gcc -Wall -O0 -g3 -c -fmessage-length=0 -MT"src/helloworld.o" -mcpu=cortex-a9 -mfpu=vfpv3 -mfloat-abi=hard -I../../lab9_32point_bsp/ps7_cortexa9_0/include -MMD -MP -MF"src/helloworld.d" -MT"src/helloworld.o" -o "src/helloworld.o" "../src/helloworld.c"
In file included from ../src/helloworld.c:3:
../../lab9_32point_bsp/ps7_cortexa9_0/include/xtime_l.h:87:9: note: #pragma message: For the sleep routines, Global timer is being used
 #pragma message ("For the sleep routines, Global timer is being used")
         ^~~~~~~
../src/helloworld.c:43:5: warning: excess elements in array initializer
     {-1.0, 0.0}, {-0.98078528, 0.19509032}, {-0.92387953, 0.38268343}, {-0.83146961, 0.55557023},
     ^
../src/helloworld.c:43:5: note: (near initialization for 'W')
../src/helloworld.c:43:18: warning: excess elements in array initializer
     {-1.0, 0.0}, {-0.98078528, 0.19509032}, {-0.92387953, 0.38268343}, {-0.83146961, 0.55557023},
                  ^
../src/helloworld.c:43:18: note: (near initialization for 'W')
../src/helloworld.c:43:45: warning: excess elements in array initializer
     {-1.0, 0.0}, {-0.98078528, 0.19509032}, {-0.92387953, 0.38268343}, {-0.83146961, 0.55557023},
                                             ^
../src/helloworld.c:43:45: note: (near initialization for 'W')
../src/helloworld.c:43:72: warning: excess elements in array initializer
     {-1.0, 0.0}, {-0.98078528, 0.19509032}, {-0.92387953, 0.38268343}, {-0.83146961, 0.55557023},
                                                                        ^
../src/helloworld.c:43:72: note: (near initialization for 'W')
../src/helloworld.c:44:5: warning: excess elements in array initializer
     {-0.70710678, 0.70710678}, {-0.55557023, 0.83146961}, {-0.38268343, 0.92387953}, {-0.19509032, 0.98078528},
     ^
../src/helloworld.c:44:5: note: (near initialization for 'W')
../src/helloworld.c:44:32: warning: excess elements in array initializer
     {-0.70710678, 0.70710678}, {-0.55557023, 0.83146961}, {-0.38268343, 0.92387953}, {-0.19509032, 0.98078528},
                                ^
../src/helloworld.c:44:32: note: (near initialization for 'W')
../src/helloworld.c:44:59: warning: excess elements in array initializer
     {-0.70710678, 0.70710678}, {-0.55557023, 0.83146961}, {-0.38268343, 0.92387953}, {-0.19509032, 0.98078528},
                                                           ^
../src/helloworld.c:44:59: note: (near initialization for 'W')
../src/helloworld.c:44:86: warning: excess elements in array initializer
     {-0.70710678, 0.70710678}, {-0.55557023, 0.83146961}, {-0.38268343, 0.92387953}, {-0.19509032, 0.98078528},
                                                                                      ^
../src/helloworld.c:44:86: note: (near initialization for 'W')
../src/helloworld.c:45:5: warning: excess elements in array initializer
     {0.0, 1.0}, {0.19509032, 0.98078528}, {0.38268343, 0.92387953}, {0.55557023, 0.83146961},
     ^
../src/helloworld.c:45:5: note: (near initialization for 'W')
../src/helloworld.c:45:17: warning: excess elements in array initializer
     {0.0, 1.0}, {0.19509032, 0.98078528}, {0.38268343, 0.92387953}, {0.55557023, 0.83146961},
                 ^
../src/helloworld.c:45:17: note: (near initialization for 'W')
../src/helloworld.c:45:43: warning: excess elements in array initializer
     {0.0, 1.0}, {0.19509032, 0.98078528}, {0.38268343, 0.92387953}, {0.55557023, 0.83146961},
                                           ^
../src/helloworld.c:45:43: note: (near initialization for 'W')
../src/helloworld.c:45:69: warning: excess elements in array initializer
     {0.0, 1.0}, {0.19509032, 0.98078528}, {0.38268343, 0.92387953}, {0.55557023, 0.83146961},
                                                                     ^
../src/helloworld.c:45:69: note: (near initialization for 'W')
../src/helloworld.c:46:5: warning: excess elements in array initializer
     {0.70710678, 0.70710678}, {0.83146961, 0.55557023}, {0.92387953, 0.38268343}, {0.98078528, 0.19509032}
     ^
../src/helloworld.c:46:5: note: (near initialization for 'W')
../src/helloworld.c:46:31: warning: excess elements in array initializer
     {0.70710678, 0.70710678}, {0.83146961, 0.55557023}, {0.92387953, 0.38268343}, {0.98078528, 0.19509032}
                               ^
../src/helloworld.c:46:31: note: (near initialization for 'W')
../src/helloworld.c:46:57: warning: excess elements in array initializer
     {0.70710678, 0.70710678}, {0.83146961, 0.55557023}, {0.92387953, 0.38268343}, {0.98078528, 0.19509032}
                                                         ^
../src/helloworld.c:46:57: note: (near initialization for 'W')
../src/helloworld.c:46:83: warning: excess elements in array initializer
     {0.70710678, 0.70710678}, {0.83146961, 0.55557023}, {0.92387953, 0.38268343}, {0.98078528, 0.19509032}
                                                                                   ^
../src/helloworld.c:46:83: note: (near initialization for 'W')
../src/helloworld.c: In function 'main':
../src/helloworld.c:112:16: warning: passing argument 1 of 'bitreverse' discards 'const' qualifier from pointer target type [-Wdiscarded-qualifiers]
     bitreverse(FFT_input, FFT_rev);
                ^~~~~~~~~
../src/helloworld.c:50:25: note: expected 'Complex *' {aka 'struct <anonymous> *'} but argument is of type 'const Complex *' {aka 'const struct <anonymous> *'}
 void bitreverse(Complex dataIn[N], Complex dataOut[N]) {
                 ~~~~~~~~^~~~~~~~~
'Finished building: ../src/helloworld.c'
' '
'Building file: ../src/platform.c'
'Invoking: ARM v7 gcc compiler'
arm-none-eabi-gcc -Wall -O0 -g3 -c -fmessage-length=0 -MT"src/platform.o" -mcpu=cortex-a9 -mfpu=vfpv3 -mfloat-abi=hard -I../../lab9_32point_bsp/ps7_cortexa9_0/include -MMD -MP -MF"src/platform.d" -MT"src/platform.o" -o "src/platform.o" "../src/platform.c"
'Finished building: ../src/platform.c'
' '
'Building target: lab9_32point.elf'
'Invoking: ARM v7 gcc linker'
arm-none-eabi-gcc -mcpu=cortex-a9 -mfpu=vfpv3 -mfloat-abi=hard -Wl,-build-id=none -specs=Xilinx.spec -Wl,-T -Wl,../src/lscript.ld -L../../lab9_32point_bsp/ps7_cortexa9_0/lib -o "lab9_32point.elf"  ./src/helloworld.o ./src/platform.o   -Wl,--start-group,-lxil,-lgcc,-lc,--end-group
'Finished building target: lab9_32point.elf'
' '
'Invoking: ARM v7 Print Size'
arm-none-eabi-size lab9_32point.elf  |tee "lab9_32point.elf.size"
   text	   data	    bss	    dec	    hex	filename
  61488	   2584	  23328	  87400	  15568	lab9_32point.elf
'Finished building: lab9_32point.elf.size'
' '
02:05:16 **** Auto Build of configuration Debug for project lab9_32point ****
make pre-build main-build 
a9-linaro-pre-build-step
' '
'Building file: ../src/helloworld.c'
'Invoking: ARM v7 gcc compiler'
arm-none-eabi-gcc -Wall -O0 -g3 -c -fmessage-length=0 -MT"src/helloworld.o" -mcpu=cortex-a9 -mfpu=vfpv3 -mfloat-abi=hard -I../../lab9_32point_bsp/ps7_cortexa9_0/include -MMD -MP -MF"src/helloworld.d" -MT"src/helloworld.o" -o "src/helloworld.o" "../src/helloworld.c"
In file included from ../src/helloworld.c:3:
../../lab9_32point_bsp/ps7_cortexa9_0/include/xtime_l.h:87:9: note: #pragma message: For the sleep routines, Global timer is being used
 #pragma message ("For the sleep routines, Global timer is being used")
         ^~~~~~~
../src/helloworld.c:43:5: warning: excess elements in array initializer
     {-1.0, 0.0}, {-0.98078528, 0.19509032}, {-0.92387953, 0.38268343}, {-0.83146961, 0.55557023},
     ^
../src/helloworld.c:43:5: note: (near initialization for 'W')
../src/helloworld.c:43:18: warning: excess elements in array initializer
     {-1.0, 0.0}, {-0.98078528, 0.19509032}, {-0.92387953, 0.38268343}, {-0.83146961, 0.55557023},
                  ^
../src/helloworld.c:43:18: note: (near initialization for 'W')
../src/helloworld.c:43:45: warning: excess elements in array initializer
     {-1.0, 0.0}, {-0.98078528, 0.19509032}, {-0.92387953, 0.38268343}, {-0.83146961, 0.55557023},
                                             ^
../src/helloworld.c:43:45: note: (near initialization for 'W')
../src/helloworld.c:43:72: warning: excess elements in array initializer
     {-1.0, 0.0}, {-0.98078528, 0.19509032}, {-0.92387953, 0.38268343}, {-0.83146961, 0.55557023},
                                                                        ^
../src/helloworld.c:43:72: note: (near initialization for 'W')
../src/helloworld.c:44:5: warning: excess elements in array initializer
     {-0.70710678, 0.70710678}, {-0.55557023, 0.83146961}, {-0.38268343, 0.92387953}, {-0.19509032, 0.98078528},
     ^
../src/helloworld.c:44:5: note: (near initialization for 'W')
../src/helloworld.c:44:32: warning: excess elements in array initializer
     {-0.70710678, 0.70710678}, {-0.55557023, 0.83146961}, {-0.38268343, 0.92387953}, {-0.19509032, 0.98078528},
                                ^
../src/helloworld.c:44:32: note: (near initialization for 'W')
../src/helloworld.c:44:59: warning: excess elements in array initializer
     {-0.70710678, 0.70710678}, {-0.55557023, 0.83146961}, {-0.38268343, 0.92387953}, {-0.19509032, 0.98078528},
                                                           ^
../src/helloworld.c:44:59: note: (near initialization for 'W')
../src/helloworld.c:44:86: warning: excess elements in array initializer
     {-0.70710678, 0.70710678}, {-0.55557023, 0.83146961}, {-0.38268343, 0.92387953}, {-0.19509032, 0.98078528},
                                                                                      ^
../src/helloworld.c:44:86: note: (near initialization for 'W')
../src/helloworld.c:45:5: warning: excess elements in array initializer
     {0.0, 1.0}, {0.19509032, 0.98078528}, {0.38268343, 0.92387953}, {0.55557023, 0.83146961},
     ^
../src/helloworld.c:45:5: note: (near initialization for 'W')
../src/helloworld.c:45:17: warning: excess elements in array initializer
     {0.0, 1.0}, {0.19509032, 0.98078528}, {0.38268343, 0.92387953}, {0.55557023, 0.83146961},
                 ^
../src/helloworld.c:45:17: note: (near initialization for 'W')
../src/helloworld.c:45:43: warning: excess elements in array initializer
     {0.0, 1.0}, {0.19509032, 0.98078528}, {0.38268343, 0.92387953}, {0.55557023, 0.83146961},
                                           ^
../src/helloworld.c:45:43: note: (near initialization for 'W')
../src/helloworld.c:45:69: warning: excess elements in array initializer
     {0.0, 1.0}, {0.19509032, 0.98078528}, {0.38268343, 0.92387953}, {0.55557023, 0.83146961},
                                                                     ^
../src/helloworld.c:45:69: note: (near initialization for 'W')
../src/helloworld.c:46:5: warning: excess elements in array initializer
     {0.70710678, 0.70710678}, {0.83146961, 0.55557023}, {0.92387953, 0.38268343}, {0.98078528, 0.19509032}
     ^
../src/helloworld.c:46:5: note: (near initialization for 'W')
../src/helloworld.c:46:31: warning: excess elements in array initializer
     {0.70710678, 0.70710678}, {0.83146961, 0.55557023}, {0.92387953, 0.38268343}, {0.98078528, 0.19509032}
                               ^
../src/helloworld.c:46:31: note: (near initialization for 'W')
../src/helloworld.c:46:57: warning: excess elements in array initializer
     {0.70710678, 0.70710678}, {0.83146961, 0.55557023}, {0.92387953, 0.38268343}, {0.98078528, 0.19509032}
                                                         ^
../src/helloworld.c:46:57: note: (near initialization for 'W')
../src/helloworld.c:46:83: warning: excess elements in array initializer
     {0.70710678, 0.70710678}, {0.83146961, 0.55557023}, {0.92387953, 0.38268343}, {0.98078528, 0.19509032}
                                                                                   ^
../src/helloworld.c:46:83: note: (near initialization for 'W')
../src/helloworld.c: In function 'main':
../src/helloworld.c:112:16: warning: passing argument 1 of 'bitreverse' discards 'const' qualifier from pointer target type [-Wdiscarded-qualifiers]
     bitreverse(FFT_input, FFT_rev);
                ^~~~~~~~~
../src/helloworld.c:50:25: note: expected 'Complex *' {aka 'struct <anonymous> *'} but argument is of type 'const Complex *' {aka 'const struct <anonymous> *'}
 void bitreverse(Complex dataIn[N], Complex dataOut[N]) {
                 ~~~~~~~~^~~~~~~~~
'Finished building: ../src/helloworld.c'
' '
'Building target: lab9_32point.elf'
'Invoking: ARM v7 gcc linker'
arm-none-eabi-gcc -mcpu=cortex-a9 -mfpu=vfpv3 -mfloat-abi=hard -Wl,-build-id=none -specs=Xilinx.spec -Wl,-T -Wl,../src/lscript.ld -L../../lab9_32point_bsp/ps7_cortexa9_0/lib -o "lab9_32point.elf"  ./src/helloworld.o ./src/platform.o   -Wl,--start-group,-lxil,-lgcc,-lc,--end-group
'Finished building target: lab9_32point.elf'
' '
'Invoking: ARM v7 Print Size'
arm-none-eabi-size lab9_32point.elf  |tee "lab9_32point.elf.size"
   text	   data	    bss	    dec	    hex	filename
  61488	   2584	  23328	  87400	  15568	lab9_32point.elf
'Finished building: lab9_32point.elf.size'
' '
02:05:32 **** Incremental Build of configuration Debug for project lab9_32point ****
make pre-build main-build 
a9-linaro-pre-build-step
' '
make: Nothing to be done for 'main-build'.
02:29:27 **** Auto Build of project lab9_32point_bsp ****
make -k all 
"Running Make include in ps7_cortexa9_0/libsrc/axidma_v9_9/src"
make -C ps7_cortexa9_0/libsrc/axidma_v9_9/src -s include  "SHELL=CMD" "COMPILER=arm-none-eabi-gcc" "ARCHIVER=arm-none-eabi-ar" "COMPILER_FLAGS=  -O2 -c" "EXTRA_COMPILER_FLAGS=-mcpu=cortex-a9 -mfpu=vfpv3 -mfloat-abi=hard -nostartfiles -g -Wall -Wextra"
"Running Make include in ps7_cortexa9_0/libsrc/coresightps_dcc_v1_5/src"
make -C ps7_cortexa9_0/libsrc/coresightps_dcc_v1_5/src -s include  "SHELL=CMD" "COMPILER=arm-none-eabi-gcc" "ARCHIVER=arm-none-eabi-ar" "COMPILER_FLAGS=  -O2 -c" "EXTRA_COMPILER_FLAGS=-mcpu=cortex-a9 -mfpu=vfpv3 -mfloat-abi=hard -nostartfiles -g -Wall -Wextra"
"Running Make include in ps7_cortexa9_0/libsrc/cpu_cortexa9_v2_7/src"
make -C ps7_cortexa9_0/libsrc/cpu_cortexa9_v2_7/src -s include  "SHELL=CMD" "COMPILER=arm-none-eabi-gcc" "ARCHIVER=arm-none-eabi-ar" "COMPILER_FLAGS=  -O2 -c" "EXTRA_COMPILER_FLAGS=-mcpu=cortex-a9 -mfpu=vfpv3 -mfloat-abi=hard -nostartfiles -g -Wall -Wextra"
"Running Make include in ps7_cortexa9_0/libsrc/ddrps_v1_0/src"
make -C ps7_cortexa9_0/libsrc/ddrps_v1_0/src -s include  "SHELL=CMD" "COMPILER=arm-none-eabi-gcc" "ARCHIVER=arm-none-eabi-ar" "COMPILER_FLAGS=  -O2 -c" "EXTRA_COMPILER_FLAGS=-mcpu=cortex-a9 -mfpu=vfpv3 -mfloat-abi=hard -nostartfiles -g -Wall -Wextra"
"Running Make include in ps7_cortexa9_0/libsrc/devcfg_v3_5/src"
make -C ps7_cortexa9_0/libsrc/devcfg_v3_5/src -s include  "SHELL=CMD" "COMPILER=arm-none-eabi-gcc" "ARCHIVER=arm-none-eabi-ar" "COMPILER_FLAGS=  -O2 -c" "EXTRA_COMPILER_FLAGS=-mcpu=cortex-a9 -mfpu=vfpv3 -mfloat-abi=hard -nostartfiles -g -Wall -Wextra"
"Running Make include in ps7_cortexa9_0/libsrc/dmaps_v2_4/src"
make -C ps7_cortexa9_0/libsrc/dmaps_v2_4/src -s include  "SHELL=CMD" "COMPILER=arm-none-eabi-gcc" "ARCHIVER=arm-none-eabi-ar" "COMPILER_FLAGS=  -O2 -c" "EXTRA_COMPILER_FLAGS=-mcpu=cortex-a9 -mfpu=vfpv3 -mfloat-abi=hard -nostartfiles -g -Wall -Wextra"
"Running Make include in ps7_cortexa9_0/libsrc/gpiops_v3_5/src"
make -C ps7_cortexa9_0/libsrc/gpiops_v3_5/src -s include  "SHELL=CMD" "COMPILER=arm-none-eabi-gcc" "ARCHIVER=arm-none-eabi-ar" "COMPILER_FLAGS=  -O2 -c" "EXTRA_COMPILER_FLAGS=-mcpu=cortex-a9 -mfpu=vfpv3 -mfloat-abi=hard -nostartfiles -g -Wall -Wextra"
"Running Make include in ps7_cortexa9_0/libsrc/qspips_v3_6/src"
make -C ps7_cortexa9_0/libsrc/qspips_v3_6/src -s include  "SHELL=CMD" "COMPILER=arm-none-eabi-gcc" "ARCHIVER=arm-none-eabi-ar" "COMPILER_FLAGS=  -O2 -c" "EXTRA_COMPILER_FLAGS=-mcpu=cortex-a9 -mfpu=vfpv3 -mfloat-abi=hard -nostartfiles -g -Wall -Wextra"
"Running Make include in ps7_cortexa9_0/libsrc/scugic_v4_0/src"
make -C ps7_cortexa9_0/libsrc/scugic_v4_0/src -s include  "SHELL=CMD" "COMPILER=arm-none-eabi-gcc" "ARCHIVER=arm-none-eabi-ar" "COMPILER_FLAGS=  -O2 -c" "EXTRA_COMPILER_FLAGS=-mcpu=cortex-a9 -mfpu=vfpv3 -mfloat-abi=hard -nostartfiles -g -Wall -Wextra"
"Running Make include in ps7_cortexa9_0/libsrc/scutimer_v2_1/src"
make -C ps7_cortexa9_0/libsrc/scutimer_v2_1/src -s include  "SHELL=CMD" "COMPILER=arm-none-eabi-gcc" "ARCHIVER=arm-none-eabi-ar" "COMPILER_FLAGS=  -O2 -c" "EXTRA_COMPILER_FLAGS=-mcpu=cortex-a9 -mfpu=vfpv3 -mfloat-abi=hard -nostartfiles -g -Wall -Wextra"
"Running Make include in ps7_cortexa9_0/libsrc/scuwdt_v2_1/src"
make -C ps7_cortexa9_0/libsrc/scuwdt_v2_1/src -s include  "SHELL=CMD" "COMPILER=arm-none-eabi-gcc" "ARCHIVER=arm-none-eabi-ar" "COMPILER_FLAGS=  -O2 -c" "EXTRA_COMPILER_FLAGS=-mcpu=cortex-a9 -mfpu=vfpv3 -mfloat-abi=hard -nostartfiles -g -Wall -Wextra"
"Running Make include in ps7_cortexa9_0/libsrc/standalone_v7_0/src"
make -C ps7_cortexa9_0/libsrc/standalone_v7_0/src -s include  "SHELL=CMD" "COMPILER=arm-none-eabi-gcc" "ARCHIVER=arm-none-eabi-ar" "COMPILER_FLAGS=  -O2 -c" "EXTRA_COMPILER_FLAGS=-mcpu=cortex-a9 -mfpu=vfpv3 -mfloat-abi=hard -nostartfiles -g -Wall -Wextra"
"Running Make include in ps7_cortexa9_0/libsrc/uartps_v3_7/src"
make -C ps7_cortexa9_0/libsrc/uartps_v3_7/src -s include  "SHELL=CMD" "COMPILER=arm-none-eabi-gcc" "ARCHIVER=arm-none-eabi-ar" "COMPILER_FLAGS=  -O2 -c" "EXTRA_COMPILER_FLAGS=-mcpu=cortex-a9 -mfpu=vfpv3 -mfloat-abi=hard -nostartfiles -g -Wall -Wextra"
"Running Make include in ps7_cortexa9_0/libsrc/xadcps_v2_3/src"
make -C ps7_cortexa9_0/libsrc/xadcps_v2_3/src -s include  "SHELL=CMD" "COMPILER=arm-none-eabi-gcc" "ARCHIVER=arm-none-eabi-ar" "COMPILER_FLAGS=  -O2 -c" "EXTRA_COMPILER_FLAGS=-mcpu=cortex-a9 -mfpu=vfpv3 -mfloat-abi=hard -nostartfiles -g -Wall -Wextra"
"Running Make libs in ps7_cortexa9_0/libsrc/axidma_v9_9/src"
make -C ps7_cortexa9_0/libsrc/axidma_v9_9/src -s libs  "SHELL=CMD" "COMPILER=arm-none-eabi-gcc" "ARCHIVER=arm-none-eabi-ar" "COMPILER_FLAGS=  -O2 -c" "EXTRA_COMPILER_FLAGS=-mcpu=cortex-a9 -mfpu=vfpv3 -mfloat-abi=hard -nostartfiles -g -Wall -Wextra"
"Compiling axidma"
arm-none-eabi-ar: creating ../../../lib/libxil.a
"Running Make libs in ps7_cortexa9_0/libsrc/coresightps_dcc_v1_5/src"
make -C ps7_cortexa9_0/libsrc/coresightps_dcc_v1_5/src -s libs  "SHELL=CMD" "COMPILER=arm-none-eabi-gcc" "ARCHIVER=arm-none-eabi-ar" "COMPILER_FLAGS=  -O2 -c" "EXTRA_COMPILER_FLAGS=-mcpu=cortex-a9 -mfpu=vfpv3 -mfloat-abi=hard -nostartfiles -g -Wall -Wextra"
"Compiling coresightps_dcc"
"Running Make libs in ps7_cortexa9_0/libsrc/cpu_cortexa9_v2_7/src"
make -C ps7_cortexa9_0/libsrc/cpu_cortexa9_v2_7/src -s libs  "SHELL=CMD" "COMPILER=arm-none-eabi-gcc" "ARCHIVER=arm-none-eabi-ar" "COMPILER_FLAGS=  -O2 -c" "EXTRA_COMPILER_FLAGS=-mcpu=cortex-a9 -mfpu=vfpv3 -mfloat-abi=hard -nostartfiles -g -Wall -Wextra"
"Compiling cpu_cortexa9"
"Running Make libs in ps7_cortexa9_0/libsrc/ddrps_v1_0/src"
make -C ps7_cortexa9_0/libsrc/ddrps_v1_0/src -s libs  "SHELL=CMD" "COMPILER=arm-none-eabi-gcc" "ARCHIVER=arm-none-eabi-ar" "COMPILER_FLAGS=  -O2 -c" "EXTRA_COMPILER_FLAGS=-mcpu=cortex-a9 -mfpu=vfpv3 -mfloat-abi=hard -nostartfiles -g -Wall -Wextra"
"Compiling ddrps"
"Running Make libs in ps7_cortexa9_0/libsrc/devcfg_v3_5/src"
make -C ps7_cortexa9_0/libsrc/devcfg_v3_5/src -s libs  "SHELL=CMD" "COMPILER=arm-none-eabi-gcc" "ARCHIVER=arm-none-eabi-ar" "COMPILER_FLAGS=  -O2 -c" "EXTRA_COMPILER_FLAGS=-mcpu=cortex-a9 -mfpu=vfpv3 -mfloat-abi=hard -nostartfiles -g -Wall -Wextra"
"Compiling devcfg"
"Running Make libs in ps7_cortexa9_0/libsrc/dmaps_v2_4/src"
make -C ps7_cortexa9_0/libsrc/dmaps_v2_4/src -s libs  "SHELL=CMD" "COMPILER=arm-none-eabi-gcc" "ARCHIVER=arm-none-eabi-ar" "COMPILER_FLAGS=  -O2 -c" "EXTRA_COMPILER_FLAGS=-mcpu=cortex-a9 -mfpu=vfpv3 -mfloat-abi=hard -nostartfiles -g -Wall -Wextra"
"Compiling dmaps"
"Running Make libs in ps7_cortexa9_0/libsrc/gpiops_v3_5/src"
make -C ps7_cortexa9_0/libsrc/gpiops_v3_5/src -s libs  "SHELL=CMD" "COMPILER=arm-none-eabi-gcc" "ARCHIVER=arm-none-eabi-ar" "COMPILER_FLAGS=  -O2 -c" "EXTRA_COMPILER_FLAGS=-mcpu=cortex-a9 -mfpu=vfpv3 -mfloat-abi=hard -nostartfiles -g -Wall -Wextra"
"Compiling gpiops"
"Running Make libs in ps7_cortexa9_0/libsrc/qspips_v3_6/src"
make -C ps7_cortexa9_0/libsrc/qspips_v3_6/src -s libs  "SHELL=CMD" "COMPILER=arm-none-eabi-gcc" "ARCHIVER=arm-none-eabi-ar" "COMPILER_FLAGS=  -O2 -c" "EXTRA_COMPILER_FLAGS=-mcpu=cortex-a9 -mfpu=vfpv3 -mfloat-abi=hard -nostartfiles -g -Wall -Wextra"
"Compiling qspips"
"Running Make libs in ps7_cortexa9_0/libsrc/scugic_v4_0/src"
make -C ps7_cortexa9_0/libsrc/scugic_v4_0/src -s libs  "SHELL=CMD" "COMPILER=arm-none-eabi-gcc" "ARCHIVER=arm-none-eabi-ar" "COMPILER_FLAGS=  -O2 -c" "EXTRA_COMPILER_FLAGS=-mcpu=cortex-a9 -mfpu=vfpv3 -mfloat-abi=hard -nostartfiles -g -Wall -Wextra"
"Compiling scugic"
"Running Make libs in ps7_cortexa9_0/libsrc/scutimer_v2_1/src"
make -C ps7_cortexa9_0/libsrc/scutimer_v2_1/src -s libs  "SHELL=CMD" "COMPILER=arm-none-eabi-gcc" "ARCHIVER=arm-none-eabi-ar" "COMPILER_FLAGS=  -O2 -c" "EXTRA_COMPILER_FLAGS=-mcpu=cortex-a9 -mfpu=vfpv3 -mfloat-abi=hard -nostartfiles -g -Wall -Wextra"
"Compiling scutimer"
"Running Make libs in ps7_cortexa9_0/libsrc/scuwdt_v2_1/src"
make -C ps7_cortexa9_0/libsrc/scuwdt_v2_1/src -s libs  "SHELL=CMD" "COMPILER=arm-none-eabi-gcc" "ARCHIVER=arm-none-eabi-ar" "COMPILER_FLAGS=  -O2 -c" "EXTRA_COMPILER_FLAGS=-mcpu=cortex-a9 -mfpu=vfpv3 -mfloat-abi=hard -nostartfiles -g -Wall -Wextra"
"Compiling scuwdt"
"Running Make libs in ps7_cortexa9_0/libsrc/standalone_v7_0/src"
make -C ps7_cortexa9_0/libsrc/standalone_v7_0/src -s libs  "SHELL=CMD" "COMPILER=arm-none-eabi-gcc" "ARCHIVER=arm-none-eabi-ar" "COMPILER_FLAGS=  -O2 -c" "EXTRA_COMPILER_FLAGS=-mcpu=cortex-a9 -mfpu=vfpv3 -mfloat-abi=hard -nostartfiles -g -Wall -Wextra"
"Compiling standalone"
In file included from usleep.c:56:
xtime_l.h:87:9: note: #pragma message: For the sleep routines, Global timer is being used
 #pragma message ("For the sleep routines, Global timer is being used")
         ^~~~~~~
In file included from xil_sleeptimer.c:51:
xtime_l.h:87:9: note: #pragma message: For the sleep routines, Global timer is being used
 #pragma message ("For the sleep routines, Global timer is being used")
         ^~~~~~~
In file included from xtime_l.c:49:
xtime_l.h:87:9: note: #pragma message: For the sleep routines, Global timer is being used
 #pragma message ("For the sleep routines, Global timer is being used")
         ^~~~~~~
In file included from sleep.c:53:
xtime_l.h:87:9: note: #pragma message: For the sleep routines, Global timer is being used
 #pragma message ("For the sleep routines, Global timer is being used")
         ^~~~~~~
"Running Make libs in ps7_cortexa9_0/libsrc/uartps_v3_7/src"
make -C ps7_cortexa9_0/libsrc/uartps_v3_7/src -s libs  "SHELL=CMD" "COMPILER=arm-none-eabi-gcc" "ARCHIVER=arm-none-eabi-ar" "COMPILER_FLAGS=  -O2 -c" "EXTRA_COMPILER_FLAGS=-mcpu=cortex-a9 -mfpu=vfpv3 -mfloat-abi=hard -nostartfiles -g -Wall -Wextra"
"Compiling uartps"
"Running Make libs in ps7_cortexa9_0/libsrc/xadcps_v2_3/src"
make -C ps7_cortexa9_0/libsrc/xadcps_v2_3/src -s libs  "SHELL=CMD" "COMPILER=arm-none-eabi-gcc" "ARCHIVER=arm-none-eabi-ar" "COMPILER_FLAGS=  -O2 -c" "EXTRA_COMPILER_FLAGS=-mcpu=cortex-a9 -mfpu=vfpv3 -mfloat-abi=hard -nostartfiles -g -Wall -Wextra"
"Compiling xadcps"
'Finished building libraries'
02:30:06 **** Clean-only build of configuration Debug for project lab9_32point ****
make clean 
rm -rf  ./src/helloworld.o ./src/platform.o  ./src/helloworld.d ./src/platform.d  lab9_32point.elf.size  lab9_32point.elf
' '
02:30:07 **** Auto Build of configuration Debug for project lab9_32point ****
make pre-build main-build 
a9-linaro-pre-build-step
' '
'Building file: ../src/helloworld.c'
'Invoking: ARM v7 gcc compiler'
arm-none-eabi-gcc -Wall -O0 -g3 -c -fmessage-length=0 -MT"src/helloworld.o" -mcpu=cortex-a9 -mfpu=vfpv3 -mfloat-abi=hard -I../../lab9_32point_bsp/ps7_cortexa9_0/include -MMD -MP -MF"src/helloworld.d" -MT"src/helloworld.o" -o "src/helloworld.o" "../src/helloworld.c"
In file included from ../src/helloworld.c:4:
../../lab9_32point_bsp/ps7_cortexa9_0/include/xtime_l.h:87:9: note: #pragma message: For the sleep routines, Global timer is being used
 #pragma message ("For the sleep routines, Global timer is being used")
         ^~~~~~~
'Finished building: ../src/helloworld.c'
' '
'Building file: ../src/platform.c'
'Invoking: ARM v7 gcc compiler'
arm-none-eabi-gcc -Wall -O0 -g3 -c -fmessage-length=0 -MT"src/platform.o" -mcpu=cortex-a9 -mfpu=vfpv3 -mfloat-abi=hard -I../../lab9_32point_bsp/ps7_cortexa9_0/include -MMD -MP -MF"src/platform.d" -MT"src/platform.o" -o "src/platform.o" "../src/platform.c"
'Finished building: ../src/platform.c'
' '
'Building target: lab9_32point.elf'
'Invoking: ARM v7 gcc linker'
arm-none-eabi-gcc -mcpu=cortex-a9 -mfpu=vfpv3 -mfloat-abi=hard -Wl,-build-id=none -specs=Xilinx.spec -Wl,-T -Wl,../src/lscript.ld -L../../lab9_32point_bsp/ps7_cortexa9_0/lib -o "lab9_32point.elf"  ./src/helloworld.o ./src/platform.o   -lm -Wl,--start-group,-lxil,-lgcc,-lc,--end-group
'Finished building target: lab9_32point.elf'
' '
'Invoking: ARM v7 Print Size'
arm-none-eabi-size lab9_32point.elf  |tee "lab9_32point.elf.size"
   text	   data	    bss	    dec	    hex	filename
  64180	   2584	  23584	  90348	  160ec	lab9_32point.elf
'Finished building: lab9_32point.elf.size'
' '
02:30:46 **** Auto Build of configuration Debug for project lab9_32point ****
make pre-build main-build 
a9-linaro-pre-build-step
' '
'Building file: ../src/helloworld.c'
'Invoking: ARM v7 gcc compiler'
arm-none-eabi-gcc -Wall -O0 -g3 -c -fmessage-length=0 -MT"src/helloworld.o" -mcpu=cortex-a9 -mfpu=vfpv3 -mfloat-abi=hard -I../../lab9_32point_bsp/ps7_cortexa9_0/include -MMD -MP -MF"src/helloworld.d" -MT"src/helloworld.o" -o "src/helloworld.o" "../src/helloworld.c"
In file included from ../src/helloworld.c:4:
../../lab9_32point_bsp/ps7_cortexa9_0/include/xtime_l.h:87:9: note: #pragma message: For the sleep routines, Global timer is being used
 #pragma message ("For the sleep routines, Global timer is being used")
         ^~~~~~~
'Finished building: ../src/helloworld.c'
' '
'Building target: lab9_32point.elf'
'Invoking: ARM v7 gcc linker'
arm-none-eabi-gcc -mcpu=cortex-a9 -mfpu=vfpv3 -mfloat-abi=hard -Wl,-build-id=none -specs=Xilinx.spec -Wl,-T -Wl,../src/lscript.ld -L../../lab9_32point_bsp/ps7_cortexa9_0/lib -o "lab9_32point.elf"  ./src/helloworld.o ./src/platform.o   -lm -Wl,--start-group,-lxil,-lgcc,-lc,--end-group
'Finished building target: lab9_32point.elf'
' '
'Invoking: ARM v7 Print Size'
arm-none-eabi-size lab9_32point.elf  |tee "lab9_32point.elf.size"
   text	   data	    bss	    dec	    hex	filename
  64052	   2584	  23456	  90092	  15fec	lab9_32point.elf
'Finished building: lab9_32point.elf.size'
' '
02:33:08 **** Incremental Build of configuration Debug for project lab9_32point ****
make pre-build main-build 
a9-linaro-pre-build-step
' '
make: Nothing to be done for 'main-build'.
19:43:34 **** Auto Build of configuration Debug for project lab9_32point ****
make pre-build main-build 
a9-linaro-pre-build-step
' '
'Building file: ../src/helloworld.c'
'Invoking: ARM v7 gcc compiler'
arm-none-eabi-gcc -Wall -O0 -g3 -c -fmessage-length=0 -MT"src/helloworld.o" -mcpu=cortex-a9 -mfpu=vfpv3 -mfloat-abi=hard -I../../lab9_32point_bsp/ps7_cortexa9_0/include -MMD -MP -MF"src/helloworld.d" -MT"src/helloworld.o" -o "src/helloworld.o" "../src/helloworld.c"
In file included from ../src/helloworld.c:4:
../../lab9_32point_bsp/ps7_cortexa9_0/include/xtime_l.h:87:9: note: #pragma message: For the sleep routines, Global timer is being used
 #pragma message ("For the sleep routines, Global timer is being used")
         ^~~~~~~
'Finished building: ../src/helloworld.c'
' '
'Building target: lab9_32point.elf'
'Invoking: ARM v7 gcc linker'
arm-none-eabi-gcc -mcpu=cortex-a9 -mfpu=vfpv3 -mfloat-abi=hard -Wl,-build-id=none -specs=Xilinx.spec -Wl,-T -Wl,../src/lscript.ld -L../../lab9_32point_bsp/ps7_cortexa9_0/lib -o "lab9_32point.elf"  ./src/helloworld.o ./src/platform.o   -lm -Wl,--start-group,-lxil,-lgcc,-lc,--end-group
'Finished building target: lab9_32point.elf'
' '
'Invoking: ARM v7 Print Size'
arm-none-eabi-size lab9_32point.elf  |tee "lab9_32point.elf.size"
   text	   data	    bss	    dec	    hex	filename
  64180	   2584	  23584	  90348	  160ec	lab9_32point.elf
'Finished building: lab9_32point.elf.size'
' '
19:43:56 **** Auto Build of configuration Debug for project lab9_32point ****
make pre-build main-build 
a9-linaro-pre-build-step
' '
make: Nothing to be done for 'main-build'.
19:44:48 **** Auto Build of configuration Debug for project lab9_32point ****
make pre-build main-build 
a9-linaro-pre-build-step
' '
'Building file: ../src/helloworld.c'
'Invoking: ARM v7 gcc compiler'
arm-none-eabi-gcc -Wall -O0 -g3 -c -fmessage-length=0 -MT"src/helloworld.o" -mcpu=cortex-a9 -mfpu=vfpv3 -mfloat-abi=hard -I../../lab9_32point_bsp/ps7_cortexa9_0/include -MMD -MP -MF"src/helloworld.d" -MT"src/helloworld.o" -o "src/helloworld.o" "../src/helloworld.c"
In file included from ../src/helloworld.c:12:
../../lab9_32point_bsp/ps7_cortexa9_0/include/xtime_l.h:87:9: note: #pragma message: For the sleep routines, Global timer is being used
 #pragma message ("For the sleep routines, Global timer is being used")
         ^~~~~~~
../src/helloworld.c: In function 'FFT_stages':
../src/helloworld.c:73:9: warning: unused variable 'stage_offset' [-Wunused-variable]
     int stage_offset = 4;
         ^~~~~~~~~~~~
../src/helloworld.c: In function 'main':
../src/helloworld.c:118:16: warning: passing argument 1 of 'bitreverse' discards 'const' qualifier from pointer target type [-Wdiscarded-qualifiers]
     bitreverse(FFT_input, FFT_rev_sw);
                ^~~~~~~~~
../src/helloworld.c:48:31: note: expected '_Complex float *' but argument is of type 'const _Complex float *'
 void bitreverse(float complex dataIn[N], float complex dataOut[N]) {
                 ~~~~~~~~~~~~~~^~~~~~~~~
'Finished building: ../src/helloworld.c'
' '
'Building target: lab9_32point.elf'
'Invoking: ARM v7 gcc linker'
arm-none-eabi-gcc -mcpu=cortex-a9 -mfpu=vfpv3 -mfloat-abi=hard -Wl,-build-id=none -specs=Xilinx.spec -Wl,-T -Wl,../src/lscript.ld -L../../lab9_32point_bsp/ps7_cortexa9_0/lib -o "lab9_32point.elf"  ./src/helloworld.o ./src/platform.o   -lm -Wl,--start-group,-lxil,-lgcc,-lc,--end-group
'Finished building target: lab9_32point.elf'
' '
'Invoking: ARM v7 Print Size'
arm-none-eabi-size lab9_32point.elf  |tee "lab9_32point.elf.size"
   text	   data	    bss	    dec	    hex	filename
  71056	   2648	  23328	  97032	  17b08	lab9_32point.elf
'Finished building: lab9_32point.elf.size'
' '
19:47:09 **** Incremental Build of configuration Debug for project lab9_32point ****
make pre-build main-build 
a9-linaro-pre-build-step
' '
make: Nothing to be done for 'main-build'.
19:53:24 **** Auto Build of configuration Debug for project lab9_32point ****
make pre-build main-build 
a9-linaro-pre-build-step
' '
'Building file: ../src/helloworld.c'
'Invoking: ARM v7 gcc compiler'
arm-none-eabi-gcc -Wall -O0 -g3 -c -fmessage-length=0 -MT"src/helloworld.o" -mcpu=cortex-a9 -mfpu=vfpv3 -mfloat-abi=hard -I../../lab9_32point_bsp/ps7_cortexa9_0/include -MMD -MP -MF"src/helloworld.d" -MT"src/helloworld.o" -o "src/helloworld.o" "../src/helloworld.c"
In file included from ../src/helloworld.c:12:
../../lab9_32point_bsp/ps7_cortexa9_0/include/xtime_l.h:87:9: note: #pragma message: For the sleep routines, Global timer is being used
 #pragma message ("For the sleep routines, Global timer is being used")
         ^~~~~~~
../src/helloworld.c: In function 'main':
../src/helloworld.c:110:16: warning: passing argument 1 of 'bitreverse' discards 'const' qualifier from pointer target type [-Wdiscarded-qualifiers]
     bitreverse(FFT_input, FFT_rev_sw);
                ^~~~~~~~~
../src/helloworld.c:48:31: note: expected '_Complex float *' but argument is of type 'const _Complex float *'
 void bitreverse(float complex dataIn[N], float complex dataOut[N]) {
                 ~~~~~~~~~~~~~~^~~~~~~~~
'Finished building: ../src/helloworld.c'
' '
'Building target: lab9_32point.elf'
'Invoking: ARM v7 gcc linker'
arm-none-eabi-gcc -mcpu=cortex-a9 -mfpu=vfpv3 -mfloat-abi=hard -Wl,-build-id=none -specs=Xilinx.spec -Wl,-T -Wl,../src/lscript.ld -L../../lab9_32point_bsp/ps7_cortexa9_0/lib -o "lab9_32point.elf"  ./src/helloworld.o ./src/platform.o   -lm -Wl,--start-group,-lxil,-lgcc,-lc,--end-group
'Finished building target: lab9_32point.elf'
' '
'Invoking: ARM v7 Print Size'
arm-none-eabi-size lab9_32point.elf  |tee "lab9_32point.elf.size"
   text	   data	    bss	    dec	    hex	filename
  70160	   2648	  23328	  96136	  17788	lab9_32point.elf
'Finished building: lab9_32point.elf.size'
' '
19:54:11 **** Incremental Build of configuration Debug for project lab9_32point ****
make pre-build main-build 
a9-linaro-pre-build-step
' '
make: Nothing to be done for 'main-build'.
20:10:09 **** Auto Build of configuration Debug for project lab9_32point ****
make pre-build main-build 
a9-linaro-pre-build-step
' '
'Building file: ../src/helloworld.c'
'Invoking: ARM v7 gcc compiler'
arm-none-eabi-gcc -Wall -O0 -g3 -c -fmessage-length=0 -MT"src/helloworld.o" -mcpu=cortex-a9 -mfpu=vfpv3 -mfloat-abi=hard -I../../lab9_32point_bsp/ps7_cortexa9_0/include -MMD -MP -MF"src/helloworld.d" -MT"src/helloworld.o" -o "src/helloworld.o" "../src/helloworld.c"
In file included from ../src/helloworld.c:4:
../../lab9_32point_bsp/ps7_cortexa9_0/include/xtime_l.h:87:9: note: #pragma message: For the sleep routines, Global timer is being used
 #pragma message ("For the sleep routines, Global timer is being used")
         ^~~~~~~
'Finished building: ../src/helloworld.c'
' '
'Building target: lab9_32point.elf'
'Invoking: ARM v7 gcc linker'
arm-none-eabi-gcc -mcpu=cortex-a9 -mfpu=vfpv3 -mfloat-abi=hard -Wl,-build-id=none -specs=Xilinx.spec -Wl,-T -Wl,../src/lscript.ld -L../../lab9_32point_bsp/ps7_cortexa9_0/lib -o "lab9_32point.elf"  ./src/helloworld.o ./src/platform.o   -lm -Wl,--start-group,-lxil,-lgcc,-lc,--end-group
'Finished building target: lab9_32point.elf'
' '
'Invoking: ARM v7 Print Size'
arm-none-eabi-size lab9_32point.elf  |tee "lab9_32point.elf.size"
   text	   data	    bss	    dec	    hex	filename
  64052	   2584	  23456	  90092	  15fec	lab9_32point.elf
'Finished building: lab9_32point.elf.size'
' '
20:18:40 **** Incremental Build of configuration Debug for project lab9_32point ****
make pre-build main-build 
a9-linaro-pre-build-step
' '
make: Nothing to be done for 'main-build'.
20:19:47 **** Incremental Build of configuration Debug for project lab9_32point ****
make pre-build main-build 
a9-linaro-pre-build-step
' '
make: Nothing to be done for 'main-build'.
20:21:54 **** Incremental Build of configuration Debug for project lab9_32point ****
make pre-build main-build 
a9-linaro-pre-build-step
' '
make: Nothing to be done for 'main-build'.
20:23:33 **** Auto Build of configuration Debug for project lab9_32point ****
make pre-build main-build 
a9-linaro-pre-build-step
' '
'Building file: ../src/helloworld.c'
'Invoking: ARM v7 gcc compiler'
arm-none-eabi-gcc -Wall -O0 -g3 -c -fmessage-length=0 -MT"src/helloworld.o" -mcpu=cortex-a9 -mfpu=vfpv3 -mfloat-abi=hard -I../../lab9_32point_bsp/ps7_cortexa9_0/include -MMD -MP -MF"src/helloworld.d" -MT"src/helloworld.o" -o "src/helloworld.o" "../src/helloworld.c"
In file included from ../src/helloworld.c:4:
../../lab9_32point_bsp/ps7_cortexa9_0/include/xtime_l.h:87:9: note: #pragma message: For the sleep routines, Global timer is being used
 #pragma message ("For the sleep routines, Global timer is being used")
         ^~~~~~~
../src/helloworld.c: In function 'main':
../src/helloworld.c:137:12: warning: implicit declaration of function 'XAxiDma_Busy' [-Wimplicit-function-declaration]
     while (XAxiDma_Busy(&AxiDMA, XAXIDMA_DMA_TO_DEVICE));
            ^~~~~~~~~~~~
../src/helloworld.c:137:26: error: 'AxiDMA' undeclared (first use in this function)
     while (XAxiDma_Busy(&AxiDMA, XAXIDMA_DMA_TO_DEVICE));
                          ^~~~~~
../src/helloworld.c:137:26: note: each undeclared identifier is reported only once for each function it appears in
../src/helloworld.c:137:34: error: 'XAXIDMA_DMA_TO_DEVICE' undeclared (first use in this function); did you mean 'XPAR_AXI_DMA_0_DEVICE_ID'?
     while (XAxiDma_Busy(&AxiDMA, XAXIDMA_DMA_TO_DEVICE));
                                  ^~~~~~~~~~~~~~~~~~~~~
                                  XPAR_AXI_DMA_0_DEVICE_ID
../src/helloworld.c:138:34: error: 'XAXIDMA_DEVICE_TO_DMA' undeclared (first use in this function); did you mean 'XPAR_AXIDMA_0_MICRO_DMA'?
     while (XAxiDma_Busy(&AxiDMA, XAXIDMA_DEVICE_TO_DMA));
                                  ^~~~~~~~~~~~~~~~~~~~~
                                  XPAR_AXIDMA_0_MICRO_DMA
../src/helloworld.c:140:20: error: 'RPL_end_time' undeclared (first use in this function)
     XTime_GetTime(&RPL_end_time); // Get End Time
                    ^~~~~~~~~~~~
make: *** [src/subdir.mk:26: src/helloworld.o] Error 1
20:24:35 **** Incremental Build of configuration Debug for project lab9_32point ****
make pre-build main-build 
a9-linaro-pre-build-step
' '
'Building file: ../src/helloworld.c'
'Invoking: ARM v7 gcc compiler'
arm-none-eabi-gcc -Wall -O0 -g3 -c -fmessage-length=0 -MT"src/helloworld.o" -mcpu=cortex-a9 -mfpu=vfpv3 -mfloat-abi=hard -I../../lab9_32point_bsp/ps7_cortexa9_0/include -MMD -MP -MF"src/helloworld.d" -MT"src/helloworld.o" -o "src/helloworld.o" "../src/helloworld.c"
In file included from ../src/helloworld.c:4:
../../lab9_32point_bsp/ps7_cortexa9_0/include/xtime_l.h:87:9: note: #pragma message: For the sleep routines, Global timer is being used
 #pragma message ("For the sleep routines, Global timer is being used")
         ^~~~~~~
../src/helloworld.c: In function 'main':
../src/helloworld.c:137:12: warning: implicit declaration of function 'XAxiDma_Busy' [-Wimplicit-function-declaration]
     while (XAxiDma_Busy(&AxiDMA, XAXIDMA_DMA_TO_DEVICE));
            ^~~~~~~~~~~~
../src/helloworld.c:137:26: error: 'AxiDMA' undeclared (first use in this function)
     while (XAxiDma_Busy(&AxiDMA, XAXIDMA_DMA_TO_DEVICE));
                          ^~~~~~
../src/helloworld.c:137:26: note: each undeclared identifier is reported only once for each function it appears in
../src/helloworld.c:137:34: error: 'XAXIDMA_DMA_TO_DEVICE' undeclared (first use in this function); did you mean 'XPAR_AXI_DMA_0_DEVICE_ID'?
     while (XAxiDma_Busy(&AxiDMA, XAXIDMA_DMA_TO_DEVICE));
                                  ^~~~~~~~~~~~~~~~~~~~~
                                  XPAR_AXI_DMA_0_DEVICE_ID
../src/helloworld.c:138:34: error: 'XAXIDMA_DEVICE_TO_DMA' undeclared (first use in this function); did you mean 'XPAR_AXIDMA_0_MICRO_DMA'?
     while (XAxiDma_Busy(&AxiDMA, XAXIDMA_DEVICE_TO_DMA));
                                  ^~~~~~~~~~~~~~~~~~~~~
                                  XPAR_AXIDMA_0_MICRO_DMA
../src/helloworld.c:140:20: error: 'RPL_end_time' undeclared (first use in this function)
     XTime_GetTime(&RPL_end_time); // Get End Time
                    ^~~~~~~~~~~~
make: *** [src/subdir.mk:26: src/helloworld.o] Error 1
20:27:15 **** Auto Build of configuration Debug for project lab9_32point ****
make pre-build main-build 
a9-linaro-pre-build-step
' '
'Building file: ../src/helloworld.c'
'Invoking: ARM v7 gcc compiler'
arm-none-eabi-gcc -Wall -O0 -g3 -c -fmessage-length=0 -MT"src/helloworld.o" -mcpu=cortex-a9 -mfpu=vfpv3 -mfloat-abi=hard -I../../lab9_32point_bsp/ps7_cortexa9_0/include -MMD -MP -MF"src/helloworld.d" -MT"src/helloworld.o" -o "src/helloworld.o" "../src/helloworld.c"
In file included from ../src/helloworld.c:12:
../../lab9_32point_bsp/ps7_cortexa9_0/include/xtime_l.h:87:9: note: #pragma message: For the sleep routines, Global timer is being used
 #pragma message ("For the sleep routines, Global timer is being used")
         ^~~~~~~
../src/helloworld.c: In function 'main':
../src/helloworld.c:103:16: warning: passing argument 1 of 'bitreverse' discards 'const' qualifier from pointer target type [-Wdiscarded-qualifiers]
     bitreverse(FFT_input, FFT_rev_sw);
                ^~~~~~~~~
../src/helloworld.c:43:31: note: expected '_Complex float *' but argument is of type 'const _Complex float *'
 void bitreverse(float complex dataIn[N], float complex dataOut[N]) {
                 ~~~~~~~~~~~~~~^~~~~~~~~
'Finished building: ../src/helloworld.c'
' '
'Building target: lab9_32point.elf'
'Invoking: ARM v7 gcc linker'
arm-none-eabi-gcc -mcpu=cortex-a9 -mfpu=vfpv3 -mfloat-abi=hard -Wl,-build-id=none -specs=Xilinx.spec -Wl,-T -Wl,../src/lscript.ld -L../../lab9_32point_bsp/ps7_cortexa9_0/lib -o "lab9_32point.elf"  ./src/helloworld.o ./src/platform.o   -lm -Wl,--start-group,-lxil,-lgcc,-lc,--end-group
'Finished building target: lab9_32point.elf'
' '
'Invoking: ARM v7 Print Size'
arm-none-eabi-size lab9_32point.elf  |tee "lab9_32point.elf.size"
   text	   data	    bss	    dec	    hex	filename
  71184	   2648	  23328	  97160	  17b88	lab9_32point.elf
'Finished building: lab9_32point.elf.size'
' '
20:27:27 **** Incremental Build of configuration Debug for project lab9_32point ****
make pre-build main-build 
a9-linaro-pre-build-step
' '
make: Nothing to be done for 'main-build'.
20:29:46 **** Auto Build of configuration Debug for project lab9_32point ****
make pre-build main-build 
a9-linaro-pre-build-step
' '
'Building file: ../src/helloworld.c'
'Invoking: ARM v7 gcc compiler'
arm-none-eabi-gcc -Wall -O0 -g3 -c -fmessage-length=0 -MT"src/helloworld.o" -mcpu=cortex-a9 -mfpu=vfpv3 -mfloat-abi=hard -I../../lab9_32point_bsp/ps7_cortexa9_0/include -MMD -MP -MF"src/helloworld.d" -MT"src/helloworld.o" -o "src/helloworld.o" "../src/helloworld.c"
In file included from ../src/helloworld.c:12:
../../lab9_32point_bsp/ps7_cortexa9_0/include/xtime_l.h:87:9: note: #pragma message: For the sleep routines, Global timer is being used
 #pragma message ("For the sleep routines, Global timer is being used")
         ^~~~~~~
../src/helloworld.c: In function 'FFT_stages':
../src/helloworld.c:52:24: warning: variable 'group' set but not used [-Wunused-but-set-variable]
     int i, j, k, step, group, index;
                        ^~~~~
../src/helloworld.c:52:15: warning: unused variable 'k' [-Wunused-variable]
     int i, j, k, step, group, index;
               ^
../src/helloworld.c:51:39: warning: unused variable 'temp3' [-Wunused-variable]
     float complex temp1[N], temp2[N], temp3[N];
                                       ^~~~~
../src/helloworld.c:51:29: warning: variable 'temp2' set but not used [-Wunused-but-set-variable]
     float complex temp1[N], temp2[N], temp3[N];
                             ^~~~~
../src/helloworld.c: In function 'main':
../src/helloworld.c:97:16: warning: passing argument 1 of 'bitreverse' discards 'const' qualifier from pointer target type [-Wdiscarded-qualifiers]
     bitreverse(FFT_input, FFT_rev_sw);
                ^~~~~~~~~
../src/helloworld.c:43:31: note: expected '_Complex float *' but argument is of type 'const _Complex float *'
 void bitreverse(float complex dataIn[N], float complex dataOut[N]) {
                 ~~~~~~~~~~~~~~^~~~~~~~~
'Finished building: ../src/helloworld.c'
' '
'Building target: lab9_32point.elf'
'Invoking: ARM v7 gcc linker'
arm-none-eabi-gcc -mcpu=cortex-a9 -mfpu=vfpv3 -mfloat-abi=hard -Wl,-build-id=none -specs=Xilinx.spec -Wl,-T -Wl,../src/lscript.ld -L../../lab9_32point_bsp/ps7_cortexa9_0/lib -o "lab9_32point.elf"  ./src/helloworld.o ./src/platform.o   -lm -Wl,--start-group,-lxil,-lgcc,-lc,--end-group
'Finished building target: lab9_32point.elf'
' '
'Invoking: ARM v7 Print Size'
arm-none-eabi-size lab9_32point.elf  |tee "lab9_32point.elf.size"
   text	   data	    bss	    dec	    hex	filename
  70096	   2648	  23328	  96072	  17748	lab9_32point.elf
'Finished building: lab9_32point.elf.size'
' '
20:31:15 **** Auto Build of configuration Debug for project lab9_32point ****
make pre-build main-build 
a9-linaro-pre-build-step
' '
'Building file: ../src/helloworld.c'
'Invoking: ARM v7 gcc compiler'
arm-none-eabi-gcc -Wall -O0 -g3 -c -fmessage-length=0 -MT"src/helloworld.o" -mcpu=cortex-a9 -mfpu=vfpv3 -mfloat-abi=hard -I../../lab9_32point_bsp/ps7_cortexa9_0/include -MMD -MP -MF"src/helloworld.d" -MT"src/helloworld.o" -o "src/helloworld.o" "../src/helloworld.c"
In file included from ../src/helloworld.c:12:
../../lab9_32point_bsp/ps7_cortexa9_0/include/xtime_l.h:87:9: note: #pragma message: For the sleep routines, Global timer is being used
 #pragma message ("For the sleep routines, Global timer is being used")
         ^~~~~~~
../src/helloworld.c: In function 'FFT_stages':
../src/helloworld.c:52:24: warning: variable 'group' set but not used [-Wunused-but-set-variable]
     int i, j, k, step, group, index;
                        ^~~~~
../src/helloworld.c:52:15: warning: unused variable 'k' [-Wunused-variable]
     int i, j, k, step, group, index;
               ^
../src/helloworld.c:51:39: warning: unused variable 'temp3' [-Wunused-variable]
     float complex temp1[N], temp2[N], temp3[N];
                                       ^~~~~
../src/helloworld.c:51:29: warning: variable 'temp2' set but not used [-Wunused-but-set-variable]
     float complex temp1[N], temp2[N], temp3[N];
                             ^~~~~
../src/helloworld.c: In function 'main':
../src/helloworld.c:97:16: warning: passing argument 1 of 'bitreverse' discards 'const' qualifier from pointer target type [-Wdiscarded-qualifiers]
     bitreverse(FFT_input, FFT_rev_sw);
                ^~~~~~~~~
../src/helloworld.c:43:31: note: expected '_Complex float *' but argument is of type 'const _Complex float *'
 void bitreverse(float complex dataIn[N], float complex dataOut[N]) {
                 ~~~~~~~~~~~~~~^~~~~~~~~
'Finished building: ../src/helloworld.c'
' '
'Building target: lab9_32point.elf'
'Invoking: ARM v7 gcc linker'
arm-none-eabi-gcc -mcpu=cortex-a9 -mfpu=vfpv3 -mfloat-abi=hard -Wl,-build-id=none -specs=Xilinx.spec -Wl,-T -Wl,../src/lscript.ld -L../../lab9_32point_bsp/ps7_cortexa9_0/lib -o "lab9_32point.elf"  ./src/helloworld.o ./src/platform.o   -lm -Wl,--start-group,-lxil,-lgcc,-lc,--end-group
'Finished building target: lab9_32point.elf'
' '
'Invoking: ARM v7 Print Size'
arm-none-eabi-size lab9_32point.elf  |tee "lab9_32point.elf.size"
   text	   data	    bss	    dec	    hex	filename
  70096	   2648	  23328	  96072	  17748	lab9_32point.elf
'Finished building: lab9_32point.elf.size'
' '
20:31:25 **** Incremental Build of configuration Debug for project lab9_32point ****
make pre-build main-build 
a9-linaro-pre-build-step
' '
make: Nothing to be done for 'main-build'.
20:33:35 **** Auto Build of configuration Debug for project lab9_32point ****
make pre-build main-build 
a9-linaro-pre-build-step
' '
'Building file: ../src/helloworld.c'
'Invoking: ARM v7 gcc compiler'
arm-none-eabi-gcc -Wall -O0 -g3 -c -fmessage-length=0 -MT"src/helloworld.o" -mcpu=cortex-a9 -mfpu=vfpv3 -mfloat-abi=hard -I../../lab9_32point_bsp/ps7_cortexa9_0/include -MMD -MP -MF"src/helloworld.d" -MT"src/helloworld.o" -o "src/helloworld.o" "../src/helloworld.c"
In file included from ../src/helloworld.c:12:
../../lab9_32point_bsp/ps7_cortexa9_0/include/xtime_l.h:87:9: note: #pragma message: For the sleep routines, Global timer is being used
 #pragma message ("For the sleep routines, Global timer is being used")
         ^~~~~~~
../src/helloworld.c: In function 'FFT_stages':
../src/helloworld.c:52:15: warning: variable 'group' set but not used [-Wunused-but-set-variable]
     int step, group, index, twiddleIndex;
               ^~~~~
../src/helloworld.c:51:39: warning: unused variable 'temp3' [-Wunused-variable]
     float complex temp1[N], temp2[N], temp3[N];
                                       ^~~~~
../src/helloworld.c:51:29: warning: variable 'temp2' set but not used [-Wunused-but-set-variable]
     float complex temp1[N], temp2[N], temp3[N];
                             ^~~~~
../src/helloworld.c: In function 'main':
../src/helloworld.c:98:16: warning: passing argument 1 of 'bitreverse' discards 'const' qualifier from pointer target type [-Wdiscarded-qualifiers]
     bitreverse(FFT_input, FFT_rev_sw);
                ^~~~~~~~~
../src/helloworld.c:43:31: note: expected '_Complex float *' but argument is of type 'const _Complex float *'
 void bitreverse(float complex dataIn[N], float complex dataOut[N]) {
                 ~~~~~~~~~~~~~~^~~~~~~~~
'Finished building: ../src/helloworld.c'
' '
'Building target: lab9_32point.elf'
'Invoking: ARM v7 gcc linker'
arm-none-eabi-gcc -mcpu=cortex-a9 -mfpu=vfpv3 -mfloat-abi=hard -Wl,-build-id=none -specs=Xilinx.spec -Wl,-T -Wl,../src/lscript.ld -L../../lab9_32point_bsp/ps7_cortexa9_0/lib -o "lab9_32point.elf"  ./src/helloworld.o ./src/platform.o   -lm -Wl,--start-group,-lxil,-lgcc,-lc,--end-group
'Finished building target: lab9_32point.elf'
' '
'Invoking: ARM v7 Print Size'
arm-none-eabi-size lab9_32point.elf  |tee "lab9_32point.elf.size"
   text	   data	    bss	    dec	    hex	filename
  70096	   2648	  23328	  96072	  17748	lab9_32point.elf
'Finished building: lab9_32point.elf.size'
' '
20:33:44 **** Incremental Build of configuration Debug for project lab9_32point ****
make pre-build main-build 
a9-linaro-pre-build-step
' '
make: Nothing to be done for 'main-build'.
20:40:11 **** Auto Build of configuration Debug for project lab9_32point ****
make pre-build main-build 
a9-linaro-pre-build-step
' '
'Building file: ../src/helloworld.c'
'Invoking: ARM v7 gcc compiler'
arm-none-eabi-gcc -Wall -O0 -g3 -c -fmessage-length=0 -MT"src/helloworld.o" -mcpu=cortex-a9 -mfpu=vfpv3 -mfloat-abi=hard -I../../lab9_32point_bsp/ps7_cortexa9_0/include -MMD -MP -MF"src/helloworld.d" -MT"src/helloworld.o" -o "src/helloworld.o" "../src/helloworld.c"
In file included from ../src/helloworld.c:6:
../../lab9_32point_bsp/ps7_cortexa9_0/include/xtime_l.h:87:9: note: #pragma message: For the sleep routines, Global timer is being used
 #pragma message ("For the sleep routines, Global timer is being used")
         ^~~~~~~
../src/helloworld.c: In function 'FFT_stages':
../src/helloworld.c:46:15: warning: variable 'group' set but not used [-Wunused-but-set-variable]
     int step, group, index, twiddleIndex;
               ^~~~~
../src/helloworld.c: In function 'main':
../src/helloworld.c:92:16: warning: passing argument 1 of 'FFT_stages' discards 'const' qualifier from pointer target type [-Wdiscarded-qualifiers]
     FFT_stages(FFT_input, FFT_output_sw); // Removed bit-reversal call, as it's part of FFT_stages
                ^~~~~~~~~
../src/helloworld.c:44:31: note: expected '_Complex float *' but argument is of type 'const _Complex float *'
 void FFT_stages(float complex FFT_input[N], float complex FFT_output[N]) {
                 ~~~~~~~~~~~~~~^~~~~~~~~~~~
../src/helloworld.c:111:23: warning: implicit declaration of function 'fabs' [-Wimplicit-function-declaration]
         float diff1 = fabs(crealf(FFT_output_sw[i]) - crealf(FFT_output_hw[i]));
                       ^~~~
../src/helloworld.c:111:23: warning: incompatible implicit declaration of built-in function 'fabs'
../src/helloworld.c:111:23: note: include '<math.h>' or provide a declaration of 'fabs'
../src/helloworld.c:10:1:
+#include <math.h>
 
../src/helloworld.c:111:23:
         float diff1 = fabs(crealf(FFT_output_sw[i]) - crealf(FFT_output_hw[i]));
                       ^~~~
../src/helloworld.c:87:19: warning: unused variable 'FFT_rev_sw' [-Wunused-variable]
     float complex FFT_rev_sw[N];
                   ^~~~~~~~~~
'Finished building: ../src/helloworld.c'
' '
'Building target: lab9_32point.elf'
'Invoking: ARM v7 gcc linker'
arm-none-eabi-gcc -mcpu=cortex-a9 -mfpu=vfpv3 -mfloat-abi=hard -Wl,-build-id=none -specs=Xilinx.spec -Wl,-T -Wl,../src/lscript.ld -L../../lab9_32point_bsp/ps7_cortexa9_0/lib -o "lab9_32point.elf"  ./src/helloworld.o ./src/platform.o   -lm -Wl,--start-group,-lxil,-lgcc,-lc,--end-group
'Finished building target: lab9_32point.elf'
' '
'Invoking: ARM v7 Print Size'
arm-none-eabi-size lab9_32point.elf  |tee "lab9_32point.elf.size"
   text	   data	    bss	    dec	    hex	filename
  70252	   2648	  23328	  96228	  177e4	lab9_32point.elf
'Finished building: lab9_32point.elf.size'
' '
20:40:39 **** Incremental Build of configuration Debug for project lab9_32point ****
make pre-build main-build 
a9-linaro-pre-build-step
' '
make: Nothing to be done for 'main-build'.
20:45:43 **** Auto Build of configuration Debug for project lab9_32point ****
make pre-build main-build 
a9-linaro-pre-build-step
' '
'Building file: ../src/helloworld.c'
'Invoking: ARM v7 gcc compiler'
arm-none-eabi-gcc -Wall -O0 -g3 -c -fmessage-length=0 -MT"src/helloworld.o" -mcpu=cortex-a9 -mfpu=vfpv3 -mfloat-abi=hard -I../../lab9_32point_bsp/ps7_cortexa9_0/include -MMD -MP -MF"src/helloworld.d" -MT"src/helloworld.o" -o "src/helloworld.o" "../src/helloworld.c"
In file included from ../src/helloworld.c:6:
../../lab9_32point_bsp/ps7_cortexa9_0/include/xtime_l.h:87:9: note: #pragma message: For the sleep routines, Global timer is being used
 #pragma message ("For the sleep routines, Global timer is being used")
         ^~~~~~~
../src/helloworld.c: In function 'FFT_stages':
../src/helloworld.c:46:15: warning: variable 'group' set but not used [-Wunused-but-set-variable]
     int step, group, index, twiddleIndex;
               ^~~~~
../src/helloworld.c: In function 'main':
../src/helloworld.c:91:16: warning: passing argument 1 of 'FFT_stages' discards 'const' qualifier from pointer target type [-Wdiscarded-qualifiers]
     FFT_stages(FFT_input, FFT_output_sw); // Removed bit-reversal call, as it's part of FFT_stages
                ^~~~~~~~~
../src/helloworld.c:44:31: note: expected '_Complex float *' but argument is of type 'const _Complex float *'
 void FFT_stages(float complex FFT_input[N], float complex FFT_output[N]) {
                 ~~~~~~~~~~~~~~^~~~~~~~~~~~
../src/helloworld.c:110:23: warning: implicit declaration of function 'fabs' [-Wimplicit-function-declaration]
         float diff1 = fabs(crealf(FFT_output_sw[i]) - crealf(FFT_output_hw[i]));
                       ^~~~
../src/helloworld.c:110:23: warning: incompatible implicit declaration of built-in function 'fabs'
../src/helloworld.c:110:23: note: include '<math.h>' or provide a declaration of 'fabs'
../src/helloworld.c:10:1:
+#include <math.h>
 
../src/helloworld.c:110:23:
         float diff1 = fabs(crealf(FFT_output_sw[i]) - crealf(FFT_output_hw[i]));
                       ^~~~
'Finished building: ../src/helloworld.c'
' '
'Building target: lab9_32point.elf'
'Invoking: ARM v7 gcc linker'
arm-none-eabi-gcc -mcpu=cortex-a9 -mfpu=vfpv3 -mfloat-abi=hard -Wl,-build-id=none -specs=Xilinx.spec -Wl,-T -Wl,../src/lscript.ld -L../../lab9_32point_bsp/ps7_cortexa9_0/lib -o "lab9_32point.elf"  ./src/helloworld.o ./src/platform.o   -lm -Wl,--start-group,-lxil,-lgcc,-lc,--end-group
'Finished building target: lab9_32point.elf'
' '
'Invoking: ARM v7 Print Size'
arm-none-eabi-size lab9_32point.elf  |tee "lab9_32point.elf.size"
   text	   data	    bss	    dec	    hex	filename
  70556	   2648	  23328	  96532	  17914	lab9_32point.elf
'Finished building: lab9_32point.elf.size'
' '
20:46:01 **** Incremental Build of configuration Debug for project lab9_32point ****
make pre-build main-build 
a9-linaro-pre-build-step
' '
make: Nothing to be done for 'main-build'.
20:49:44 **** Auto Build of configuration Debug for project lab9_32point ****
make pre-build main-build 
a9-linaro-pre-build-step
' '
'Building file: ../src/helloworld.c'
'Invoking: ARM v7 gcc compiler'
arm-none-eabi-gcc -Wall -O0 -g3 -c -fmessage-length=0 -MT"src/helloworld.o" -mcpu=cortex-a9 -mfpu=vfpv3 -mfloat-abi=hard -I../../lab9_32point_bsp/ps7_cortexa9_0/include -MMD -MP -MF"src/helloworld.d" -MT"src/helloworld.o" -o "src/helloworld.o" "../src/helloworld.c"
In file included from ../src/helloworld.c:6:
../../lab9_32point_bsp/ps7_cortexa9_0/include/xtime_l.h:87:9: note: #pragma message: For the sleep routines, Global timer is being used
 #pragma message ("For the sleep routines, Global timer is being used")
         ^~~~~~~
../src/helloworld.c: In function 'FFT_stages':
../src/helloworld.c:46:15: warning: variable 'group' set but not used [-Wunused-but-set-variable]
     int step, group, index, twiddleIndex;
               ^~~~~
../src/helloworld.c: In function 'main':
../src/helloworld.c:91:16: warning: passing argument 1 of 'FFT_stages' discards 'const' qualifier from pointer target type [-Wdiscarded-qualifiers]
     FFT_stages(FFT_input, FFT_output_sw); // Removed bit-reversal call, as it's part of FFT_stages
                ^~~~~~~~~
../src/helloworld.c:44:31: note: expected '_Complex float *' but argument is of type 'const _Complex float *'
 void FFT_stages(float complex FFT_input[N], float complex FFT_output[N]) {
                 ~~~~~~~~~~~~~~^~~~~~~~~~~~
../src/helloworld.c:110:23: warning: implicit declaration of function 'fabs' [-Wimplicit-function-declaration]
         float diff1 = fabs(crealf(FFT_output_sw[i]) - crealf(FFT_output_hw[i]));
                       ^~~~
../src/helloworld.c:110:23: warning: incompatible implicit declaration of built-in function 'fabs'
../src/helloworld.c:110:23: note: include '<math.h>' or provide a declaration of 'fabs'
../src/helloworld.c:10:1:
+#include <math.h>
 
../src/helloworld.c:110:23:
         float diff1 = fabs(crealf(FFT_output_sw[i]) - crealf(FFT_output_hw[i]));
                       ^~~~
'Finished building: ../src/helloworld.c'
' '
'Building target: lab9_32point.elf'
'Invoking: ARM v7 gcc linker'
arm-none-eabi-gcc -mcpu=cortex-a9 -mfpu=vfpv3 -mfloat-abi=hard -Wl,-build-id=none -specs=Xilinx.spec -Wl,-T -Wl,../src/lscript.ld -L../../lab9_32point_bsp/ps7_cortexa9_0/lib -o "lab9_32point.elf"  ./src/helloworld.o ./src/platform.o   -lm -Wl,--start-group,-lxil,-lgcc,-lc,--end-group
'Finished building target: lab9_32point.elf'
' '
'Invoking: ARM v7 Print Size'
arm-none-eabi-size lab9_32point.elf  |tee "lab9_32point.elf.size"
   text	   data	    bss	    dec	    hex	filename
  70556	   2648	  23328	  96532	  17914	lab9_32point.elf
'Finished building: lab9_32point.elf.size'
' '
20:50:04 **** Auto Build of configuration Debug for project lab9_32point ****
make pre-build main-build 
a9-linaro-pre-build-step
' '
'Building file: ../src/helloworld.c'
'Invoking: ARM v7 gcc compiler'
arm-none-eabi-gcc -Wall -O0 -g3 -c -fmessage-length=0 -MT"src/helloworld.o" -mcpu=cortex-a9 -mfpu=vfpv3 -mfloat-abi=hard -I../../lab9_32point_bsp/ps7_cortexa9_0/include -MMD -MP -MF"src/helloworld.d" -MT"src/helloworld.o" -o "src/helloworld.o" "../src/helloworld.c"
In file included from ../src/helloworld.c:6:
../../lab9_32point_bsp/ps7_cortexa9_0/include/xtime_l.h:87:9: note: #pragma message: For the sleep routines, Global timer is being used
 #pragma message ("For the sleep routines, Global timer is being used")
         ^~~~~~~
../src/helloworld.c: In function 'FFT_stages':
../src/helloworld.c:46:15: warning: variable 'group' set but not used [-Wunused-but-set-variable]
     int step, group, index, twiddleIndex;
               ^~~~~
../src/helloworld.c: In function 'main':
../src/helloworld.c:91:16: warning: passing argument 1 of 'FFT_stages' discards 'const' qualifier from pointer target type [-Wdiscarded-qualifiers]
     FFT_stages(FFT_input, FFT_output_sw); // Removed bit-reversal call, as it's part of FFT_stages
                ^~~~~~~~~
../src/helloworld.c:44:31: note: expected '_Complex float *' but argument is of type 'const _Complex float *'
 void FFT_stages(float complex FFT_input[N], float complex FFT_output[N]) {
                 ~~~~~~~~~~~~~~^~~~~~~~~~~~
../src/helloworld.c:110:23: warning: implicit declaration of function 'fabs' [-Wimplicit-function-declaration]
         float diff1 = fabs(crealf(FFT_output_sw[i]) - crealf(FFT_output_hw[i]));
                       ^~~~
../src/helloworld.c:110:23: warning: incompatible implicit declaration of built-in function 'fabs'
../src/helloworld.c:110:23: note: include '<math.h>' or provide a declaration of 'fabs'
../src/helloworld.c:10:1:
+#include <math.h>
 
../src/helloworld.c:110:23:
         float diff1 = fabs(crealf(FFT_output_sw[i]) - crealf(FFT_output_hw[i]));
                       ^~~~
'Finished building: ../src/helloworld.c'
' '
'Building target: lab9_32point.elf'
'Invoking: ARM v7 gcc linker'
arm-none-eabi-gcc -mcpu=cortex-a9 -mfpu=vfpv3 -mfloat-abi=hard -Wl,-build-id=none -specs=Xilinx.spec -Wl,-T -Wl,../src/lscript.ld -L../../lab9_32point_bsp/ps7_cortexa9_0/lib -o "lab9_32point.elf"  ./src/helloworld.o ./src/platform.o   -lm -Wl,--start-group,-lxil,-lgcc,-lc,--end-group
'Finished building target: lab9_32point.elf'
' '
'Invoking: ARM v7 Print Size'
arm-none-eabi-size lab9_32point.elf  |tee "lab9_32point.elf.size"
   text	   data	    bss	    dec	    hex	filename
  70556	   2648	  23328	  96532	  17914	lab9_32point.elf
'Finished building: lab9_32point.elf.size'
' '
20:55:42 **** Auto Build of configuration Debug for project lab9_32point ****
make pre-build main-build 
a9-linaro-pre-build-step
' '
'Building file: ../src/helloworld.c'
'Invoking: ARM v7 gcc compiler'
arm-none-eabi-gcc -Wall -O0 -g3 -c -fmessage-length=0 -MT"src/helloworld.o" -mcpu=cortex-a9 -mfpu=vfpv3 -mfloat-abi=hard -I../../lab9_32point_bsp/ps7_cortexa9_0/include -MMD -MP -MF"src/helloworld.d" -MT"src/helloworld.o" -o "src/helloworld.o" "../src/helloworld.c"
In file included from ../src/helloworld.c:12:
../../lab9_32point_bsp/ps7_cortexa9_0/include/xtime_l.h:87:9: note: #pragma message: For the sleep routines, Global timer is being used
 #pragma message ("For the sleep routines, Global timer is being used")
         ^~~~~~~
../src/helloworld.c: In function 'FFT_stages':
../src/helloworld.c:52:15: warning: variable 'group' set but not used [-Wunused-but-set-variable]
     int step, group, index, twiddleIndex;
               ^~~~~
../src/helloworld.c:51:39: warning: unused variable 'temp3' [-Wunused-variable]
     float complex temp1[N], temp2[N], temp3[N];
                                       ^~~~~
../src/helloworld.c:51:29: warning: variable 'temp2' set but not used [-Wunused-but-set-variable]
     float complex temp1[N], temp2[N], temp3[N];
                             ^~~~~
../src/helloworld.c: In function 'main':
../src/helloworld.c:98:16: warning: passing argument 1 of 'bitreverse' discards 'const' qualifier from pointer target type [-Wdiscarded-qualifiers]
     bitreverse(FFT_input, FFT_rev_sw);
                ^~~~~~~~~
../src/helloworld.c:43:31: note: expected '_Complex float *' but argument is of type 'const _Complex float *'
 void bitreverse(float complex dataIn[N], float complex dataOut[N]) {
                 ~~~~~~~~~~~~~~^~~~~~~~~
../src/helloworld.c:119:23: warning: implicit declaration of function 'fabs' [-Wimplicit-function-declaration]
         float diff1 = fabs(crealf(FFT_output_sw[i]) - crealf(FFT_output_hw[i]));
                       ^~~~
../src/helloworld.c:119:23: warning: incompatible implicit declaration of built-in function 'fabs'
../src/helloworld.c:119:23: note: include '<math.h>' or provide a declaration of 'fabs'
../src/helloworld.c:16:1:
+#include <math.h>
 
../src/helloworld.c:119:23:
         float diff1 = fabs(crealf(FFT_output_sw[i]) - crealf(FFT_output_hw[i]));
                       ^~~~
'Finished building: ../src/helloworld.c'
' '
'Building target: lab9_32point.elf'
'Invoking: ARM v7 gcc linker'
arm-none-eabi-gcc -mcpu=cortex-a9 -mfpu=vfpv3 -mfloat-abi=hard -Wl,-build-id=none -specs=Xilinx.spec -Wl,-T -Wl,../src/lscript.ld -L../../lab9_32point_bsp/ps7_cortexa9_0/lib -o "lab9_32point.elf"  ./src/helloworld.o ./src/platform.o   -lm -Wl,--start-group,-lxil,-lgcc,-lc,--end-group
'Finished building target: lab9_32point.elf'
' '
'Invoking: ARM v7 Print Size'
arm-none-eabi-size lab9_32point.elf  |tee "lab9_32point.elf.size"
   text	   data	    bss	    dec	    hex	filename
  70316	   2648	  23328	  96292	  17824	lab9_32point.elf
'Finished building: lab9_32point.elf.size'
' '
20:55:50 **** Incremental Build of configuration Debug for project lab9_32point ****
make pre-build main-build 
a9-linaro-pre-build-step
' '
make: Nothing to be done for 'main-build'.
20:58:53 **** Incremental Build of configuration Debug for project lab9_32point ****
make pre-build main-build 
a9-linaro-pre-build-step
' '
make: Nothing to be done for 'main-build'.
21:01:36 **** Auto Build of configuration Debug for project lab9_32point ****
make pre-build main-build 
a9-linaro-pre-build-step
' '
'Building file: ../src/helloworld.c'
'Invoking: ARM v7 gcc compiler'
arm-none-eabi-gcc -Wall -O0 -g3 -c -fmessage-length=0 -MT"src/helloworld.o" -mcpu=cortex-a9 -mfpu=vfpv3 -mfloat-abi=hard -I../../lab9_32point_bsp/ps7_cortexa9_0/include -MMD -MP -MF"src/helloworld.d" -MT"src/helloworld.o" -o "src/helloworld.o" "../src/helloworld.c"
In file included from ../src/helloworld.c:6:
../../lab9_32point_bsp/ps7_cortexa9_0/include/xtime_l.h:87:9: note: #pragma message: For the sleep routines, Global timer is being used
 #pragma message ("For the sleep routines, Global timer is being used")
         ^~~~~~~
../src/helloworld.c: In function 'FFT_stages':
../src/helloworld.c:46:15: warning: variable 'group' set but not used [-Wunused-but-set-variable]
     int step, group, index, twiddleIndex;
               ^~~~~
../src/helloworld.c: In function 'main':
../src/helloworld.c:91:16: warning: passing argument 1 of 'FFT_stages' discards 'const' qualifier from pointer target type [-Wdiscarded-qualifiers]
     FFT_stages(FFT_input, FFT_output_sw); // Removed bit-reversal call, as it's part of FFT_stages
                ^~~~~~~~~
../src/helloworld.c:44:31: note: expected '_Complex float *' but argument is of type 'const _Complex float *'
 void FFT_stages(float complex FFT_input[N], float complex FFT_output[N]) {
                 ~~~~~~~~~~~~~~^~~~~~~~~~~~
../src/helloworld.c:110:23: warning: implicit declaration of function 'fabs' [-Wimplicit-function-declaration]
         float diff1 = fabs(crealf(FFT_output_sw[i]) - crealf(FFT_output_hw[i]));
                       ^~~~
../src/helloworld.c:110:23: warning: incompatible implicit declaration of built-in function 'fabs'
../src/helloworld.c:110:23: note: include '<math.h>' or provide a declaration of 'fabs'
../src/helloworld.c:10:1:
+#include <math.h>
 
../src/helloworld.c:110:23:
         float diff1 = fabs(crealf(FFT_output_sw[i]) - crealf(FFT_output_hw[i]));
                       ^~~~
'Finished building: ../src/helloworld.c'
' '
'Building target: lab9_32point.elf'
'Invoking: ARM v7 gcc linker'
arm-none-eabi-gcc -mcpu=cortex-a9 -mfpu=vfpv3 -mfloat-abi=hard -Wl,-build-id=none -specs=Xilinx.spec -Wl,-T -Wl,../src/lscript.ld -L../../lab9_32point_bsp/ps7_cortexa9_0/lib -o "lab9_32point.elf"  ./src/helloworld.o ./src/platform.o   -lm -Wl,--start-group,-lxil,-lgcc,-lc,--end-group
'Finished building target: lab9_32point.elf'
' '
'Invoking: ARM v7 Print Size'
arm-none-eabi-size lab9_32point.elf  |tee "lab9_32point.elf.size"
   text	   data	    bss	    dec	    hex	filename
  70556	   2648	  23328	  96532	  17914	lab9_32point.elf
'Finished building: lab9_32point.elf.size'
' '
21:04:10 **** Auto Build of configuration Debug for project lab9_32point ****
make pre-build main-build 
a9-linaro-pre-build-step
' '
'Building file: ../src/helloworld.c'
'Invoking: ARM v7 gcc compiler'
arm-none-eabi-gcc -Wall -O0 -g3 -c -fmessage-length=0 -MT"src/helloworld.o" -mcpu=cortex-a9 -mfpu=vfpv3 -mfloat-abi=hard -I../../lab9_32point_bsp/ps7_cortexa9_0/include -MMD -MP -MF"src/helloworld.d" -MT"src/helloworld.o" -o "src/helloworld.o" "../src/helloworld.c"
In file included from ../src/helloworld.c:12:
../../lab9_32point_bsp/ps7_cortexa9_0/include/xtime_l.h:87:9: note: #pragma message: For the sleep routines, Global timer is being used
 #pragma message ("For the sleep routines, Global timer is being used")
         ^~~~~~~
../src/helloworld.c: In function 'FFT_stages':
../src/helloworld.c:52:15: warning: variable 'group' set but not used [-Wunused-but-set-variable]
     int step, group, index, twiddleIndex;
               ^~~~~
../src/helloworld.c:51:39: warning: unused variable 'temp3' [-Wunused-variable]
     float complex temp1[N], temp2[N], temp3[N];
                                       ^~~~~
../src/helloworld.c:51:29: warning: variable 'temp2' set but not used [-Wunused-but-set-variable]
     float complex temp1[N], temp2[N], temp3[N];
                             ^~~~~
../src/helloworld.c: In function 'main':
../src/helloworld.c:98:16: warning: passing argument 1 of 'bitreverse' discards 'const' qualifier from pointer target type [-Wdiscarded-qualifiers]
     bitreverse(FFT_input, FFT_rev_sw);
                ^~~~~~~~~
../src/helloworld.c:43:31: note: expected '_Complex float *' but argument is of type 'const _Complex float *'
 void bitreverse(float complex dataIn[N], float complex dataOut[N]) {
                 ~~~~~~~~~~~~~~^~~~~~~~~
../src/helloworld.c:119:23: warning: implicit declaration of function 'fabs' [-Wimplicit-function-declaration]
         float diff1 = fabs(crealf(FFT_output_sw[i]) - crealf(FFT_output_hw[i]));
                       ^~~~
../src/helloworld.c:119:23: warning: incompatible implicit declaration of built-in function 'fabs'
../src/helloworld.c:119:23: note: include '<math.h>' or provide a declaration of 'fabs'
../src/helloworld.c:16:1:
+#include <math.h>
 
../src/helloworld.c:119:23:
         float diff1 = fabs(crealf(FFT_output_sw[i]) - crealf(FFT_output_hw[i]));
                       ^~~~
'Finished building: ../src/helloworld.c'
' '
'Building target: lab9_32point.elf'
'Invoking: ARM v7 gcc linker'
arm-none-eabi-gcc -mcpu=cortex-a9 -mfpu=vfpv3 -mfloat-abi=hard -Wl,-build-id=none -specs=Xilinx.spec -Wl,-T -Wl,../src/lscript.ld -L../../lab9_32point_bsp/ps7_cortexa9_0/lib -o "lab9_32point.elf"  ./src/helloworld.o ./src/platform.o   -lm -Wl,--start-group,-lxil,-lgcc,-lc,--end-group
'Finished building target: lab9_32point.elf'
' '
'Invoking: ARM v7 Print Size'
arm-none-eabi-size lab9_32point.elf  |tee "lab9_32point.elf.size"
   text	   data	    bss	    dec	    hex	filename
  70316	   2648	  23328	  96292	  17824	lab9_32point.elf
'Finished building: lab9_32point.elf.size'
' '
21:04:27 **** Incremental Build of configuration Debug for project lab9_32point ****
make pre-build main-build 
a9-linaro-pre-build-step
' '
make: Nothing to be done for 'main-build'.
21:11:58 **** Auto Build of configuration Debug for project lab9_32point ****
make pre-build main-build 
a9-linaro-pre-build-step
' '
'Building file: ../src/helloworld.c'
'Invoking: ARM v7 gcc compiler'
arm-none-eabi-gcc -Wall -O0 -g3 -c -fmessage-length=0 -MT"src/helloworld.o" -mcpu=cortex-a9 -mfpu=vfpv3 -mfloat-abi=hard -I../../lab9_32point_bsp/ps7_cortexa9_0/include -MMD -MP -MF"src/helloworld.d" -MT"src/helloworld.o" -o "src/helloworld.o" "../src/helloworld.c"
In file included from ../src/helloworld.c:12:
../../lab9_32point_bsp/ps7_cortexa9_0/include/xtime_l.h:87:9: note: #pragma message: For the sleep routines, Global timer is being used
 #pragma message ("For the sleep routines, Global timer is being used")
         ^~~~~~~
../src/helloworld.c: In function 'FFT_stages':
../src/helloworld.c:52:15: warning: variable 'group' set but not used [-Wunused-but-set-variable]
     int step, group, index, twiddleIndex;
               ^~~~~
../src/helloworld.c:51:39: warning: unused variable 'temp3' [-Wunused-variable]
     float complex temp1[N], temp2[N], temp3[N];
                                       ^~~~~
../src/helloworld.c:51:29: warning: variable 'temp2' set but not used [-Wunused-but-set-variable]
     float complex temp1[N], temp2[N], temp3[N];
                             ^~~~~
../src/helloworld.c: In function 'main':
../src/helloworld.c:98:16: warning: passing argument 1 of 'bitreverse' discards 'const' qualifier from pointer target type [-Wdiscarded-qualifiers]
     bitreverse(FFT_input, FFT_rev_sw);
                ^~~~~~~~~
../src/helloworld.c:43:31: note: expected '_Complex float *' but argument is of type 'const _Complex float *'
 void bitreverse(float complex dataIn[N], float complex dataOut[N]) {
                 ~~~~~~~~~~~~~~^~~~~~~~~
../src/helloworld.c:124:23: warning: implicit declaration of function 'fabs' [-Wimplicit-function-declaration]
         float diff1 = fabs(crealf(FFT_output_sw[i]) - crealf(FFT_output_hw[i]));
                       ^~~~
../src/helloworld.c:124:23: warning: incompatible implicit declaration of built-in function 'fabs'
../src/helloworld.c:124:23: note: include '<math.h>' or provide a declaration of 'fabs'
../src/helloworld.c:16:1:
+#include <math.h>
 
../src/helloworld.c:124:23:
         float diff1 = fabs(crealf(FFT_output_sw[i]) - crealf(FFT_output_hw[i]));
                       ^~~~
'Finished building: ../src/helloworld.c'
' '
'Building target: lab9_32point.elf'
'Invoking: ARM v7 gcc linker'
arm-none-eabi-gcc -mcpu=cortex-a9 -mfpu=vfpv3 -mfloat-abi=hard -Wl,-build-id=none -specs=Xilinx.spec -Wl,-T -Wl,../src/lscript.ld -L../../lab9_32point_bsp/ps7_cortexa9_0/lib -o "lab9_32point.elf"  ./src/helloworld.o ./src/platform.o   -lm -Wl,--start-group,-lxil,-lgcc,-lc,--end-group
'Finished building target: lab9_32point.elf'
' '
'Invoking: ARM v7 Print Size'
arm-none-eabi-size lab9_32point.elf  |tee "lab9_32point.elf.size"
   text	   data	    bss	    dec	    hex	filename
  70492	   2648	  23328	  96468	  178d4	lab9_32point.elf
'Finished building: lab9_32point.elf.size'
' '
21:17:43 **** Auto Build of configuration Debug for project lab9_32point ****
make pre-build main-build 
a9-linaro-pre-build-step
' '
'Building file: ../src/helloworld.c'
'Invoking: ARM v7 gcc compiler'
arm-none-eabi-gcc -Wall -O0 -g3 -c -fmessage-length=0 -MT"src/helloworld.o" -mcpu=cortex-a9 -mfpu=vfpv3 -mfloat-abi=hard -I../../lab9_32point_bsp/ps7_cortexa9_0/include -MMD -MP -MF"src/helloworld.d" -MT"src/helloworld.o" -o "src/helloworld.o" "../src/helloworld.c"
In file included from ../src/helloworld.c:12:
../../lab9_32point_bsp/ps7_cortexa9_0/include/xtime_l.h:87:9: note: #pragma message: For the sleep routines, Global timer is being used
 #pragma message ("For the sleep routines, Global timer is being used")
         ^~~~~~~
../src/helloworld.c: In function 'FFT_stages':
../src/helloworld.c:52:15: warning: variable 'group' set but not used [-Wunused-but-set-variable]
     int step, group, index, twiddleIndex;
               ^~~~~
../src/helloworld.c:51:39: warning: unused variable 'temp3' [-Wunused-variable]
     float complex temp1[N], temp2[N], temp3[N];
                                       ^~~~~
../src/helloworld.c:51:29: warning: variable 'temp2' set but not used [-Wunused-but-set-variable]
     float complex temp1[N], temp2[N], temp3[N];
                             ^~~~~
../src/helloworld.c: In function 'main':
../src/helloworld.c:98:16: warning: passing argument 1 of 'bitreverse' discards 'const' qualifier from pointer target type [-Wdiscarded-qualifiers]
     bitreverse(FFT_input, FFT_rev_sw);
                ^~~~~~~~~
../src/helloworld.c:43:31: note: expected '_Complex float *' but argument is of type 'const _Complex float *'
 void bitreverse(float complex dataIn[N], float complex dataOut[N]) {
                 ~~~~~~~~~~~~~~^~~~~~~~~
../src/helloworld.c:124:23: warning: implicit declaration of function 'fabs' [-Wimplicit-function-declaration]
         float diff1 = fabs(crealf(FFT_output_sw[i]) - crealf(FFT_output_hw[i]));
                       ^~~~
../src/helloworld.c:124:23: warning: incompatible implicit declaration of built-in function 'fabs'
../src/helloworld.c:124:23: note: include '<math.h>' or provide a declaration of 'fabs'
../src/helloworld.c:16:1:
+#include <math.h>
 
../src/helloworld.c:124:23:
         float diff1 = fabs(crealf(FFT_output_sw[i]) - crealf(FFT_output_hw[i]));
                       ^~~~
'Finished building: ../src/helloworld.c'
' '
'Building target: lab9_32point.elf'
'Invoking: ARM v7 gcc linker'
arm-none-eabi-gcc -mcpu=cortex-a9 -mfpu=vfpv3 -mfloat-abi=hard -Wl,-build-id=none -specs=Xilinx.spec -Wl,-T -Wl,../src/lscript.ld -L../../lab9_32point_bsp/ps7_cortexa9_0/lib -o "lab9_32point.elf"  ./src/helloworld.o ./src/platform.o   -lm -Wl,--start-group,-lxil,-lgcc,-lc,--end-group
'Finished building target: lab9_32point.elf'
' '
'Invoking: ARM v7 Print Size'
arm-none-eabi-size lab9_32point.elf  |tee "lab9_32point.elf.size"
   text	   data	    bss	    dec	    hex	filename
  70492	   2648	  23328	  96468	  178d4	lab9_32point.elf
'Finished building: lab9_32point.elf.size'
' '
21:18:01 **** Incremental Build of configuration Debug for project lab9_32point ****
make pre-build main-build 
a9-linaro-pre-build-step
' '
make: Nothing to be done for 'main-build'.
21:20:47 **** Auto Build of configuration Debug for project lab9_32point ****
make pre-build main-build 
a9-linaro-pre-build-step
' '
'Building file: ../src/helloworld.c'
'Invoking: ARM v7 gcc compiler'
arm-none-eabi-gcc -Wall -O0 -g3 -c -fmessage-length=0 -MT"src/helloworld.o" -mcpu=cortex-a9 -mfpu=vfpv3 -mfloat-abi=hard -I../../lab9_32point_bsp/ps7_cortexa9_0/include -MMD -MP -MF"src/helloworld.d" -MT"src/helloworld.o" -o "src/helloworld.o" "../src/helloworld.c"
In file included from ../src/helloworld.c:12:
../../lab9_32point_bsp/ps7_cortexa9_0/include/xtime_l.h:87:9: note: #pragma message: For the sleep routines, Global timer is being used
 #pragma message ("For the sleep routines, Global timer is being used")
         ^~~~~~~
../src/helloworld.c: In function 'FFT_stages':
../src/helloworld.c:52:15: warning: variable 'group' set but not used [-Wunused-but-set-variable]
     int step, group, index, twiddleIndex;
               ^~~~~
../src/helloworld.c:51:39: warning: unused variable 'temp3' [-Wunused-variable]
     float complex temp1[N], temp2[N], temp3[N];
                                       ^~~~~
../src/helloworld.c:51:29: warning: variable 'temp2' set but not used [-Wunused-but-set-variable]
     float complex temp1[N], temp2[N], temp3[N];
                             ^~~~~
../src/helloworld.c: In function 'main':
../src/helloworld.c:98:16: warning: passing argument 1 of 'bitreverse' discards 'const' qualifier from pointer target type [-Wdiscarded-qualifiers]
     bitreverse(FFT_input, FFT_rev_sw);
                ^~~~~~~~~
../src/helloworld.c:43:31: note: expected '_Complex float *' but argument is of type 'const _Complex float *'
 void bitreverse(float complex dataIn[N], float complex dataOut[N]) {
                 ~~~~~~~~~~~~~~^~~~~~~~~
../src/helloworld.c:126:23: warning: implicit declaration of function 'fabs' [-Wimplicit-function-declaration]
         float diff1 = fabs(crealf(FFT_output_sw[i]) - crealf(FFT_output_hw[i]));
                       ^~~~
../src/helloworld.c:126:23: warning: incompatible implicit declaration of built-in function 'fabs'
../src/helloworld.c:126:23: note: include '<math.h>' or provide a declaration of 'fabs'
../src/helloworld.c:16:1:
+#include <math.h>
 
../src/helloworld.c:126:23:
         float diff1 = fabs(crealf(FFT_output_sw[i]) - crealf(FFT_output_hw[i]));
                       ^~~~
'Finished building: ../src/helloworld.c'
' '
'Building target: lab9_32point.elf'
'Invoking: ARM v7 gcc linker'
arm-none-eabi-gcc -mcpu=cortex-a9 -mfpu=vfpv3 -mfloat-abi=hard -Wl,-build-id=none -specs=Xilinx.spec -Wl,-T -Wl,../src/lscript.ld -L../../lab9_32point_bsp/ps7_cortexa9_0/lib -o "lab9_32point.elf"  ./src/helloworld.o ./src/platform.o   -lm -Wl,--start-group,-lxil,-lgcc,-lc,--end-group
'Finished building target: lab9_32point.elf'
' '
'Invoking: ARM v7 Print Size'
arm-none-eabi-size lab9_32point.elf  |tee "lab9_32point.elf.size"
   text	   data	    bss	    dec	    hex	filename
  70508	   2648	  23328	  96484	  178e4	lab9_32point.elf
'Finished building: lab9_32point.elf.size'
' '
21:20:55 **** Incremental Build of configuration Debug for project lab9_32point ****
make pre-build main-build 
a9-linaro-pre-build-step
' '
make: Nothing to be done for 'main-build'.
21:21:27 **** Incremental Build of configuration Debug for project lab9_32point ****
make pre-build main-build 
a9-linaro-pre-build-step
' '
make: Nothing to be done for 'main-build'.
21:25:58 **** Auto Build of configuration Debug for project lab9_32point ****
make pre-build main-build 
a9-linaro-pre-build-step
' '
'Building file: ../src/helloworld.c'
'Invoking: ARM v7 gcc compiler'
arm-none-eabi-gcc -Wall -O0 -g3 -c -fmessage-length=0 -MT"src/helloworld.o" -mcpu=cortex-a9 -mfpu=vfpv3 -mfloat-abi=hard -I../../lab9_32point_bsp/ps7_cortexa9_0/include -MMD -MP -MF"src/helloworld.d" -MT"src/helloworld.o" -o "src/helloworld.o" "../src/helloworld.c"
In file included from ../src/helloworld.c:12:
../../lab9_32point_bsp/ps7_cortexa9_0/include/xtime_l.h:87:9: note: #pragma message: For the sleep routines, Global timer is being used
 #pragma message ("For the sleep routines, Global timer is being used")
         ^~~~~~~
../src/helloworld.c: In function 'FFT_stages':
../src/helloworld.c:52:15: warning: variable 'group' set but not used [-Wunused-but-set-variable]
     int step, group, index, twiddleIndex;
               ^~~~~
../src/helloworld.c:51:29: warning: variable 'temp2' set but not used [-Wunused-but-set-variable]
     float complex temp1[N], temp2[N];
                             ^~~~~
../src/helloworld.c: In function 'main':
../src/helloworld.c:100:16: warning: passing argument 1 of 'bitreverse' discards 'const' qualifier from pointer target type [-Wdiscarded-qualifiers]
     bitreverse(FFT_input, FFT_rev_sw);
                ^~~~~~~~~
../src/helloworld.c:43:31: note: expected '_Complex float *' but argument is of type 'const _Complex float *'
 void bitreverse(float complex dataIn[N], float complex dataOut[N]) {
                 ~~~~~~~~~~~~~~^~~~~~~~~
../src/helloworld.c:128:23: warning: implicit declaration of function 'fabs' [-Wimplicit-function-declaration]
         float diff1 = fabs(crealf(FFT_output_sw[i]) - crealf(FFT_output_hw[i]));
                       ^~~~
../src/helloworld.c:128:23: warning: incompatible implicit declaration of built-in function 'fabs'
../src/helloworld.c:128:23: note: include '<math.h>' or provide a declaration of 'fabs'
../src/helloworld.c:16:1:
+#include <math.h>
 
../src/helloworld.c:128:23:
         float diff1 = fabs(crealf(FFT_output_sw[i]) - crealf(FFT_output_hw[i]));
                       ^~~~
'Finished building: ../src/helloworld.c'
' '
'Building target: lab9_32point.elf'
'Invoking: ARM v7 gcc linker'
arm-none-eabi-gcc -mcpu=cortex-a9 -mfpu=vfpv3 -mfloat-abi=hard -Wl,-build-id=none -specs=Xilinx.spec -Wl,-T -Wl,../src/lscript.ld -L../../lab9_32point_bsp/ps7_cortexa9_0/lib -o "lab9_32point.elf"  ./src/helloworld.o ./src/platform.o   -lm -Wl,--start-group,-lxil,-lgcc,-lc,--end-group
'Finished building target: lab9_32point.elf'
' '
'Invoking: ARM v7 Print Size'
arm-none-eabi-size lab9_32point.elf  |tee "lab9_32point.elf.size"
   text	   data	    bss	    dec	    hex	filename
  70508	   2648	  23328	  96484	  178e4	lab9_32point.elf
'Finished building: lab9_32point.elf.size'
' '
21:26:08 **** Incremental Build of configuration Debug for project lab9_32point ****
make pre-build main-build 
a9-linaro-pre-build-step
' '
make: Nothing to be done for 'main-build'.
21:28:05 **** Incremental Build of configuration Debug for project lab9_32point ****
make pre-build main-build 
a9-linaro-pre-build-step
' '
make: Nothing to be done for 'main-build'.
21:30:52 **** Incremental Build of configuration Debug for project lab9_32point ****
make pre-build main-build 
a9-linaro-pre-build-step
' '
make: Nothing to be done for 'main-build'.
21:31:55 **** Auto Build of configuration Debug for project lab9_32point ****
make pre-build main-build 
a9-linaro-pre-build-step
' '
'Building file: ../src/helloworld.c'
'Invoking: ARM v7 gcc compiler'
arm-none-eabi-gcc -Wall -O0 -g3 -c -fmessage-length=0 -MT"src/helloworld.o" -mcpu=cortex-a9 -mfpu=vfpv3 -mfloat-abi=hard -I../../lab9_32point_bsp/ps7_cortexa9_0/include -MMD -MP -MF"src/helloworld.d" -MT"src/helloworld.o" -o "src/helloworld.o" "../src/helloworld.c"
In file included from ../src/helloworld.c:12:
../../lab9_32point_bsp/ps7_cortexa9_0/include/xtime_l.h:87:9: note: #pragma message: For the sleep routines, Global timer is being used
 #pragma message ("For the sleep routines, Global timer is being used")
         ^~~~~~~
../src/helloworld.c: In function 'FFT_stages':
../src/helloworld.c:52:15: warning: variable 'group' set but not used [-Wunused-but-set-variable]
     int step, group, index, twiddleIndex;
               ^~~~~
../src/helloworld.c:51:29: warning: variable 'temp2' set but not used [-Wunused-but-set-variable]
     float complex temp1[N], temp2[N];
                             ^~~~~
../src/helloworld.c: In function 'main':
../src/helloworld.c:100:16: warning: passing argument 1 of 'bitreverse' discards 'const' qualifier from pointer target type [-Wdiscarded-qualifiers]
     bitreverse(FFT_input, FFT_rev_sw);
                ^~~~~~~~~
../src/helloworld.c:43:31: note: expected '_Complex float *' but argument is of type 'const _Complex float *'
 void bitreverse(float complex dataIn[N], float complex dataOut[N]) {
                 ~~~~~~~~~~~~~~^~~~~~~~~
'Finished building: ../src/helloworld.c'
' '
'Building target: lab9_32point.elf'
'Invoking: ARM v7 gcc linker'
arm-none-eabi-gcc -mcpu=cortex-a9 -mfpu=vfpv3 -mfloat-abi=hard -Wl,-build-id=none -specs=Xilinx.spec -Wl,-T -Wl,../src/lscript.ld -L../../lab9_32point_bsp/ps7_cortexa9_0/lib -o "lab9_32point.elf"  ./src/helloworld.o ./src/platform.o   -lm -Wl,--start-group,-lxil,-lgcc,-lc,--end-group
'Finished building target: lab9_32point.elf'
' '
'Invoking: ARM v7 Print Size'
arm-none-eabi-size lab9_32point.elf  |tee "lab9_32point.elf.size"
   text	   data	    bss	    dec	    hex	filename
  70096	   2648	  23328	  96072	  17748	lab9_32point.elf
'Finished building: lab9_32point.elf.size'
' '
21:32:26 **** Auto Build of configuration Debug for project lab9_32point ****
make pre-build main-build 
a9-linaro-pre-build-step
' '
'Building file: ../src/helloworld.c'
'Invoking: ARM v7 gcc compiler'
arm-none-eabi-gcc -Wall -O0 -g3 -c -fmessage-length=0 -MT"src/helloworld.o" -mcpu=cortex-a9 -mfpu=vfpv3 -mfloat-abi=hard -I../../lab9_32point_bsp/ps7_cortexa9_0/include -MMD -MP -MF"src/helloworld.d" -MT"src/helloworld.o" -o "src/helloworld.o" "../src/helloworld.c"
In file included from ../src/helloworld.c:12:
../../lab9_32point_bsp/ps7_cortexa9_0/include/xtime_l.h:87:9: note: #pragma message: For the sleep routines, Global timer is being used
 #pragma message ("For the sleep routines, Global timer is being used")
         ^~~~~~~
../src/helloworld.c: In function 'FFT_stages':
../src/helloworld.c:52:15: warning: variable 'group' set but not used [-Wunused-but-set-variable]
     int step, group, index, twiddleIndex;
               ^~~~~
../src/helloworld.c:51:29: warning: variable 'temp2' set but not used [-Wunused-but-set-variable]
     float complex temp1[N], temp2[N];
                             ^~~~~
../src/helloworld.c: In function 'main':
../src/helloworld.c:100:16: warning: passing argument 1 of 'bitreverse' discards 'const' qualifier from pointer target type [-Wdiscarded-qualifiers]
     bitreverse(FFT_input, FFT_rev_sw);
                ^~~~~~~~~
../src/helloworld.c:43:31: note: expected '_Complex float *' but argument is of type 'const _Complex float *'
 void bitreverse(float complex dataIn[N], float complex dataOut[N]) {
                 ~~~~~~~~~~~~~~^~~~~~~~~
'Finished building: ../src/helloworld.c'
' '
'Building target: lab9_32point.elf'
'Invoking: ARM v7 gcc linker'
arm-none-eabi-gcc -mcpu=cortex-a9 -mfpu=vfpv3 -mfloat-abi=hard -Wl,-build-id=none -specs=Xilinx.spec -Wl,-T -Wl,../src/lscript.ld -L../../lab9_32point_bsp/ps7_cortexa9_0/lib -o "lab9_32point.elf"  ./src/helloworld.o ./src/platform.o   -lm -Wl,--start-group,-lxil,-lgcc,-lc,--end-group
'Finished building target: lab9_32point.elf'
' '
'Invoking: ARM v7 Print Size'
arm-none-eabi-size lab9_32point.elf  |tee "lab9_32point.elf.size"
   text	   data	    bss	    dec	    hex	filename
  70096	   2648	  23328	  96072	  17748	lab9_32point.elf
'Finished building: lab9_32point.elf.size'
' '
21:32:45 **** Incremental Build of configuration Debug for project lab9_32point ****
make pre-build main-build 
a9-linaro-pre-build-step
' '
make: Nothing to be done for 'main-build'.
21:36:06 **** Auto Build of configuration Debug for project lab9_32point ****
make pre-build main-build 
a9-linaro-pre-build-step
' '
'Building file: ../src/helloworld.c'
'Invoking: ARM v7 gcc compiler'
arm-none-eabi-gcc -Wall -O0 -g3 -c -fmessage-length=0 -MT"src/helloworld.o" -mcpu=cortex-a9 -mfpu=vfpv3 -mfloat-abi=hard -I../../lab9_32point_bsp/ps7_cortexa9_0/include -MMD -MP -MF"src/helloworld.d" -MT"src/helloworld.o" -o "src/helloworld.o" "../src/helloworld.c"
In file included from ../src/helloworld.c:12:
../../lab9_32point_bsp/ps7_cortexa9_0/include/xtime_l.h:87:9: note: #pragma message: For the sleep routines, Global timer is being used
 #pragma message ("For the sleep routines, Global timer is being used")
         ^~~~~~~
../src/helloworld.c: In function 'FFT_stages':
../src/helloworld.c:52:15: warning: variable 'group' set but not used [-Wunused-but-set-variable]
     int step, group, index, twiddleIndex;
               ^~~~~
../src/helloworld.c:51:29: warning: variable 'temp2' set but not used [-Wunused-but-set-variable]
     float complex temp1[N], temp2[N];
                             ^~~~~
../src/helloworld.c: In function 'main':
../src/helloworld.c:100:16: warning: passing argument 1 of 'bitreverse' discards 'const' qualifier from pointer target type [-Wdiscarded-qualifiers]
     bitreverse(FFT_input, FFT_rev_sw);
                ^~~~~~~~~
../src/helloworld.c:43:31: note: expected '_Complex float *' but argument is of type 'const _Complex float *'
 void bitreverse(float complex dataIn[N], float complex dataOut[N]) {
                 ~~~~~~~~~~~~~~^~~~~~~~~
'Finished building: ../src/helloworld.c'
' '
'Building target: lab9_32point.elf'
'Invoking: ARM v7 gcc linker'
arm-none-eabi-gcc -mcpu=cortex-a9 -mfpu=vfpv3 -mfloat-abi=hard -Wl,-build-id=none -specs=Xilinx.spec -Wl,-T -Wl,../src/lscript.ld -L../../lab9_32point_bsp/ps7_cortexa9_0/lib -o "lab9_32point.elf"  ./src/helloworld.o ./src/platform.o   -lm -Wl,--start-group,-lxil,-lgcc,-lc,--end-group
'Finished building target: lab9_32point.elf'
' '
'Invoking: ARM v7 Print Size'
arm-none-eabi-size lab9_32point.elf  |tee "lab9_32point.elf.size"
   text	   data	    bss	    dec	    hex	filename
  70096	   2648	  23328	  96072	  17748	lab9_32point.elf
'Finished building: lab9_32point.elf.size'
' '
21:36:16 **** Incremental Build of configuration Debug for project lab9_32point ****
make pre-build main-build 
a9-linaro-pre-build-step
' '
make: Nothing to be done for 'main-build'.
21:38:54 **** Auto Build of configuration Debug for project lab9_32point ****
make pre-build main-build 
a9-linaro-pre-build-step
' '
'Building file: ../src/helloworld.c'
'Invoking: ARM v7 gcc compiler'
arm-none-eabi-gcc -Wall -O0 -g3 -c -fmessage-length=0 -MT"src/helloworld.o" -mcpu=cortex-a9 -mfpu=vfpv3 -mfloat-abi=hard -I../../lab9_32point_bsp/ps7_cortexa9_0/include -MMD -MP -MF"src/helloworld.d" -MT"src/helloworld.o" -o "src/helloworld.o" "../src/helloworld.c"
In file included from ../src/helloworld.c:6:
../../lab9_32point_bsp/ps7_cortexa9_0/include/xtime_l.h:87:9: note: #pragma message: For the sleep routines, Global timer is being used
 #pragma message ("For the sleep routines, Global timer is being used")
         ^~~~~~~
../src/helloworld.c: In function 'FFT_stages':
../src/helloworld.c:46:15: warning: variable 'group' set but not used [-Wunused-but-set-variable]
     int step, group, index, twiddleIndex;
               ^~~~~
../src/helloworld.c: In function 'main':
../src/helloworld.c:96:16: warning: passing argument 1 of 'FFT_stages' discards 'const' qualifier from pointer target type [-Wdiscarded-qualifiers]
     FFT_stages(FFT_input, FFT_output_sw);
                ^~~~~~~~~
../src/helloworld.c:44:31: note: expected '_Complex float *' but argument is of type 'const _Complex float *'
 void FFT_stages(float complex FFT_input[N], float complex FFT_output[N]) {
                 ~~~~~~~~~~~~~~^~~~~~~~~~~~
../src/helloworld.c:91:19: warning: unused variable 'FFT_rev_sw' [-Wunused-variable]
     float complex FFT_rev_sw[N];
                   ^~~~~~~~~~
'Finished building: ../src/helloworld.c'
' '
'Building target: lab9_32point.elf'
'Invoking: ARM v7 gcc linker'
arm-none-eabi-gcc -mcpu=cortex-a9 -mfpu=vfpv3 -mfloat-abi=hard -Wl,-build-id=none -specs=Xilinx.spec -Wl,-T -Wl,../src/lscript.ld -L../../lab9_32point_bsp/ps7_cortexa9_0/lib -o "lab9_32point.elf"  ./src/helloworld.o ./src/platform.o   -lm -Wl,--start-group,-lxil,-lgcc,-lc,--end-group
'Finished building target: lab9_32point.elf'
' '
'Invoking: ARM v7 Print Size'
arm-none-eabi-size lab9_32point.elf  |tee "lab9_32point.elf.size"
   text	   data	    bss	    dec	    hex	filename
  70032	   2648	  23328	  96008	  17708	lab9_32point.elf
'Finished building: lab9_32point.elf.size'
' '
21:39:08 **** Incremental Build of configuration Debug for project lab9_32point ****
make pre-build main-build 
a9-linaro-pre-build-step
' '
make: Nothing to be done for 'main-build'.
21:40:30 **** Auto Build of configuration Debug for project lab9_32point ****
make pre-build main-build 
a9-linaro-pre-build-step
' '
'Building file: ../src/helloworld.c'
'Invoking: ARM v7 gcc compiler'
arm-none-eabi-gcc -Wall -O0 -g3 -c -fmessage-length=0 -MT"src/helloworld.o" -mcpu=cortex-a9 -mfpu=vfpv3 -mfloat-abi=hard -I../../lab9_32point_bsp/ps7_cortexa9_0/include -MMD -MP -MF"src/helloworld.d" -MT"src/helloworld.o" -o "src/helloworld.o" "../src/helloworld.c"
In file included from ../src/helloworld.c:6:
../../lab9_32point_bsp/ps7_cortexa9_0/include/xtime_l.h:87:9: note: #pragma message: For the sleep routines, Global timer is being used
 #pragma message ("For the sleep routines, Global timer is being used")
         ^~~~~~~
../src/helloworld.c: In function 'FFT_stages':
../src/helloworld.c:46:15: warning: variable 'group' set but not used [-Wunused-but-set-variable]
     int step, group, index, twiddleIndex;
               ^~~~~
../src/helloworld.c: In function 'main':
../src/helloworld.c:96:16: warning: passing argument 1 of 'FFT_stages' discards 'const' qualifier from pointer target type [-Wdiscarded-qualifiers]
     FFT_stages(FFT_input, FFT_output_sw);
                ^~~~~~~~~
../src/helloworld.c:44:31: note: expected '_Complex float *' but argument is of type 'const _Complex float *'
 void FFT_stages(float complex FFT_input[N], float complex FFT_output[N]) {
                 ~~~~~~~~~~~~~~^~~~~~~~~~~~
../src/helloworld.c:91:19: warning: unused variable 'FFT_rev_sw' [-Wunused-variable]
     float complex FFT_rev_sw[N];
                   ^~~~~~~~~~
'Finished building: ../src/helloworld.c'
' '
'Building target: lab9_32point.elf'
'Invoking: ARM v7 gcc linker'
arm-none-eabi-gcc -mcpu=cortex-a9 -mfpu=vfpv3 -mfloat-abi=hard -Wl,-build-id=none -specs=Xilinx.spec -Wl,-T -Wl,../src/lscript.ld -L../../lab9_32point_bsp/ps7_cortexa9_0/lib -o "lab9_32point.elf"  ./src/helloworld.o ./src/platform.o   -lm -Wl,--start-group,-lxil,-lgcc,-lc,--end-group
'Finished building target: lab9_32point.elf'
' '
'Invoking: ARM v7 Print Size'
arm-none-eabi-size lab9_32point.elf  |tee "lab9_32point.elf.size"
   text	   data	    bss	    dec	    hex	filename
  70032	   2648	  23328	  96008	  17708	lab9_32point.elf
'Finished building: lab9_32point.elf.size'
' '
21:40:47 **** Incremental Build of configuration Debug for project lab9_32point ****
make pre-build main-build 
a9-linaro-pre-build-step
' '
make: Nothing to be done for 'main-build'.
21:41:48 **** Auto Build of configuration Debug for project lab9_32point ****
make pre-build main-build 
a9-linaro-pre-build-step
' '
'Building file: ../src/helloworld.c'
'Invoking: ARM v7 gcc compiler'
arm-none-eabi-gcc -Wall -O0 -g3 -c -fmessage-length=0 -MT"src/helloworld.o" -mcpu=cortex-a9 -mfpu=vfpv3 -mfloat-abi=hard -I../../lab9_32point_bsp/ps7_cortexa9_0/include -MMD -MP -MF"src/helloworld.d" -MT"src/helloworld.o" -o "src/helloworld.o" "../src/helloworld.c"
In file included from ../src/helloworld.c:6:
../../lab9_32point_bsp/ps7_cortexa9_0/include/xtime_l.h:87:9: note: #pragma message: For the sleep routines, Global timer is being used
 #pragma message ("For the sleep routines, Global timer is being used")
         ^~~~~~~
../src/helloworld.c: In function 'FFT_stages':
../src/helloworld.c:46:15: warning: variable 'group' set but not used [-Wunused-but-set-variable]
     int step, group, index, twiddleIndex;
               ^~~~~
../src/helloworld.c:45:39: warning: unused variable 'temp3' [-Wunused-variable]
     float complex temp1[N], temp2[N], temp3[N];
                                       ^~~~~
../src/helloworld.c:45:29: warning: variable 'temp2' set but not used [-Wunused-but-set-variable]
     float complex temp1[N], temp2[N], temp3[N];
                             ^~~~~
../src/helloworld.c: In function 'main':
../src/helloworld.c:92:16: warning: passing argument 1 of 'bitreverse' discards 'const' qualifier from pointer target type [-Wdiscarded-qualifiers]
     bitreverse(FFT_input, FFT_rev_sw);
                ^~~~~~~~~
../src/helloworld.c:37:31: note: expected '_Complex float *' but argument is of type 'const _Complex float *'
 void bitreverse(float complex dataIn[N], float complex dataOut[N]) {
                 ~~~~~~~~~~~~~~^~~~~~~~~
'Finished building: ../src/helloworld.c'
' '
'Building target: lab9_32point.elf'
'Invoking: ARM v7 gcc linker'
arm-none-eabi-gcc -mcpu=cortex-a9 -mfpu=vfpv3 -mfloat-abi=hard -Wl,-build-id=none -specs=Xilinx.spec -Wl,-T -Wl,../src/lscript.ld -L../../lab9_32point_bsp/ps7_cortexa9_0/lib -o "lab9_32point.elf"  ./src/helloworld.o ./src/platform.o   -lm -Wl,--start-group,-lxil,-lgcc,-lc,--end-group
'Finished building target: lab9_32point.elf'
' '
'Invoking: ARM v7 Print Size'
arm-none-eabi-size lab9_32point.elf  |tee "lab9_32point.elf.size"
   text	   data	    bss	    dec	    hex	filename
  70344	   2648	  23328	  96320	  17840	lab9_32point.elf
'Finished building: lab9_32point.elf.size'
' '
21:42:00 **** Auto Build of configuration Debug for project lab9_32point ****
make pre-build main-build 
a9-linaro-pre-build-step
' '
'Building file: ../src/helloworld.c'
'Invoking: ARM v7 gcc compiler'
arm-none-eabi-gcc -Wall -O0 -g3 -c -fmessage-length=0 -MT"src/helloworld.o" -mcpu=cortex-a9 -mfpu=vfpv3 -mfloat-abi=hard -I../../lab9_32point_bsp/ps7_cortexa9_0/include -MMD -MP -MF"src/helloworld.d" -MT"src/helloworld.o" -o "src/helloworld.o" "../src/helloworld.c"
In file included from ../src/helloworld.c:6:
../../lab9_32point_bsp/ps7_cortexa9_0/include/xtime_l.h:87:9: note: #pragma message: For the sleep routines, Global timer is being used
 #pragma message ("For the sleep routines, Global timer is being used")
         ^~~~~~~
../src/helloworld.c: In function 'FFT_stages':
../src/helloworld.c:46:15: warning: variable 'group' set but not used [-Wunused-but-set-variable]
     int step, group, index, twiddleIndex;
               ^~~~~
../src/helloworld.c:45:39: warning: unused variable 'temp3' [-Wunused-variable]
     float complex temp1[N], temp2[N], temp3[N];
                                       ^~~~~
../src/helloworld.c:45:29: warning: variable 'temp2' set but not used [-Wunused-but-set-variable]
     float complex temp1[N], temp2[N], temp3[N];
                             ^~~~~
../src/helloworld.c: In function 'main':
../src/helloworld.c:92:16: warning: passing argument 1 of 'bitreverse' discards 'const' qualifier from pointer target type [-Wdiscarded-qualifiers]
     bitreverse(FFT_input, FFT_rev_sw);
                ^~~~~~~~~
../src/helloworld.c:37:31: note: expected '_Complex float *' but argument is of type 'const _Complex float *'
 void bitreverse(float complex dataIn[N], float complex dataOut[N]) {
                 ~~~~~~~~~~~~~~^~~~~~~~~
'Finished building: ../src/helloworld.c'
' '
'Building target: lab9_32point.elf'
'Invoking: ARM v7 gcc linker'
arm-none-eabi-gcc -mcpu=cortex-a9 -mfpu=vfpv3 -mfloat-abi=hard -Wl,-build-id=none -specs=Xilinx.spec -Wl,-T -Wl,../src/lscript.ld -L../../lab9_32point_bsp/ps7_cortexa9_0/lib -o "lab9_32point.elf"  ./src/helloworld.o ./src/platform.o   -lm -Wl,--start-group,-lxil,-lgcc,-lc,--end-group
'Finished building target: lab9_32point.elf'
' '
'Invoking: ARM v7 Print Size'
arm-none-eabi-size lab9_32point.elf  |tee "lab9_32point.elf.size"
   text	   data	    bss	    dec	    hex	filename
  70344	   2648	  23328	  96320	  17840	lab9_32point.elf
'Finished building: lab9_32point.elf.size'
' '
21:42:16 **** Incremental Build of configuration Debug for project lab9_32point ****
make pre-build main-build 
a9-linaro-pre-build-step
' '
make: Nothing to be done for 'main-build'.
21:43:21 **** Auto Build of configuration Debug for project lab9_32point ****
make pre-build main-build 
a9-linaro-pre-build-step
' '
'Building file: ../src/helloworld.c'
'Invoking: ARM v7 gcc compiler'
arm-none-eabi-gcc -Wall -O0 -g3 -c -fmessage-length=0 -MT"src/helloworld.o" -mcpu=cortex-a9 -mfpu=vfpv3 -mfloat-abi=hard -I../../lab9_32point_bsp/ps7_cortexa9_0/include -MMD -MP -MF"src/helloworld.d" -MT"src/helloworld.o" -o "src/helloworld.o" "../src/helloworld.c"
In file included from ../src/helloworld.c:6:
../../lab9_32point_bsp/ps7_cortexa9_0/include/xtime_l.h:87:9: note: #pragma message: For the sleep routines, Global timer is being used
 #pragma message ("For the sleep routines, Global timer is being used")
         ^~~~~~~
../src/helloworld.c: In function 'FFT_stages':
../src/helloworld.c:45:19: warning: unused variable 'temp' [-Wunused-variable]
     float complex temp[N]; // Temporary buffer to hold intermediate results
                   ^~~~
../src/helloworld.c: In function 'main':
../src/helloworld.c:94:16: warning: passing argument 1 of 'FFT_stages' discards 'const' qualifier from pointer target type [-Wdiscarded-qualifiers]
     FFT_stages(FFT_input, FFT_output_sw);
                ^~~~~~~~~
../src/helloworld.c:44:31: note: expected '_Complex float *' but argument is of type 'const _Complex float *'
 void FFT_stages(float complex FFT_input[N], float complex FFT_output[N]) {
                 ~~~~~~~~~~~~~~^~~~~~~~~~~~
'Finished building: ../src/helloworld.c'
' '
'Building target: lab9_32point.elf'
'Invoking: ARM v7 gcc linker'
arm-none-eabi-gcc -mcpu=cortex-a9 -mfpu=vfpv3 -mfloat-abi=hard -Wl,-build-id=none -specs=Xilinx.spec -Wl,-T -Wl,../src/lscript.ld -L../../lab9_32point_bsp/ps7_cortexa9_0/lib -o "lab9_32point.elf"  ./src/helloworld.o ./src/platform.o   -lm -Wl,--start-group,-lxil,-lgcc,-lc,--end-group
'Finished building target: lab9_32point.elf'
' '
'Invoking: ARM v7 Print Size'
arm-none-eabi-size lab9_32point.elf  |tee "lab9_32point.elf.size"
   text	   data	    bss	    dec	    hex	filename
  69840	   2648	  23328	  95816	  17648	lab9_32point.elf
'Finished building: lab9_32point.elf.size'
' '
21:43:33 **** Incremental Build of configuration Debug for project lab9_32point ****
make pre-build main-build 
a9-linaro-pre-build-step
' '
make: Nothing to be done for 'main-build'.
21:46:49 **** Auto Build of configuration Debug for project lab9_32point ****
make pre-build main-build 
a9-linaro-pre-build-step
' '
'Building file: ../src/helloworld.c'
'Invoking: ARM v7 gcc compiler'
arm-none-eabi-gcc -Wall -O0 -g3 -c -fmessage-length=0 -MT"src/helloworld.o" -mcpu=cortex-a9 -mfpu=vfpv3 -mfloat-abi=hard -I../../lab9_32point_bsp/ps7_cortexa9_0/include -MMD -MP -MF"src/helloworld.d" -MT"src/helloworld.o" -o "src/helloworld.o" "../src/helloworld.c"
In file included from ../src/helloworld.c:7:
../../lab9_32point_bsp/ps7_cortexa9_0/include/xtime_l.h:87:9: note: #pragma message: For the sleep routines, Global timer is being used
 #pragma message ("For the sleep routines, Global timer is being used")
         ^~~~~~~
../src/helloworld.c: In function 'main':
../src/helloworld.c:88:16: warning: passing argument 1 of 'FFT_stages' discards 'const' qualifier from pointer target type [-Wdiscarded-qualifiers]
     FFT_stages(FFT_input, FFT_output_sw);
                ^~~~~~~~~
../src/helloworld.c:36:31: note: expected '_Complex float *' but argument is of type 'const _Complex float *'
 void FFT_stages(float complex FFT_input[N], float complex FFT_output[N]) {
                 ~~~~~~~~~~~~~~^~~~~~~~~~~~
../src/helloworld.c:83:37: warning: unused variable 'FFT_output_hw' [-Wunused-variable]
     float complex FFT_output_sw[N], FFT_output_hw[N];
                                     ^~~~~~~~~~~~~
../src/helloworld.c:66:26: warning: unused variable 'PL_end_time' [-Wunused-variable]
     XTime PL_start_time, PL_end_time;
                          ^~~~~~~~~~~
../src/helloworld.c:66:11: warning: unused variable 'PL_start_time' [-Wunused-variable]
     XTime PL_start_time, PL_end_time;
           ^~~~~~~~~~~~~
'Finished building: ../src/helloworld.c'
' '
'Building target: lab9_32point.elf'
'Invoking: ARM v7 gcc linker'
arm-none-eabi-gcc -mcpu=cortex-a9 -mfpu=vfpv3 -mfloat-abi=hard -Wl,-build-id=none -specs=Xilinx.spec -Wl,-T -Wl,../src/lscript.ld -L../../lab9_32point_bsp/ps7_cortexa9_0/lib -o "lab9_32point.elf"  ./src/helloworld.o ./src/platform.o   -lm -Wl,--start-group,-lxil,-lgcc,-lc,--end-group
'Finished building target: lab9_32point.elf'
' '
'Invoking: ARM v7 Print Size'
arm-none-eabi-size lab9_32point.elf  |tee "lab9_32point.elf.size"
   text	   data	    bss	    dec	    hex	filename
  74736	   2648	  23456	 100840	  189e8	lab9_32point.elf
'Finished building: lab9_32point.elf.size'
' '
21:47:06 **** Incremental Build of configuration Debug for project lab9_32point ****
make pre-build main-build 
a9-linaro-pre-build-step
' '
make: Nothing to be done for 'main-build'.
21:49:03 **** Auto Build of configuration Debug for project lab9_32point ****
make pre-build main-build 
a9-linaro-pre-build-step
' '
'Building file: ../src/helloworld.c'
'Invoking: ARM v7 gcc compiler'
arm-none-eabi-gcc -Wall -O0 -g3 -c -fmessage-length=0 -MT"src/helloworld.o" -mcpu=cortex-a9 -mfpu=vfpv3 -mfloat-abi=hard -I../../lab9_32point_bsp/ps7_cortexa9_0/include -MMD -MP -MF"src/helloworld.d" -MT"src/helloworld.o" -o "src/helloworld.o" "../src/helloworld.c"
In file included from ../src/helloworld.c:6:
../../lab9_32point_bsp/ps7_cortexa9_0/include/xtime_l.h:87:9: note: #pragma message: For the sleep routines, Global timer is being used
 #pragma message ("For the sleep routines, Global timer is being used")
         ^~~~~~~
../src/helloworld.c: In function 'FFT_stages':
../src/helloworld.c:46:15: warning: variable 'group' set but not used [-Wunused-but-set-variable]
     int step, group, index, twiddleIndex;
               ^~~~~
../src/helloworld.c:45:39: warning: unused variable 'temp3' [-Wunused-variable]
     float complex temp1[N], temp2[N], temp3[N];
                                       ^~~~~
../src/helloworld.c:45:29: warning: variable 'temp2' set but not used [-Wunused-but-set-variable]
     float complex temp1[N], temp2[N], temp3[N];
                             ^~~~~
../src/helloworld.c: In function 'main':
../src/helloworld.c:92:16: warning: passing argument 1 of 'bitreverse' discards 'const' qualifier from pointer target type [-Wdiscarded-qualifiers]
     bitreverse(FFT_input, FFT_rev_sw);
                ^~~~~~~~~
../src/helloworld.c:37:31: note: expected '_Complex float *' but argument is of type 'const _Complex float *'
 void bitreverse(float complex dataIn[N], float complex dataOut[N]) {
                 ~~~~~~~~~~~~~~^~~~~~~~~
'Finished building: ../src/helloworld.c'
' '
'Building target: lab9_32point.elf'
'Invoking: ARM v7 gcc linker'
arm-none-eabi-gcc -mcpu=cortex-a9 -mfpu=vfpv3 -mfloat-abi=hard -Wl,-build-id=none -specs=Xilinx.spec -Wl,-T -Wl,../src/lscript.ld -L../../lab9_32point_bsp/ps7_cortexa9_0/lib -o "lab9_32point.elf"  ./src/helloworld.o ./src/platform.o   -lm -Wl,--start-group,-lxil,-lgcc,-lc,--end-group
'Finished building target: lab9_32point.elf'
' '
'Invoking: ARM v7 Print Size'
arm-none-eabi-size lab9_32point.elf  |tee "lab9_32point.elf.size"
   text	   data	    bss	    dec	    hex	filename
  70344	   2648	  23328	  96320	  17840	lab9_32point.elf
'Finished building: lab9_32point.elf.size'
' '
21:50:10 **** Incremental Build of configuration Debug for project lab9_32point ****
make pre-build main-build 
a9-linaro-pre-build-step
' '
make: Nothing to be done for 'main-build'.
21:51:12 **** Auto Build of configuration Debug for project lab9_32point ****
make pre-build main-build 
a9-linaro-pre-build-step
' '
'Building file: ../src/helloworld.c'
'Invoking: ARM v7 gcc compiler'
arm-none-eabi-gcc -Wall -O0 -g3 -c -fmessage-length=0 -MT"src/helloworld.o" -mcpu=cortex-a9 -mfpu=vfpv3 -mfloat-abi=hard -I../../lab9_32point_bsp/ps7_cortexa9_0/include -MMD -MP -MF"src/helloworld.d" -MT"src/helloworld.o" -o "src/helloworld.o" "../src/helloworld.c"
In file included from ../src/helloworld.c:7:
../../lab9_32point_bsp/ps7_cortexa9_0/include/xtime_l.h:87:9: note: #pragma message: For the sleep routines, Global timer is being used
 #pragma message ("For the sleep routines, Global timer is being used")
         ^~~~~~~
../src/helloworld.c: In function 'main':
../src/helloworld.c:90:16: warning: passing argument 1 of 'FFT_stages' discards 'const' qualifier from pointer target type [-Wdiscarded-qualifiers]
     FFT_stages(FFT_input, FFT_output_sw);
                ^~~~~~~~~
../src/helloworld.c:37:31: note: expected '_Complex float *' but argument is of type 'const _Complex float *'
 void FFT_stages(float complex FFT_input[N], float complex FFT_output[N]) {
                 ~~~~~~~~~~~~~~^~~~~~~~~~~~
'Finished building: ../src/helloworld.c'
' '
'Building target: lab9_32point.elf'
'Invoking: ARM v7 gcc linker'
arm-none-eabi-gcc -mcpu=cortex-a9 -mfpu=vfpv3 -mfloat-abi=hard -Wl,-build-id=none -specs=Xilinx.spec -Wl,-T -Wl,../src/lscript.ld -L../../lab9_32point_bsp/ps7_cortexa9_0/lib -o "lab9_32point.elf"  ./src/helloworld.o ./src/platform.o   -lm -Wl,--start-group,-lxil,-lgcc,-lc,--end-group
'Finished building target: lab9_32point.elf'
' '
'Invoking: ARM v7 Print Size'
arm-none-eabi-size lab9_32point.elf  |tee "lab9_32point.elf.size"
   text	   data	    bss	    dec	    hex	filename
  75388	   2648	  23456	 101492	  18c74	lab9_32point.elf
'Finished building: lab9_32point.elf.size'
' '
21:51:27 **** Incremental Build of configuration Debug for project lab9_32point ****
make pre-build main-build 
a9-linaro-pre-build-step
' '
make: Nothing to be done for 'main-build'.
21:52:38 **** Incremental Build of configuration Debug for project lab9_32point ****
make pre-build main-build 
a9-linaro-pre-build-step
' '
make: Nothing to be done for 'main-build'.
21:54:40 **** Incremental Build of configuration Debug for project lab9_32point ****
make pre-build main-build 
a9-linaro-pre-build-step
' '
make: Nothing to be done for 'main-build'.
22:17:57 **** Auto Build of configuration Debug for project lab9_32point ****
make pre-build main-build 
a9-linaro-pre-build-step
' '
'Building file: ../src/helloworld.c'
'Invoking: ARM v7 gcc compiler'
arm-none-eabi-gcc -Wall -O0 -g3 -c -fmessage-length=0 -MT"src/helloworld.o" -mcpu=cortex-a9 -mfpu=vfpv3 -mfloat-abi=hard -I../../lab9_32point_bsp/ps7_cortexa9_0/include -MMD -MP -MF"src/helloworld.d" -MT"src/helloworld.o" -o "src/helloworld.o" "../src/helloworld.c"
In file included from ../src/helloworld.c:6:
../../lab9_32point_bsp/ps7_cortexa9_0/include/xtime_l.h:87:9: note: #pragma message: For the sleep routines, Global timer is being used
 #pragma message ("For the sleep routines, Global timer is being used")
         ^~~~~~~
../src/helloworld.c: In function 'FFT_stages':
../src/helloworld.c:46:15: warning: variable 'group' set but not used [-Wunused-but-set-variable]
     int step, group, twiddleIndex;
               ^~~~~
../src/helloworld.c:45:29: warning: variable 'temp2' set but not used [-Wunused-but-set-variable]
     float complex temp1[N], temp2[N];
                             ^~~~~
../src/helloworld.c: In function 'main':
../src/helloworld.c:92:16: warning: passing argument 1 of 'bitreverse' discards 'const' qualifier from pointer target type [-Wdiscarded-qualifiers]
     bitreverse(FFT_input, FFT_rev_sw);
                ^~~~~~~~~
../src/helloworld.c:37:31: note: expected '_Complex float *' but argument is of type 'const _Complex float *'
 void bitreverse(float complex dataIn[N], float complex dataOut[N]) {
                 ~~~~~~~~~~~~~~^~~~~~~~~
'Finished building: ../src/helloworld.c'
' '
'Building target: lab9_32point.elf'
'Invoking: ARM v7 gcc linker'
arm-none-eabi-gcc -mcpu=cortex-a9 -mfpu=vfpv3 -mfloat-abi=hard -Wl,-build-id=none -specs=Xilinx.spec -Wl,-T -Wl,../src/lscript.ld -L../../lab9_32point_bsp/ps7_cortexa9_0/lib -o "lab9_32point.elf"  ./src/helloworld.o ./src/platform.o   -lm -Wl,--start-group,-lxil,-lgcc,-lc,--end-group
'Finished building target: lab9_32point.elf'
' '
'Invoking: ARM v7 Print Size'
arm-none-eabi-size lab9_32point.elf  |tee "lab9_32point.elf.size"
   text	   data	    bss	    dec	    hex	filename
  70344	   2648	  23328	  96320	  17840	lab9_32point.elf
'Finished building: lab9_32point.elf.size'
' '
22:18:10 **** Incremental Build of configuration Debug for project lab9_32point ****
make pre-build main-build 
a9-linaro-pre-build-step
' '
make: Nothing to be done for 'main-build'.
22:26:13 **** Auto Build of configuration Debug for project lab9_32point ****
make pre-build main-build 
a9-linaro-pre-build-step
' '
'Building file: ../src/helloworld.c'
'Invoking: ARM v7 gcc compiler'
arm-none-eabi-gcc -Wall -O0 -g3 -c -fmessage-length=0 -MT"src/helloworld.o" -mcpu=cortex-a9 -mfpu=vfpv3 -mfloat-abi=hard -I../../lab9_32point_bsp/ps7_cortexa9_0/include -MMD -MP -MF"src/helloworld.d" -MT"src/helloworld.o" -o "src/helloworld.o" "../src/helloworld.c"
In file included from ../src/helloworld.c:6:
../../lab9_32point_bsp/ps7_cortexa9_0/include/xtime_l.h:87:9: note: #pragma message: For the sleep routines, Global timer is being used
 #pragma message ("For the sleep routines, Global timer is being used")
         ^~~~~~~
../src/helloworld.c: In function 'main':
../src/helloworld.c:104:16: warning: passing argument 1 of 'FFT_stages' discards 'const' qualifier from pointer target type [-Wdiscarded-qualifiers]
     FFT_stages(FFT_input, FFT_output);
                ^~~~~~~~~
../src/helloworld.c:33:31: note: expected '_Complex float *' but argument is of type 'const _Complex float *'
 void FFT_stages(float complex FFT_input[N], float complex FFT_output[N]) {
                 ~~~~~~~~~~~~~~^~~~~~~~~~~~
'Finished building: ../src/helloworld.c'
' '
'Building target: lab9_32point.elf'
'Invoking: ARM v7 gcc linker'
arm-none-eabi-gcc -mcpu=cortex-a9 -mfpu=vfpv3 -mfloat-abi=hard -Wl,-build-id=none -specs=Xilinx.spec -Wl,-T -Wl,../src/lscript.ld -L../../lab9_32point_bsp/ps7_cortexa9_0/lib -o "lab9_32point.elf"  ./src/helloworld.o ./src/platform.o   -lm -Wl,--start-group,-lxil,-lgcc,-lc,--end-group
'Finished building target: lab9_32point.elf'
' '
'Invoking: ARM v7 Print Size'
arm-none-eabi-size lab9_32point.elf  |tee "lab9_32point.elf.size"
   text	   data	    bss	    dec	    hex	filename
  64820	   2584	  23456	  90860	  162ec	lab9_32point.elf
'Finished building: lab9_32point.elf.size'
' '
22:26:23 **** Incremental Build of configuration Debug for project lab9_32point ****
make pre-build main-build 
a9-linaro-pre-build-step
' '
make: Nothing to be done for 'main-build'.
22:33:32 **** Auto Build of configuration Debug for project lab9_32point ****
make pre-build main-build 
a9-linaro-pre-build-step
' '
'Building file: ../src/helloworld.c'
'Invoking: ARM v7 gcc compiler'
arm-none-eabi-gcc -Wall -O0 -g3 -c -fmessage-length=0 -MT"src/helloworld.o" -mcpu=cortex-a9 -mfpu=vfpv3 -mfloat-abi=hard -I../../lab9_32point_bsp/ps7_cortexa9_0/include -MMD -MP -MF"src/helloworld.d" -MT"src/helloworld.o" -o "src/helloworld.o" "../src/helloworld.c"
In file included from ../src/helloworld.c:6:
../../lab9_32point_bsp/ps7_cortexa9_0/include/xtime_l.h:87:9: note: #pragma message: For the sleep routines, Global timer is being used
 #pragma message ("For the sleep routines, Global timer is being used")
         ^~~~~~~
'Finished building: ../src/helloworld.c'
' '
'Building target: lab9_32point.elf'
'Invoking: ARM v7 gcc linker'
arm-none-eabi-gcc -mcpu=cortex-a9 -mfpu=vfpv3 -mfloat-abi=hard -Wl,-build-id=none -specs=Xilinx.spec -Wl,-T -Wl,../src/lscript.ld -L../../lab9_32point_bsp/ps7_cortexa9_0/lib -o "lab9_32point.elf"  ./src/helloworld.o ./src/platform.o   -lm -Wl,--start-group,-lxil,-lgcc,-lc,--end-group
'Finished building target: lab9_32point.elf'
' '
'Invoking: ARM v7 Print Size'
arm-none-eabi-size lab9_32point.elf  |tee "lab9_32point.elf.size"
   text	   data	    bss	    dec	    hex	filename
  69968	   2648	  23328	  95944	  176c8	lab9_32point.elf
'Finished building: lab9_32point.elf.size'
' '
22:33:40 **** Incremental Build of configuration Debug for project lab9_32point ****
make pre-build main-build 
a9-linaro-pre-build-step
' '
make: Nothing to be done for 'main-build'.
22:34:59 **** Auto Build of configuration Debug for project lab9_32point ****
make pre-build main-build 
a9-linaro-pre-build-step
' '
'Building file: ../src/helloworld.c'
'Invoking: ARM v7 gcc compiler'
arm-none-eabi-gcc -Wall -O0 -g3 -c -fmessage-length=0 -MT"src/helloworld.o" -mcpu=cortex-a9 -mfpu=vfpv3 -mfloat-abi=hard -I../../lab9_32point_bsp/ps7_cortexa9_0/include -MMD -MP -MF"src/helloworld.d" -MT"src/helloworld.o" -o "src/helloworld.o" "../src/helloworld.c"
In file included from ../src/helloworld.c:6:
../../lab9_32point_bsp/ps7_cortexa9_0/include/xtime_l.h:87:9: note: #pragma message: For the sleep routines, Global timer is being used
 #pragma message ("For the sleep routines, Global timer is being used")
         ^~~~~~~
../src/helloworld.c: In function 'main':
../src/helloworld.c:98:16: warning: passing argument 1 of 'bitreverse' discards 'const' qualifier from pointer target type [-Wdiscarded-qualifiers]
     bitreverse(FFT_input, FFT_rev_sw);
                ^~~~~~~~~
../src/helloworld.c:38:31: note: expected '_Complex float *' but argument is of type 'const _Complex float *'
 void bitreverse(float complex dataIn[N], float complex dataOut[N]) {
                 ~~~~~~~~~~~~~~^~~~~~~~~
'Finished building: ../src/helloworld.c'
' '
'Building target: lab9_32point.elf'
'Invoking: ARM v7 gcc linker'
arm-none-eabi-gcc -mcpu=cortex-a9 -mfpu=vfpv3 -mfloat-abi=hard -Wl,-build-id=none -specs=Xilinx.spec -Wl,-T -Wl,../src/lscript.ld -L../../lab9_32point_bsp/ps7_cortexa9_0/lib -o "lab9_32point.elf"  ./src/helloworld.o ./src/platform.o   -lm -Wl,--start-group,-lxil,-lgcc,-lc,--end-group
'Finished building target: lab9_32point.elf'
' '
'Invoking: ARM v7 Print Size'
arm-none-eabi-size lab9_32point.elf  |tee "lab9_32point.elf.size"
   text	   data	    bss	    dec	    hex	filename
  70280	   2648	  23328	  96256	  17800	lab9_32point.elf
'Finished building: lab9_32point.elf.size'
' '
22:35:07 **** Incremental Build of configuration Debug for project lab9_32point ****
make pre-build main-build 
a9-linaro-pre-build-step
' '
make: Nothing to be done for 'main-build'.
22:35:32 **** Incremental Build of configuration Debug for project lab9_32point ****
make pre-build main-build 
a9-linaro-pre-build-step
' '
make: Nothing to be done for 'main-build'.
22:38:07 **** Auto Build of configuration Debug for project lab9_32point ****
make pre-build main-build 
a9-linaro-pre-build-step
' '
'Building file: ../src/helloworld.c'
'Invoking: ARM v7 gcc compiler'
arm-none-eabi-gcc -Wall -O0 -g3 -c -fmessage-length=0 -MT"src/helloworld.o" -mcpu=cortex-a9 -mfpu=vfpv3 -mfloat-abi=hard -I../../lab9_32point_bsp/ps7_cortexa9_0/include -MMD -MP -MF"src/helloworld.d" -MT"src/helloworld.o" -o "src/helloworld.o" "../src/helloworld.c"
In file included from ../src/helloworld.c:6:
../../lab9_32point_bsp/ps7_cortexa9_0/include/xtime_l.h:87:9: note: #pragma message: For the sleep routines, Global timer is being used
 #pragma message ("For the sleep routines, Global timer is being used")
         ^~~~~~~
../src/helloworld.c: In function 'main':
../src/helloworld.c:98:16: warning: passing argument 1 of 'bitreverse' discards 'const' qualifier from pointer target type [-Wdiscarded-qualifiers]
     bitreverse(FFT_input, FFT_rev_sw);
                ^~~~~~~~~
../src/helloworld.c:38:31: note: expected '_Complex float *' but argument is of type 'const _Complex float *'
 void bitreverse(float complex dataIn[N], float complex dataOut[N]) {
                 ~~~~~~~~~~~~~~^~~~~~~~~
'Finished building: ../src/helloworld.c'
' '
'Building target: lab9_32point.elf'
'Invoking: ARM v7 gcc linker'
arm-none-eabi-gcc -mcpu=cortex-a9 -mfpu=vfpv3 -mfloat-abi=hard -Wl,-build-id=none -specs=Xilinx.spec -Wl,-T -Wl,../src/lscript.ld -L../../lab9_32point_bsp/ps7_cortexa9_0/lib -o "lab9_32point.elf"  ./src/helloworld.o ./src/platform.o   -lm -Wl,--start-group,-lxil,-lgcc,-lc,--end-group
'Finished building target: lab9_32point.elf'
' '
'Invoking: ARM v7 Print Size'
arm-none-eabi-size lab9_32point.elf  |tee "lab9_32point.elf.size"
   text	   data	    bss	    dec	    hex	filename
  70420	   2648	  23328	  96396	  1788c	lab9_32point.elf
'Finished building: lab9_32point.elf.size'
' '
22:38:19 **** Incremental Build of configuration Debug for project lab9_32point ****
make pre-build main-build 
a9-linaro-pre-build-step
' '
make: Nothing to be done for 'main-build'.
22:38:49 **** Incremental Build of configuration Debug for project lab9_32point ****
make pre-build main-build 
a9-linaro-pre-build-step
' '
make: Nothing to be done for 'main-build'.
22:39:42 **** Auto Build of configuration Debug for project lab9_32point ****
make pre-build main-build 
a9-linaro-pre-build-step
' '
'Building file: ../src/helloworld.c'
'Invoking: ARM v7 gcc compiler'
arm-none-eabi-gcc -Wall -O0 -g3 -c -fmessage-length=0 -MT"src/helloworld.o" -mcpu=cortex-a9 -mfpu=vfpv3 -mfloat-abi=hard -I../../lab9_32point_bsp/ps7_cortexa9_0/include -MMD -MP -MF"src/helloworld.d" -MT"src/helloworld.o" -o "src/helloworld.o" "../src/helloworld.c"
In file included from ../src/helloworld.c:6:
../../lab9_32point_bsp/ps7_cortexa9_0/include/xtime_l.h:87:9: note: #pragma message: For the sleep routines, Global timer is being used
 #pragma message ("For the sleep routines, Global timer is being used")
         ^~~~~~~
'Finished building: ../src/helloworld.c'
' '
'Building target: lab9_32point.elf'
'Invoking: ARM v7 gcc linker'
arm-none-eabi-gcc -mcpu=cortex-a9 -mfpu=vfpv3 -mfloat-abi=hard -Wl,-build-id=none -specs=Xilinx.spec -Wl,-T -Wl,../src/lscript.ld -L../../lab9_32point_bsp/ps7_cortexa9_0/lib -o "lab9_32point.elf"  ./src/helloworld.o ./src/platform.o   -lm -Wl,--start-group,-lxil,-lgcc,-lc,--end-group
'Finished building target: lab9_32point.elf'
' '
'Invoking: ARM v7 Print Size'
arm-none-eabi-size lab9_32point.elf  |tee "lab9_32point.elf.size"
   text	   data	    bss	    dec	    hex	filename
  69968	   2648	  23328	  95944	  176c8	lab9_32point.elf
'Finished building: lab9_32point.elf.size'
' '
22:39:51 **** Incremental Build of configuration Debug for project lab9_32point ****
make pre-build main-build 
a9-linaro-pre-build-step
' '
make: Nothing to be done for 'main-build'.
22:40:18 **** Incremental Build of configuration Debug for project lab9_32point ****
make pre-build main-build 
a9-linaro-pre-build-step
' '
make: Nothing to be done for 'main-build'.
22:41:48 **** Incremental Build of configuration Debug for project lab9_32point ****
make pre-build main-build 
a9-linaro-pre-build-step
' '
make: Nothing to be done for 'main-build'.
22:42:14 **** Incremental Build of configuration Debug for project lab9_32point ****
make pre-build main-build 
a9-linaro-pre-build-step
' '
make: Nothing to be done for 'main-build'.
22:43:08 **** Auto Build of configuration Debug for project lab9_32point ****
make pre-build main-build 
a9-linaro-pre-build-step
' '
'Building file: ../src/helloworld.c'
'Invoking: ARM v7 gcc compiler'
arm-none-eabi-gcc -Wall -O0 -g3 -c -fmessage-length=0 -MT"src/helloworld.o" -mcpu=cortex-a9 -mfpu=vfpv3 -mfloat-abi=hard -I../../lab9_32point_bsp/ps7_cortexa9_0/include -MMD -MP -MF"src/helloworld.d" -MT"src/helloworld.o" -o "src/helloworld.o" "../src/helloworld.c"
In file included from ../src/helloworld.c:6:
../../lab9_32point_bsp/ps7_cortexa9_0/include/xtime_l.h:87:9: note: #pragma message: For the sleep routines, Global timer is being used
 #pragma message ("For the sleep routines, Global timer is being used")
         ^~~~~~~
../src/helloworld.c: In function 'main':
../src/helloworld.c:98:16: warning: passing argument 1 of 'bitreverse' discards 'const' qualifier from pointer target type [-Wdiscarded-qualifiers]
     bitreverse(FFT_input, FFT_rev_sw);
                ^~~~~~~~~
../src/helloworld.c:38:31: note: expected '_Complex float *' but argument is of type 'const _Complex float *'
 void bitreverse(float complex dataIn[N], float complex dataOut[N]) {
                 ~~~~~~~~~~~~~~^~~~~~~~~
'Finished building: ../src/helloworld.c'
' '
'Building target: lab9_32point.elf'
'Invoking: ARM v7 gcc linker'
arm-none-eabi-gcc -mcpu=cortex-a9 -mfpu=vfpv3 -mfloat-abi=hard -Wl,-build-id=none -specs=Xilinx.spec -Wl,-T -Wl,../src/lscript.ld -L../../lab9_32point_bsp/ps7_cortexa9_0/lib -o "lab9_32point.elf"  ./src/helloworld.o ./src/platform.o   -lm -Wl,--start-group,-lxil,-lgcc,-lc,--end-group
'Finished building target: lab9_32point.elf'
' '
'Invoking: ARM v7 Print Size'
arm-none-eabi-size lab9_32point.elf  |tee "lab9_32point.elf.size"
   text	   data	    bss	    dec	    hex	filename
  70420	   2648	  23328	  96396	  1788c	lab9_32point.elf
'Finished building: lab9_32point.elf.size'
' '
22:43:20 **** Incremental Build of configuration Debug for project lab9_32point ****
make pre-build main-build 
a9-linaro-pre-build-step
' '
make: Nothing to be done for 'main-build'.
22:43:56 **** Incremental Build of configuration Debug for project lab9_32point ****
make pre-build main-build 
a9-linaro-pre-build-step
' '
make: Nothing to be done for 'main-build'.
22:44:53 **** Auto Build of configuration Debug for project lab9_32point ****
make pre-build main-build 
a9-linaro-pre-build-step
' '
'Building file: ../src/helloworld.c'
'Invoking: ARM v7 gcc compiler'
arm-none-eabi-gcc -Wall -O0 -g3 -c -fmessage-length=0 -MT"src/helloworld.o" -mcpu=cortex-a9 -mfpu=vfpv3 -mfloat-abi=hard -I../../lab9_32point_bsp/ps7_cortexa9_0/include -MMD -MP -MF"src/helloworld.d" -MT"src/helloworld.o" -o "src/helloworld.o" "../src/helloworld.c"
In file included from ../src/helloworld.c:6:
../../lab9_32point_bsp/ps7_cortexa9_0/include/xtime_l.h:87:9: note: #pragma message: For the sleep routines, Global timer is being used
 #pragma message ("For the sleep routines, Global timer is being used")
         ^~~~~~~
'Finished building: ../src/helloworld.c'
' '
'Building target: lab9_32point.elf'
'Invoking: ARM v7 gcc linker'
arm-none-eabi-gcc -mcpu=cortex-a9 -mfpu=vfpv3 -mfloat-abi=hard -Wl,-build-id=none -specs=Xilinx.spec -Wl,-T -Wl,../src/lscript.ld -L../../lab9_32point_bsp/ps7_cortexa9_0/lib -o "lab9_32point.elf"  ./src/helloworld.o ./src/platform.o   -lm -Wl,--start-group,-lxil,-lgcc,-lc,--end-group
'Finished building target: lab9_32point.elf'
' '
'Invoking: ARM v7 Print Size'
arm-none-eabi-size lab9_32point.elf  |tee "lab9_32point.elf.size"
   text	   data	    bss	    dec	    hex	filename
  69968	   2648	  23328	  95944	  176c8	lab9_32point.elf
'Finished building: lab9_32point.elf.size'
' '
22:55:34 **** Auto Build of configuration Debug for project lab9_32point ****
make pre-build main-build 
a9-linaro-pre-build-step
' '
'Building file: ../src/helloworld.c'
'Invoking: ARM v7 gcc compiler'
arm-none-eabi-gcc -Wall -O0 -g3 -c -fmessage-length=0 -MT"src/helloworld.o" -mcpu=cortex-a9 -mfpu=vfpv3 -mfloat-abi=hard -I../../lab9_32point_bsp/ps7_cortexa9_0/include -MMD -MP -MF"src/helloworld.d" -MT"src/helloworld.o" -o "src/helloworld.o" "../src/helloworld.c"
In file included from ../src/helloworld.c:6:
../../lab9_32point_bsp/ps7_cortexa9_0/include/xtime_l.h:87:9: note: #pragma message: For the sleep routines, Global timer is being used
 #pragma message ("For the sleep routines, Global timer is being used")
         ^~~~~~~
../src/helloworld.c: In function 'FFT_stages':
../src/helloworld.c:46:41: error: 'M_PI' undeclared (first use in this function)
         float complex Wm = cexpf(-2.0 * M_PI * I / m);
                                         ^~~~
../src/helloworld.c:46:41: note: each undeclared identifier is reported only once for each function it appears in
../src/helloworld.c:40:29: warning: unused variable 'temp2' [-Wunused-variable]
     float complex temp1[N], temp2[N];
                             ^~~~~
../src/helloworld.c:40:19: warning: unused variable 'temp1' [-Wunused-variable]
     float complex temp1[N], temp2[N];
                   ^~~~~
../src/helloworld.c: In function 'main':
../src/helloworld.c:85:16: warning: passing argument 1 of 'bitreverse' discards 'const' qualifier from pointer target type [-Wdiscarded-qualifiers]
     bitreverse(FFT_input, FFT_rev_sw);
                ^~~~~~~~~
../src/helloworld.c:32:31: note: expected '_Complex float *' but argument is of type 'const _Complex float *'
 void bitreverse(float complex dataIn[N], float complex dataOut[N]) {
                 ~~~~~~~~~~~~~~^~~~~~~~~
make: *** [src/subdir.mk:26: src/helloworld.o] Error 1
22:57:48 **** Auto Build of configuration Debug for project lab9_32point ****
make pre-build main-build 
a9-linaro-pre-build-step
' '
'Building file: ../src/helloworld.c'
'Invoking: ARM v7 gcc compiler'
arm-none-eabi-gcc -Wall -O0 -g3 -c -fmessage-length=0 -MT"src/helloworld.o" -mcpu=cortex-a9 -mfpu=vfpv3 -mfloat-abi=hard -I../../lab9_32point_bsp/ps7_cortexa9_0/include -MMD -MP -MF"src/helloworld.d" -MT"src/helloworld.o" -o "src/helloworld.o" "../src/helloworld.c"
In file included from ../src/helloworld.c:5:
../../lab9_32point_bsp/ps7_cortexa9_0/include/xtime_l.h:87:9: note: #pragma message: For the sleep routines, Global timer is being used
 #pragma message ("For the sleep routines, Global timer is being used")
         ^~~~~~~
../src/helloworld.c: In function 'FFT_stages':
../src/helloworld.c:63:13: warning: unused variable 'temp' [-Wunused-variable]
     Complex temp[N];
             ^~~~
'Finished building: ../src/helloworld.c'
' '
'Building target: lab9_32point.elf'
'Invoking: ARM v7 gcc linker'
arm-none-eabi-gcc -mcpu=cortex-a9 -mfpu=vfpv3 -mfloat-abi=hard -Wl,-build-id=none -specs=Xilinx.spec -Wl,-T -Wl,../src/lscript.ld -L../../lab9_32point_bsp/ps7_cortexa9_0/lib -o "lab9_32point.elf"  ./src/helloworld.o ./src/platform.o   -lm -Wl,--start-group,-lxil,-lgcc,-lc,--end-group
'Finished building target: lab9_32point.elf'
' '
'Invoking: ARM v7 Print Size'
arm-none-eabi-size lab9_32point.elf  |tee "lab9_32point.elf.size"
   text	   data	    bss	    dec	    hex	filename
  73832	   2648	  23328	  99808	  185e0	lab9_32point.elf
'Finished building: lab9_32point.elf.size'
' '
22:57:59 **** Incremental Build of configuration Debug for project lab9_32point ****
make pre-build main-build 
a9-linaro-pre-build-step
' '
make: Nothing to be done for 'main-build'.
23:01:30 **** Auto Build of configuration Debug for project lab9_32point ****
make pre-build main-build 
a9-linaro-pre-build-step
' '
'Building file: ../src/helloworld.c'
'Invoking: ARM v7 gcc compiler'
arm-none-eabi-gcc -Wall -O0 -g3 -c -fmessage-length=0 -MT"src/helloworld.o" -mcpu=cortex-a9 -mfpu=vfpv3 -mfloat-abi=hard -I../../lab9_32point_bsp/ps7_cortexa9_0/include -MMD -MP -MF"src/helloworld.d" -MT"src/helloworld.o" -o "src/helloworld.o" "../src/helloworld.c"
In file included from ../src/helloworld.c:5:
../../lab9_32point_bsp/ps7_cortexa9_0/include/xtime_l.h:87:9: note: #pragma message: For the sleep routines, Global timer is being used
 #pragma message ("For the sleep routines, Global timer is being used")
         ^~~~~~~
../src/helloworld.c: In function 'FFT_stages':
../src/helloworld.c:63:13: warning: unused variable 'temp' [-Wunused-variable]
     Complex temp[N];
             ^~~~
'Finished building: ../src/helloworld.c'
' '
'Building target: lab9_32point.elf'
'Invoking: ARM v7 gcc linker'
arm-none-eabi-gcc -mcpu=cortex-a9 -mfpu=vfpv3 -mfloat-abi=hard -Wl,-build-id=none -specs=Xilinx.spec -Wl,-T -Wl,../src/lscript.ld -L../../lab9_32point_bsp/ps7_cortexa9_0/lib -o "lab9_32point.elf"  ./src/helloworld.o ./src/platform.o   -lm -Wl,--start-group,-lxil,-lgcc,-lc,--end-group
'Finished building target: lab9_32point.elf'
' '
'Invoking: ARM v7 Print Size'
arm-none-eabi-size lab9_32point.elf  |tee "lab9_32point.elf.size"
   text	   data	    bss	    dec	    hex	filename
  73832	   2648	  23328	  99808	  185e0	lab9_32point.elf
'Finished building: lab9_32point.elf.size'
' '
23:02:05 **** Incremental Build of configuration Debug for project lab9_32point ****
make pre-build main-build 
a9-linaro-pre-build-step
' '
make: Nothing to be done for 'main-build'.
23:05:59 **** Auto Build of configuration Debug for project lab9_32point ****
make pre-build main-build 
a9-linaro-pre-build-step
' '
'Building file: ../src/helloworld.c'
'Invoking: ARM v7 gcc compiler'
arm-none-eabi-gcc -Wall -O0 -g3 -c -fmessage-length=0 -MT"src/helloworld.o" -mcpu=cortex-a9 -mfpu=vfpv3 -mfloat-abi=hard -I../../lab9_32point_bsp/ps7_cortexa9_0/include -MMD -MP -MF"src/helloworld.d" -MT"src/helloworld.o" -o "src/helloworld.o" "../src/helloworld.c"
In file included from ../src/helloworld.c:6:
../../lab9_32point_bsp/ps7_cortexa9_0/include/xtime_l.h:87:9: note: #pragma message: For the sleep routines, Global timer is being used
 #pragma message ("For the sleep routines, Global timer is being used")
         ^~~~~~~
'Finished building: ../src/helloworld.c'
' '
'Building target: lab9_32point.elf'
'Invoking: ARM v7 gcc linker'
arm-none-eabi-gcc -mcpu=cortex-a9 -mfpu=vfpv3 -mfloat-abi=hard -Wl,-build-id=none -specs=Xilinx.spec -Wl,-T -Wl,../src/lscript.ld -L../../lab9_32point_bsp/ps7_cortexa9_0/lib -o "lab9_32point.elf"  ./src/helloworld.o ./src/platform.o   -lm -Wl,--start-group,-lxil,-lgcc,-lc,--end-group
'Finished building target: lab9_32point.elf'
' '
'Invoking: ARM v7 Print Size'
arm-none-eabi-size lab9_32point.elf  |tee "lab9_32point.elf.size"
   text	   data	    bss	    dec	    hex	filename
  73896	   2648	  23328	  99872	  18620	lab9_32point.elf
'Finished building: lab9_32point.elf.size'
' '
23:06:20 **** Incremental Build of configuration Debug for project lab9_32point ****
make pre-build main-build 
a9-linaro-pre-build-step
' '
make: Nothing to be done for 'main-build'.
23:06:44 **** Incremental Build of configuration Debug for project lab9_32point ****
make pre-build main-build 
a9-linaro-pre-build-step
' '
make: Nothing to be done for 'main-build'.
23:15:42 **** Auto Build of configuration Debug for project lab9_32point ****
make pre-build main-build 
a9-linaro-pre-build-step
' '
'Building file: ../src/helloworld.c'
'Invoking: ARM v7 gcc compiler'
arm-none-eabi-gcc -Wall -O0 -g3 -c -fmessage-length=0 -MT"src/helloworld.o" -mcpu=cortex-a9 -mfpu=vfpv3 -mfloat-abi=hard -I../../lab9_32point_bsp/ps7_cortexa9_0/include -MMD -MP -MF"src/helloworld.d" -MT"src/helloworld.o" -o "src/helloworld.o" "../src/helloworld.c"
In file included from ../src/helloworld.c:6:
../../lab9_32point_bsp/ps7_cortexa9_0/include/xtime_l.h:87:9: note: #pragma message: For the sleep routines, Global timer is being used
 #pragma message ("For the sleep routines, Global timer is being used")
         ^~~~~~~
'Finished building: ../src/helloworld.c'
' '
'Building target: lab9_32point.elf'
'Invoking: ARM v7 gcc linker'
arm-none-eabi-gcc -mcpu=cortex-a9 -mfpu=vfpv3 -mfloat-abi=hard -Wl,-build-id=none -specs=Xilinx.spec -Wl,-T -Wl,../src/lscript.ld -L../../lab9_32point_bsp/ps7_cortexa9_0/lib -o "lab9_32point.elf"  ./src/helloworld.o ./src/platform.o   -lm -Wl,--start-group,-lxil,-lgcc,-lc,--end-group
'Finished building target: lab9_32point.elf'
' '
'Invoking: ARM v7 Print Size'
arm-none-eabi-size lab9_32point.elf  |tee "lab9_32point.elf.size"
   text	   data	    bss	    dec	    hex	filename
  75036	   2656	  23328	 101020	  18a9c	lab9_32point.elf
'Finished building: lab9_32point.elf.size'
' '
23:18:33 **** Auto Build of configuration Debug for project lab9_32point ****
make pre-build main-build 
a9-linaro-pre-build-step
' '
'Building file: ../src/helloworld.c'
'Invoking: ARM v7 gcc compiler'
arm-none-eabi-gcc -Wall -O0 -g3 -c -fmessage-length=0 -MT"src/helloworld.o" -mcpu=cortex-a9 -mfpu=vfpv3 -mfloat-abi=hard -I../../lab9_32point_bsp/ps7_cortexa9_0/include -MMD -MP -MF"src/helloworld.d" -MT"src/helloworld.o" -o "src/helloworld.o" "../src/helloworld.c"
In file included from ../src/helloworld.c:6:
../../lab9_32point_bsp/ps7_cortexa9_0/include/xtime_l.h:87:9: note: #pragma message: For the sleep routines, Global timer is being used
 #pragma message ("For the sleep routines, Global timer is being used")
         ^~~~~~~
'Finished building: ../src/helloworld.c'
' '
'Building target: lab9_32point.elf'
'Invoking: ARM v7 gcc linker'
arm-none-eabi-gcc -mcpu=cortex-a9 -mfpu=vfpv3 -mfloat-abi=hard -Wl,-build-id=none -specs=Xilinx.spec -Wl,-T -Wl,../src/lscript.ld -L../../lab9_32point_bsp/ps7_cortexa9_0/lib -o "lab9_32point.elf"  ./src/helloworld.o ./src/platform.o   -lm -Wl,--start-group,-lxil,-lgcc,-lc,--end-group
'Finished building target: lab9_32point.elf'
' '
'Invoking: ARM v7 Print Size'
arm-none-eabi-size lab9_32point.elf  |tee "lab9_32point.elf.size"
   text	   data	    bss	    dec	    hex	filename
  75036	   2656	  23328	 101020	  18a9c	lab9_32point.elf
'Finished building: lab9_32point.elf.size'
' '
23:18:42 **** Incremental Build of configuration Debug for project lab9_32point ****
make pre-build main-build 
a9-linaro-pre-build-step
' '
make: Nothing to be done for 'main-build'.
23:23:07 **** Auto Build of configuration Debug for project lab9_32point ****
make pre-build main-build 
a9-linaro-pre-build-step
' '
'Building file: ../src/helloworld.c'
'Invoking: ARM v7 gcc compiler'
arm-none-eabi-gcc -Wall -O0 -g3 -c -fmessage-length=0 -MT"src/helloworld.o" -mcpu=cortex-a9 -mfpu=vfpv3 -mfloat-abi=hard -I../../lab9_32point_bsp/ps7_cortexa9_0/include -MMD -MP -MF"src/helloworld.d" -MT"src/helloworld.o" -o "src/helloworld.o" "../src/helloworld.c"
In file included from ../src/helloworld.c:5:
../../lab9_32point_bsp/ps7_cortexa9_0/include/xtime_l.h:87:9: note: #pragma message: For the sleep routines, Global timer is being used
 #pragma message ("For the sleep routines, Global timer is being used")
         ^~~~~~~
'Finished building: ../src/helloworld.c'
' '
'Building target: lab9_32point.elf'
'Invoking: ARM v7 gcc linker'
arm-none-eabi-gcc -mcpu=cortex-a9 -mfpu=vfpv3 -mfloat-abi=hard -Wl,-build-id=none -specs=Xilinx.spec -Wl,-T -Wl,../src/lscript.ld -L../../lab9_32point_bsp/ps7_cortexa9_0/lib -o "lab9_32point.elf"  ./src/helloworld.o ./src/platform.o   -lm -Wl,--start-group,-lxil,-lgcc,-lc,--end-group
'Finished building target: lab9_32point.elf'
' '
'Invoking: ARM v7 Print Size'
arm-none-eabi-size lab9_32point.elf  |tee "lab9_32point.elf.size"
   text	   data	    bss	    dec	    hex	filename
  75036	   2656	  23328	 101020	  18a9c	lab9_32point.elf
'Finished building: lab9_32point.elf.size'
' '
23:23:17 **** Incremental Build of configuration Debug for project lab9_32point ****
make pre-build main-build 
a9-linaro-pre-build-step
' '
make: Nothing to be done for 'main-build'.
23:23:42 **** Incremental Build of configuration Debug for project lab9_32point ****
make pre-build main-build 
a9-linaro-pre-build-step
' '
make: Nothing to be done for 'main-build'.
23:31:22 **** Auto Build of configuration Debug for project lab9_32point ****
make pre-build main-build 
a9-linaro-pre-build-step
' '
'Building file: ../src/helloworld.c'
'Invoking: ARM v7 gcc compiler'
arm-none-eabi-gcc -Wall -O0 -g3 -c -fmessage-length=0 -MT"src/helloworld.o" -mcpu=cortex-a9 -mfpu=vfpv3 -mfloat-abi=hard -I../../lab9_32point_bsp/ps7_cortexa9_0/include -MMD -MP -MF"src/helloworld.d" -MT"src/helloworld.o" -o "src/helloworld.o" "../src/helloworld.c"
In file included from ../src/helloworld.c:5:
../../lab9_32point_bsp/ps7_cortexa9_0/include/xtime_l.h:87:9: note: #pragma message: For the sleep routines, Global timer is being used
 #pragma message ("For the sleep routines, Global timer is being used")
         ^~~~~~~
'Finished building: ../src/helloworld.c'
' '
'Building target: lab9_32point.elf'
'Invoking: ARM v7 gcc linker'
arm-none-eabi-gcc -mcpu=cortex-a9 -mfpu=vfpv3 -mfloat-abi=hard -Wl,-build-id=none -specs=Xilinx.spec -Wl,-T -Wl,../src/lscript.ld -L../../lab9_32point_bsp/ps7_cortexa9_0/lib -o "lab9_32point.elf"  ./src/helloworld.o ./src/platform.o   -lm -Wl,--start-group,-lxil,-lgcc,-lc,--end-group
'Finished building target: lab9_32point.elf'
' '
'Invoking: ARM v7 Print Size'
arm-none-eabi-size lab9_32point.elf  |tee "lab9_32point.elf.size"
   text	   data	    bss	    dec	    hex	filename
  75036	   2656	  23328	 101020	  18a9c	lab9_32point.elf
'Finished building: lab9_32point.elf.size'
' '
23:32:52 **** Auto Build of configuration Debug for project lab9_32point ****
make pre-build main-build 
a9-linaro-pre-build-step
' '
'Building file: ../src/helloworld.c'
'Invoking: ARM v7 gcc compiler'
arm-none-eabi-gcc -Wall -O0 -g3 -c -fmessage-length=0 -MT"src/helloworld.o" -mcpu=cortex-a9 -mfpu=vfpv3 -mfloat-abi=hard -I../../lab9_32point_bsp/ps7_cortexa9_0/include -MMD -MP -MF"src/helloworld.d" -MT"src/helloworld.o" -o "src/helloworld.o" "../src/helloworld.c"
'Finished building: ../src/helloworld.c'
' '
'Building target: lab9_32point.elf'
'Invoking: ARM v7 gcc linker'
arm-none-eabi-gcc -mcpu=cortex-a9 -mfpu=vfpv3 -mfloat-abi=hard -Wl,-build-id=none -specs=Xilinx.spec -Wl,-T -Wl,../src/lscript.ld -L../../lab9_32point_bsp/ps7_cortexa9_0/lib -o "lab9_32point.elf"  ./src/helloworld.o ./src/platform.o   -lm -Wl,--start-group,-lxil,-lgcc,-lc,--end-group
'Finished building target: lab9_32point.elf'
' '
'Invoking: ARM v7 Print Size'
arm-none-eabi-size lab9_32point.elf  |tee "lab9_32point.elf.size"
   text	   data	    bss	    dec	    hex	filename
  63502	   2584	  23328	  89414	  15d46	lab9_32point.elf
'Finished building: lab9_32point.elf.size'
' '
23:33:05 **** Incremental Build of configuration Debug for project lab9_32point ****
make pre-build main-build 
a9-linaro-pre-build-step
' '
make: Nothing to be done for 'main-build'.
23:34:14 **** Auto Build of configuration Debug for project lab9_32point ****
make pre-build main-build 
a9-linaro-pre-build-step
' '
'Building file: ../src/helloworld.c'
'Invoking: ARM v7 gcc compiler'
arm-none-eabi-gcc -Wall -O0 -g3 -c -fmessage-length=0 -MT"src/helloworld.o" -mcpu=cortex-a9 -mfpu=vfpv3 -mfloat-abi=hard -I../../lab9_32point_bsp/ps7_cortexa9_0/include -MMD -MP -MF"src/helloworld.d" -MT"src/helloworld.o" -o "src/helloworld.o" "../src/helloworld.c"
In file included from ../src/helloworld.c:5:
../../lab9_32point_bsp/ps7_cortexa9_0/include/xtime_l.h:87:9: note: #pragma message: For the sleep routines, Global timer is being used
 #pragma message ("For the sleep routines, Global timer is being used")
         ^~~~~~~
'Finished building: ../src/helloworld.c'
' '
'Building target: lab9_32point.elf'
'Invoking: ARM v7 gcc linker'
arm-none-eabi-gcc -mcpu=cortex-a9 -mfpu=vfpv3 -mfloat-abi=hard -Wl,-build-id=none -specs=Xilinx.spec -Wl,-T -Wl,../src/lscript.ld -L../../lab9_32point_bsp/ps7_cortexa9_0/lib -o "lab9_32point.elf"  ./src/helloworld.o ./src/platform.o   -lm -Wl,--start-group,-lxil,-lgcc,-lc,--end-group
'Finished building target: lab9_32point.elf'
' '
'Invoking: ARM v7 Print Size'
arm-none-eabi-size lab9_32point.elf  |tee "lab9_32point.elf.size"
   text	   data	    bss	    dec	    hex	filename
  75036	   2656	  23328	 101020	  18a9c	lab9_32point.elf
'Finished building: lab9_32point.elf.size'
' '
23:34:39 **** Auto Build of configuration Debug for project lab9_32point ****
make pre-build main-build 
a9-linaro-pre-build-step
' '
'Building file: ../src/helloworld.c'
'Invoking: ARM v7 gcc compiler'
arm-none-eabi-gcc -Wall -O0 -g3 -c -fmessage-length=0 -MT"src/helloworld.o" -mcpu=cortex-a9 -mfpu=vfpv3 -mfloat-abi=hard -I../../lab9_32point_bsp/ps7_cortexa9_0/include -MMD -MP -MF"src/helloworld.d" -MT"src/helloworld.o" -o "src/helloworld.o" "../src/helloworld.c"
In file included from ../src/helloworld.c:5:
../../lab9_32point_bsp/ps7_cortexa9_0/include/xtime_l.h:87:9: note: #pragma message: For the sleep routines, Global timer is being used
 #pragma message ("For the sleep routines, Global timer is being used")
         ^~~~~~~
'Finished building: ../src/helloworld.c'
' '
'Building target: lab9_32point.elf'
'Invoking: ARM v7 gcc linker'
arm-none-eabi-gcc -mcpu=cortex-a9 -mfpu=vfpv3 -mfloat-abi=hard -Wl,-build-id=none -specs=Xilinx.spec -Wl,-T -Wl,../src/lscript.ld -L../../lab9_32point_bsp/ps7_cortexa9_0/lib -o "lab9_32point.elf"  ./src/helloworld.o ./src/platform.o   -lm -Wl,--start-group,-lxil,-lgcc,-lc,--end-group
'Finished building target: lab9_32point.elf'
' '
'Invoking: ARM v7 Print Size'
arm-none-eabi-size lab9_32point.elf  |tee "lab9_32point.elf.size"
   text	   data	    bss	    dec	    hex	filename
  75036	   2656	  23328	 101020	  18a9c	lab9_32point.elf
'Finished building: lab9_32point.elf.size'
' '
23:34:49 **** Incremental Build of configuration Debug for project lab9_32point ****
make pre-build main-build 
a9-linaro-pre-build-step
' '
make: Nothing to be done for 'main-build'.
23:35:40 **** Incremental Build of configuration Debug for project lab9_32point ****
make pre-build main-build 
a9-linaro-pre-build-step
' '
make: Nothing to be done for 'main-build'.
23:38:58 **** Auto Build of configuration Debug for project lab9_32point ****
make pre-build main-build 
a9-linaro-pre-build-step
' '
'Building file: ../src/helloworld.c'
'Invoking: ARM v7 gcc compiler'
arm-none-eabi-gcc -Wall -O0 -g3 -c -fmessage-length=0 -MT"src/helloworld.o" -mcpu=cortex-a9 -mfpu=vfpv3 -mfloat-abi=hard -I../../lab9_32point_bsp/ps7_cortexa9_0/include -MMD -MP -MF"src/helloworld.d" -MT"src/helloworld.o" -o "src/helloworld.o" "../src/helloworld.c"
In file included from ../src/helloworld.c:5:
../../lab9_32point_bsp/ps7_cortexa9_0/include/xtime_l.h:87:9: note: #pragma message: For the sleep routines, Global timer is being used
 #pragma message ("For the sleep routines, Global timer is being used")
         ^~~~~~~
../src/helloworld.c: In function 'fft':
../src/helloworld.c:22:22: warning: unused variable 'U' [-Wunused-variable]
     Complex temp, W, U;
                      ^
'Finished building: ../src/helloworld.c'
' '
'Building target: lab9_32point.elf'
'Invoking: ARM v7 gcc linker'
arm-none-eabi-gcc -mcpu=cortex-a9 -mfpu=vfpv3 -mfloat-abi=hard -Wl,-build-id=none -specs=Xilinx.spec -Wl,-T -Wl,../src/lscript.ld -L../../lab9_32point_bsp/ps7_cortexa9_0/lib -o "lab9_32point.elf"  ./src/helloworld.o ./src/platform.o   -lm -Wl,--start-group,-lxil,-lgcc,-lc,--end-group
'Finished building target: lab9_32point.elf'
' '
'Invoking: ARM v7 Print Size'
arm-none-eabi-size lab9_32point.elf  |tee "lab9_32point.elf.size"
   text	   data	    bss	    dec	    hex	filename
  73648	   2648	  23328	  99624	  18528	lab9_32point.elf
'Finished building: lab9_32point.elf.size'
' '
23:39:11 **** Auto Build of configuration Debug for project lab9_32point ****
make pre-build main-build 
a9-linaro-pre-build-step
' '
'Building file: ../src/helloworld.c'
'Invoking: ARM v7 gcc compiler'
arm-none-eabi-gcc -Wall -O0 -g3 -c -fmessage-length=0 -MT"src/helloworld.o" -mcpu=cortex-a9 -mfpu=vfpv3 -mfloat-abi=hard -I../../lab9_32point_bsp/ps7_cortexa9_0/include -MMD -MP -MF"src/helloworld.d" -MT"src/helloworld.o" -o "src/helloworld.o" "../src/helloworld.c"
In file included from ../src/helloworld.c:5:
../../lab9_32point_bsp/ps7_cortexa9_0/include/xtime_l.h:87:9: note: #pragma message: For the sleep routines, Global timer is being used
 #pragma message ("For the sleep routines, Global timer is being used")
         ^~~~~~~
../src/helloworld.c: In function 'fft':
../src/helloworld.c:22:22: warning: unused variable 'U' [-Wunused-variable]
     Complex temp, W, U;
                      ^
'Finished building: ../src/helloworld.c'
' '
'Building target: lab9_32point.elf'
'Invoking: ARM v7 gcc linker'
arm-none-eabi-gcc -mcpu=cortex-a9 -mfpu=vfpv3 -mfloat-abi=hard -Wl,-build-id=none -specs=Xilinx.spec -Wl,-T -Wl,../src/lscript.ld -L../../lab9_32point_bsp/ps7_cortexa9_0/lib -o "lab9_32point.elf"  ./src/helloworld.o ./src/platform.o   -lm -Wl,--start-group,-lxil,-lgcc,-lc,--end-group
'Finished building target: lab9_32point.elf'
' '
'Invoking: ARM v7 Print Size'
arm-none-eabi-size lab9_32point.elf  |tee "lab9_32point.elf.size"
   text	   data	    bss	    dec	    hex	filename
  73648	   2648	  23328	  99624	  18528	lab9_32point.elf
'Finished building: lab9_32point.elf.size'
' '
23:39:19 **** Incremental Build of configuration Debug for project lab9_32point ****
make pre-build main-build 
a9-linaro-pre-build-step
' '
make: Nothing to be done for 'main-build'.
23:57:18 **** Auto Build of configuration Debug for project lab9_32point ****
make pre-build main-build 
a9-linaro-pre-build-step
' '
'Building file: ../src/helloworld.c'
'Invoking: ARM v7 gcc compiler'
arm-none-eabi-gcc -Wall -O0 -g3 -c -fmessage-length=0 -MT"src/helloworld.o" -mcpu=cortex-a9 -mfpu=vfpv3 -mfloat-abi=hard -I../../lab9_32point_bsp/ps7_cortexa9_0/include -MMD -MP -MF"src/helloworld.d" -MT"src/helloworld.o" -o "src/helloworld.o" "../src/helloworld.c"
In file included from ../src/helloworld.c:4:
../../lab9_32point_bsp/ps7_cortexa9_0/include/xtime_l.h:87:9: note: #pragma message: For the sleep routines, Global timer is being used
 #pragma message ("For the sleep routines, Global timer is being used")
         ^~~~~~~
'Finished building: ../src/helloworld.c'
' '
'Building target: lab9_32point.elf'
'Invoking: ARM v7 gcc linker'
arm-none-eabi-gcc -mcpu=cortex-a9 -mfpu=vfpv3 -mfloat-abi=hard -Wl,-build-id=none -specs=Xilinx.spec -Wl,-T -Wl,../src/lscript.ld -L../../lab9_32point_bsp/ps7_cortexa9_0/lib -o "lab9_32point.elf"  ./src/helloworld.o ./src/platform.o   -lm -Wl,--start-group,-lxil,-lgcc,-lc,--end-group
'Finished building target: lab9_32point.elf'
' '
'Invoking: ARM v7 Print Size'
arm-none-eabi-size lab9_32point.elf  |tee "lab9_32point.elf.size"
   text	   data	    bss	    dec	    hex	filename
  68268	   2648	  23328	  94244	  17024	lab9_32point.elf
'Finished building: lab9_32point.elf.size'
' '
00:03:33 **** Auto Build of configuration Debug for project lab9_32point ****
make pre-build main-build 
a9-linaro-pre-build-step
' '
'Building file: ../src/helloworld.c'
'Invoking: ARM v7 gcc compiler'
arm-none-eabi-gcc -Wall -O0 -g3 -c -fmessage-length=0 -MT"src/helloworld.o" -mcpu=cortex-a9 -mfpu=vfpv3 -mfloat-abi=hard -I../../lab9_32point_bsp/ps7_cortexa9_0/include -MMD -MP -MF"src/helloworld.d" -MT"src/helloworld.o" -o "src/helloworld.o" "../src/helloworld.c"
In file included from ../src/helloworld.c:4:
../../lab9_32point_bsp/ps7_cortexa9_0/include/xtime_l.h:87:9: note: #pragma message: For the sleep routines, Global timer is being used
 #pragma message ("For the sleep routines, Global timer is being used")
         ^~~~~~~
'Finished building: ../src/helloworld.c'
' '
'Building target: lab9_32point.elf'
'Invoking: ARM v7 gcc linker'
arm-none-eabi-gcc -mcpu=cortex-a9 -mfpu=vfpv3 -mfloat-abi=hard -Wl,-build-id=none -specs=Xilinx.spec -Wl,-T -Wl,../src/lscript.ld -L../../lab9_32point_bsp/ps7_cortexa9_0/lib -o "lab9_32point.elf"  ./src/helloworld.o ./src/platform.o   -lm -Wl,--start-group,-lxil,-lgcc,-lc,--end-group
'Finished building target: lab9_32point.elf'
' '
'Invoking: ARM v7 Print Size'
arm-none-eabi-size lab9_32point.elf  |tee "lab9_32point.elf.size"
   text	   data	    bss	    dec	    hex	filename
  68268	   2648	  23328	  94244	  17024	lab9_32point.elf
'Finished building: lab9_32point.elf.size'
' '
00:03:41 **** Incremental Build of configuration Debug for project lab9_32point ****
make pre-build main-build 
a9-linaro-pre-build-step
' '
make: Nothing to be done for 'main-build'.
00:04:58 **** Auto Build of configuration Debug for project lab9_32point ****
make pre-build main-build 
a9-linaro-pre-build-step
' '
'Building file: ../src/helloworld.c'
'Invoking: ARM v7 gcc compiler'
arm-none-eabi-gcc -Wall -O0 -g3 -c -fmessage-length=0 -MT"src/helloworld.o" -mcpu=cortex-a9 -mfpu=vfpv3 -mfloat-abi=hard -I../../lab9_32point_bsp/ps7_cortexa9_0/include -MMD -MP -MF"src/helloworld.d" -MT"src/helloworld.o" -o "src/helloworld.o" "../src/helloworld.c"
In file included from ../src/helloworld.c:5:
../../lab9_32point_bsp/ps7_cortexa9_0/include/xtime_l.h:87:9: note: #pragma message: For the sleep routines, Global timer is being used
 #pragma message ("For the sleep routines, Global timer is being used")
         ^~~~~~~
../src/helloworld.c: In function 'fft':
../src/helloworld.c:23:22: warning: unused variable 'U' [-Wunused-variable]
     Complex temp, W, U;
                      ^
../src/helloworld.c: At top level:
../src/helloworld.c:70:5: error: conflicting types for 'DMA_Init'
 int DMA_Init(XAxiDma *AxiDMA, u16 DeviceId) {
     ^~~~~~~~
In file included from ../src/helloworld.c:8:
../src/dma_init.h:1:5: note: previous definition of 'DMA_Init' was here
 int DMA_Init(XAxiDma * AxiDMA, u32 device_ID){
     ^~~~~~~~
make: *** [src/subdir.mk:26: src/helloworld.o] Error 1
00:05:33 **** Auto Build of configuration Debug for project lab9_32point ****
make pre-build main-build 
a9-linaro-pre-build-step
' '
'Building file: ../src/helloworld.c'
'Invoking: ARM v7 gcc compiler'
arm-none-eabi-gcc -Wall -O0 -g3 -c -fmessage-length=0 -MT"src/helloworld.o" -mcpu=cortex-a9 -mfpu=vfpv3 -mfloat-abi=hard -I../../lab9_32point_bsp/ps7_cortexa9_0/include -MMD -MP -MF"src/helloworld.d" -MT"src/helloworld.o" -o "src/helloworld.o" "../src/helloworld.c"
In file included from ../src/helloworld.c:5:
../../lab9_32point_bsp/ps7_cortexa9_0/include/xtime_l.h:87:9: note: #pragma message: For the sleep routines, Global timer is being used
 #pragma message ("For the sleep routines, Global timer is being used")
         ^~~~~~~
../src/helloworld.c: In function 'fft':
../src/helloworld.c:23:22: warning: unused variable 'U' [-Wunused-variable]
     Complex temp, W, U;
                      ^
'Finished building: ../src/helloworld.c'
' '
'Building target: lab9_32point.elf'
'Invoking: ARM v7 gcc linker'
arm-none-eabi-gcc -mcpu=cortex-a9 -mfpu=vfpv3 -mfloat-abi=hard -Wl,-build-id=none -specs=Xilinx.spec -Wl,-T -Wl,../src/lscript.ld -L../../lab9_32point_bsp/ps7_cortexa9_0/lib -o "lab9_32point.elf"  ./src/helloworld.o ./src/platform.o   -lm -Wl,--start-group,-lxil,-lgcc,-lc,--end-group
'Finished building target: lab9_32point.elf'
' '
'Invoking: ARM v7 Print Size'
arm-none-eabi-size lab9_32point.elf  |tee "lab9_32point.elf.size"
   text	   data	    bss	    dec	    hex	filename
  73900	   2648	  23328	  99876	  18624	lab9_32point.elf
'Finished building: lab9_32point.elf.size'
' '
00:05:49 **** Incremental Build of configuration Debug for project lab9_32point ****
make pre-build main-build 
a9-linaro-pre-build-step
' '
make: Nothing to be done for 'main-build'.
00:06:17 **** Incremental Build of configuration Debug for project lab9_32point ****
make pre-build main-build 
a9-linaro-pre-build-step
' '
make: Nothing to be done for 'main-build'.
00:42:51 **** Auto Build of configuration Debug for project lab9_32point ****
make pre-build main-build 
a9-linaro-pre-build-step
' '
'Building file: ../src/helloworld.c'
'Invoking: ARM v7 gcc compiler'
arm-none-eabi-gcc -Wall -O0 -g3 -c -fmessage-length=0 -MT"src/helloworld.o" -mcpu=cortex-a9 -mfpu=vfpv3 -mfloat-abi=hard -I../../lab9_32point_bsp/ps7_cortexa9_0/include -MMD -MP -MF"src/helloworld.d" -MT"src/helloworld.o" -o "src/helloworld.o" "../src/helloworld.c"
In file included from ../src/helloworld.c:6:
../../lab9_32point_bsp/ps7_cortexa9_0/include/xtime_l.h:87:9: note: #pragma message: For the sleep routines, Global timer is being used
 #pragma message ("For the sleep routines, Global timer is being used")
         ^~~~~~~
../src/helloworld.c:71:5: error: conflicting types for 'DMA_Init'
 int DMA_Init(XAxiDma *AxiDMA, u16 DeviceId) {
     ^~~~~~~~
In file included from ../src/helloworld.c:9:
../src/dma_init.h:1:5: note: previous definition of 'DMA_Init' was here
 int DMA_Init(XAxiDma * AxiDMA, u32 device_ID){
     ^~~~~~~~
make: *** [src/subdir.mk:26: src/helloworld.o] Error 1
00:43:18 **** Auto Build of configuration Debug for project lab9_32point ****
make pre-build main-build 
a9-linaro-pre-build-step
' '
'Building file: ../src/helloworld.c'
'Invoking: ARM v7 gcc compiler'
arm-none-eabi-gcc -Wall -O0 -g3 -c -fmessage-length=0 -MT"src/helloworld.o" -mcpu=cortex-a9 -mfpu=vfpv3 -mfloat-abi=hard -I../../lab9_32point_bsp/ps7_cortexa9_0/include -MMD -MP -MF"src/helloworld.d" -MT"src/helloworld.o" -o "src/helloworld.o" "../src/helloworld.c"
In file included from ../src/helloworld.c:6:
../../lab9_32point_bsp/ps7_cortexa9_0/include/xtime_l.h:87:9: note: #pragma message: For the sleep routines, Global timer is being used
 #pragma message ("For the sleep routines, Global timer is being used")
         ^~~~~~~
'Finished building: ../src/helloworld.c'
' '
'Building target: lab9_32point.elf'
'Invoking: ARM v7 gcc linker'
arm-none-eabi-gcc -mcpu=cortex-a9 -mfpu=vfpv3 -mfloat-abi=hard -Wl,-build-id=none -specs=Xilinx.spec -Wl,-T -Wl,../src/lscript.ld -L../../lab9_32point_bsp/ps7_cortexa9_0/lib -o "lab9_32point.elf"  ./src/helloworld.o ./src/platform.o   -lm -Wl,--start-group,-lxil,-lgcc,-lc,--end-group
'Finished building target: lab9_32point.elf'
' '
'Invoking: ARM v7 Print Size'
arm-none-eabi-size lab9_32point.elf  |tee "lab9_32point.elf.size"
   text	   data	    bss	    dec	    hex	filename
  74508	   2648	  23328	 100484	  18884	lab9_32point.elf
'Finished building: lab9_32point.elf.size'
' '
00:45:42 **** Incremental Build of configuration Debug for project lab9_32point ****
make pre-build main-build 
a9-linaro-pre-build-step
' '
make: Nothing to be done for 'main-build'.
00:50:05 **** Auto Build of configuration Debug for project lab9_32point ****
make pre-build main-build 
a9-linaro-pre-build-step
' '
'Building file: ../src/helloworld.c'
'Invoking: ARM v7 gcc compiler'
arm-none-eabi-gcc -Wall -O0 -g3 -c -fmessage-length=0 -MT"src/helloworld.o" -mcpu=cortex-a9 -mfpu=vfpv3 -mfloat-abi=hard -I../../lab9_32point_bsp/ps7_cortexa9_0/include -MMD -MP -MF"src/helloworld.d" -MT"src/helloworld.o" -o "src/helloworld.o" "../src/helloworld.c"
In file included from ../src/helloworld.c:5:
../../lab9_32point_bsp/ps7_cortexa9_0/include/xtime_l.h:87:9: note: #pragma message: For the sleep routines, Global timer is being used
 #pragma message ("For the sleep routines, Global timer is being used")
         ^~~~~~~
'Finished building: ../src/helloworld.c'
' '
'Building target: lab9_32point.elf'
'Invoking: ARM v7 gcc linker'
arm-none-eabi-gcc -mcpu=cortex-a9 -mfpu=vfpv3 -mfloat-abi=hard -Wl,-build-id=none -specs=Xilinx.spec -Wl,-T -Wl,../src/lscript.ld -L../../lab9_32point_bsp/ps7_cortexa9_0/lib -o "lab9_32point.elf"  ./src/helloworld.o ./src/platform.o   -lm -Wl,--start-group,-lxil,-lgcc,-lc,--end-group
'Finished building target: lab9_32point.elf'
' '
'Invoking: ARM v7 Print Size'
arm-none-eabi-size lab9_32point.elf  |tee "lab9_32point.elf.size"
   text	   data	    bss	    dec	    hex	filename
  74068	   2648	  23328	 100044	  186cc	lab9_32point.elf
'Finished building: lab9_32point.elf.size'
' '
00:50:17 **** Incremental Build of configuration Debug for project lab9_32point ****
make pre-build main-build 
a9-linaro-pre-build-step
' '
make: Nothing to be done for 'main-build'.
00:50:40 **** Incremental Build of configuration Debug for project lab9_32point ****
make pre-build main-build 
a9-linaro-pre-build-step
' '
make: Nothing to be done for 'main-build'.
00:52:55 **** Auto Build of configuration Debug for project lab9_32point ****
make pre-build main-build 
a9-linaro-pre-build-step
' '
'Building file: ../src/helloworld.c'
'Invoking: ARM v7 gcc compiler'
arm-none-eabi-gcc -Wall -O0 -g3 -c -fmessage-length=0 -MT"src/helloworld.o" -mcpu=cortex-a9 -mfpu=vfpv3 -mfloat-abi=hard -I../../lab9_32point_bsp/ps7_cortexa9_0/include -MMD -MP -MF"src/helloworld.d" -MT"src/helloworld.o" -o "src/helloworld.o" "../src/helloworld.c"
In file included from ../src/helloworld.c:5:
../../lab9_32point_bsp/ps7_cortexa9_0/include/xtime_l.h:87:9: note: #pragma message: For the sleep routines, Global timer is being used
 #pragma message ("For the sleep routines, Global timer is being used")
         ^~~~~~~
'Finished building: ../src/helloworld.c'
' '
'Building target: lab9_32point.elf'
'Invoking: ARM v7 gcc linker'
arm-none-eabi-gcc -mcpu=cortex-a9 -mfpu=vfpv3 -mfloat-abi=hard -Wl,-build-id=none -specs=Xilinx.spec -Wl,-T -Wl,../src/lscript.ld -L../../lab9_32point_bsp/ps7_cortexa9_0/lib -o "lab9_32point.elf"  ./src/helloworld.o ./src/platform.o   -lm -Wl,--start-group,-lxil,-lgcc,-lc,--end-group
'Finished building target: lab9_32point.elf'
' '
'Invoking: ARM v7 Print Size'
arm-none-eabi-size lab9_32point.elf  |tee "lab9_32point.elf.size"
   text	   data	    bss	    dec	    hex	filename
  75072	   2656	  23328	 101056	  18ac0	lab9_32point.elf
'Finished building: lab9_32point.elf.size'
' '
00:53:09 **** Incremental Build of configuration Debug for project lab9_32point ****
make pre-build main-build 
a9-linaro-pre-build-step
' '
make: Nothing to be done for 'main-build'.
00:53:31 **** Incremental Build of configuration Debug for project lab9_32point ****
make pre-build main-build 
a9-linaro-pre-build-step
' '
make: Nothing to be done for 'main-build'.
00:56:16 **** Auto Build of configuration Debug for project lab9_32point ****
make pre-build main-build 
a9-linaro-pre-build-step
' '
'Building file: ../src/helloworld.c'
'Invoking: ARM v7 gcc compiler'
arm-none-eabi-gcc -Wall -O0 -g3 -c -fmessage-length=0 -MT"src/helloworld.o" -mcpu=cortex-a9 -mfpu=vfpv3 -mfloat-abi=hard -I../../lab9_32point_bsp/ps7_cortexa9_0/include -MMD -MP -MF"src/helloworld.d" -MT"src/helloworld.o" -o "src/helloworld.o" "../src/helloworld.c"
In file included from ../src/helloworld.c:5:
../../lab9_32point_bsp/ps7_cortexa9_0/include/xtime_l.h:87:9: note: #pragma message: For the sleep routines, Global timer is being used
 #pragma message ("For the sleep routines, Global timer is being used")
         ^~~~~~~
'Finished building: ../src/helloworld.c'
' '
'Building target: lab9_32point.elf'
'Invoking: ARM v7 gcc linker'
arm-none-eabi-gcc -mcpu=cortex-a9 -mfpu=vfpv3 -mfloat-abi=hard -Wl,-build-id=none -specs=Xilinx.spec -Wl,-T -Wl,../src/lscript.ld -L../../lab9_32point_bsp/ps7_cortexa9_0/lib -o "lab9_32point.elf"  ./src/helloworld.o ./src/platform.o   -lm -Wl,--start-group,-lxil,-lgcc,-lc,--end-group
'Finished building target: lab9_32point.elf'
' '
'Invoking: ARM v7 Print Size'
arm-none-eabi-size lab9_32point.elf  |tee "lab9_32point.elf.size"
   text	   data	    bss	    dec	    hex	filename
  74332	   2648	  23328	 100308	  187d4	lab9_32point.elf
'Finished building: lab9_32point.elf.size'
' '
00:56:25 **** Incremental Build of configuration Debug for project lab9_32point ****
make pre-build main-build 
a9-linaro-pre-build-step
' '
make: Nothing to be done for 'main-build'.
00:56:49 **** Incremental Build of configuration Debug for project lab9_32point ****
make pre-build main-build 
a9-linaro-pre-build-step
' '
make: Nothing to be done for 'main-build'.
00:57:20 **** Incremental Build of configuration Debug for project lab9_32point ****
make pre-build main-build 
a9-linaro-pre-build-step
' '
make: Nothing to be done for 'main-build'.
00:59:05 **** Auto Build of configuration Debug for project lab9_32point ****
make pre-build main-build 
a9-linaro-pre-build-step
' '
'Building file: ../src/helloworld.c'
'Invoking: ARM v7 gcc compiler'
arm-none-eabi-gcc -Wall -O0 -g3 -c -fmessage-length=0 -MT"src/helloworld.o" -mcpu=cortex-a9 -mfpu=vfpv3 -mfloat-abi=hard -I../../lab9_32point_bsp/ps7_cortexa9_0/include -MMD -MP -MF"src/helloworld.d" -MT"src/helloworld.o" -o "src/helloworld.o" "../src/helloworld.c"
../src/helloworld.c: In function 'fft':
../src/helloworld.c:16:22: warning: unused variable 'U' [-Wunused-variable]
     Complex temp, W, U;
                      ^
../src/helloworld.c: In function 'main':
../src/helloworld.c:72:23: error: expected '}' before ';' token
     printf("Input:\n");
                       ^
../src/helloworld.c:70:20: note: to match this '{'
     Complex x[N] = {
                    ^
../src/helloworld.c:70:20: warning: missing braces around initializer [-Wmissing-braces]
     Complex x[N] = {
                    ^
../src/helloworld.c:72:5:
     printf("Input:\n");
     {
../src/helloworld.c:83:1: error: expected ',' or ';' at end of input
 }
 ^
../src/helloworld.c:83:1: error: expected declaration or statement at end of input
../src/helloworld.c:70:13: warning: unused variable 'x' [-Wunused-variable]
     Complex x[N] = {
             ^
make: *** [src/subdir.mk:26: src/helloworld.o] Error 1
01:06:46 **** Auto Build of configuration Debug for project lab9_32point ****
make pre-build main-build 
a9-linaro-pre-build-step
' '
'Building file: ../src/helloworld.c'
'Invoking: ARM v7 gcc compiler'
arm-none-eabi-gcc -Wall -O0 -g3 -c -fmessage-length=0 -MT"src/helloworld.o" -mcpu=cortex-a9 -mfpu=vfpv3 -mfloat-abi=hard -I../../lab9_32point_bsp/ps7_cortexa9_0/include -MMD -MP -MF"src/helloworld.d" -MT"src/helloworld.o" -o "src/helloworld.o" "../src/helloworld.c"
'Finished building: ../src/helloworld.c'
' '
'Building target: lab9_32point.elf'
'Invoking: ARM v7 gcc linker'
arm-none-eabi-gcc -mcpu=cortex-a9 -mfpu=vfpv3 -mfloat-abi=hard -Wl,-build-id=none -specs=Xilinx.spec -Wl,-T -Wl,../src/lscript.ld -L../../lab9_32point_bsp/ps7_cortexa9_0/lib -o "lab9_32point.elf"  ./src/helloworld.o ./src/platform.o   -lm -Wl,--start-group,-lxil,-lgcc,-lc,--end-group
'Finished building target: lab9_32point.elf'
' '
'Invoking: ARM v7 Print Size'
arm-none-eabi-size lab9_32point.elf  |tee "lab9_32point.elf.size"
   text	   data	    bss	    dec	    hex	filename
  62172	   2584	  23328	  88084	  15814	lab9_32point.elf
'Finished building: lab9_32point.elf.size'
' '
01:07:03 **** Incremental Build of configuration Debug for project lab9_32point ****
make pre-build main-build 
a9-linaro-pre-build-step
' '
make: Nothing to be done for 'main-build'.
01:08:54 **** Auto Build of configuration Debug for project lab9_32point ****
make pre-build main-build 
a9-linaro-pre-build-step
' '
'Building file: ../src/helloworld.c'
'Invoking: ARM v7 gcc compiler'
arm-none-eabi-gcc -Wall -O0 -g3 -c -fmessage-length=0 -MT"src/helloworld.o" -mcpu=cortex-a9 -mfpu=vfpv3 -mfloat-abi=hard -I../../lab9_32point_bsp/ps7_cortexa9_0/include -MMD -MP -MF"src/helloworld.d" -MT"src/helloworld.o" -o "src/helloworld.o" "../src/helloworld.c"
'Finished building: ../src/helloworld.c'
' '
'Building target: lab9_32point.elf'
'Invoking: ARM v7 gcc linker'
arm-none-eabi-gcc -mcpu=cortex-a9 -mfpu=vfpv3 -mfloat-abi=hard -Wl,-build-id=none -specs=Xilinx.spec -Wl,-T -Wl,../src/lscript.ld -L../../lab9_32point_bsp/ps7_cortexa9_0/lib -o "lab9_32point.elf"  ./src/helloworld.o ./src/platform.o   -lm -Wl,--start-group,-lxil,-lgcc,-lc,--end-group
'Finished building target: lab9_32point.elf'
' '
'Invoking: ARM v7 Print Size'
arm-none-eabi-size lab9_32point.elf  |tee "lab9_32point.elf.size"
   text	   data	    bss	    dec	    hex	filename
  62172	   2584	  23328	  88084	  15814	lab9_32point.elf
'Finished building: lab9_32point.elf.size'
' '
01:09:01 **** Incremental Build of configuration Debug for project lab9_32point ****
make pre-build main-build 
a9-linaro-pre-build-step
' '
make: Nothing to be done for 'main-build'.
01:09:23 **** Incremental Build of configuration Debug for project lab9_32point ****
make pre-build main-build 
a9-linaro-pre-build-step
' '
make: Nothing to be done for 'main-build'.
01:18:48 **** Auto Build of configuration Debug for project lab9_32point ****
make pre-build main-build 
a9-linaro-pre-build-step
' '
'Building file: ../src/helloworld.c'
'Invoking: ARM v7 gcc compiler'
arm-none-eabi-gcc -Wall -O0 -g3 -c -fmessage-length=0 -MT"src/helloworld.o" -mcpu=cortex-a9 -mfpu=vfpv3 -mfloat-abi=hard -I../../lab9_32point_bsp/ps7_cortexa9_0/include -MMD -MP -MF"src/helloworld.d" -MT"src/helloworld.o" -o "src/helloworld.o" "../src/helloworld.c"
In file included from ../src/helloworld.c:4:
../../lab9_32point_bsp/ps7_cortexa9_0/include/xtime_l.h:87:9: note: #pragma message: For the sleep routines, Global timer is being used
 #pragma message ("For the sleep routines, Global timer is being used")
         ^~~~~~~
../src/helloworld.c: In function 'main':
../src/helloworld.c:99:19: error: conflicting types for 'FFT_input'
     float complex FFT_input[N] = {
                   ^~~~~~~~~
../src/helloworld.c:89:20: note: previous definition of 'FFT_input' was here
     float complex *FFT_input = (float complex *)malloc(N * sizeof(float complex));
                    ^~~~~~~~~
make: *** [src/subdir.mk:26: src/helloworld.o] Error 1
01:19:57 **** Auto Build of configuration Debug for project lab9_32point ****
make pre-build main-build 
a9-linaro-pre-build-step
' '
'Building file: ../src/helloworld.c'
'Invoking: ARM v7 gcc compiler'
arm-none-eabi-gcc -Wall -O0 -g3 -c -fmessage-length=0 -MT"src/helloworld.o" -mcpu=cortex-a9 -mfpu=vfpv3 -mfloat-abi=hard -I../../lab9_32point_bsp/ps7_cortexa9_0/include -MMD -MP -MF"src/helloworld.d" -MT"src/helloworld.o" -o "src/helloworld.o" "../src/helloworld.c"
In file included from ../src/helloworld.c:4:
../../lab9_32point_bsp/ps7_cortexa9_0/include/xtime_l.h:87:9: note: #pragma message: For the sleep routines, Global timer is being used
 #pragma message ("For the sleep routines, Global timer is being used")
         ^~~~~~~
../src/helloworld.c: In function 'main':
../src/helloworld.c:99:14: error: conflicting types for 'FFT_input'
      complex FFT_input[N] = {
              ^~~~~~~~~
../src/helloworld.c:89:20: note: previous definition of 'FFT_input' was here
     float complex *FFT_input = (float complex *)malloc(N * sizeof(float complex));
                    ^~~~~~~~~
../src/helloworld.c:116:16: warning: passing argument 1 of 'bitreverse' from incompatible pointer type [-Wincompatible-pointer-types]
     bitreverse(FFT_input, FFT_rev, rev);
                ^~~~~~~~~
../src/helloworld.c:35:31: note: expected '_Complex float *' but argument is of type '_Complex double *'
 void bitreverse(float complex dataIn[N], float complex dataOut[N], int rev[N]) {
                 ~~~~~~~~~~~~~~^~~~~~~~~
make: *** [src/subdir.mk:26: src/helloworld.o] Error 1
01:20:05 **** Auto Build of configuration Debug for project lab9_32point ****
make pre-build main-build 
a9-linaro-pre-build-step
' '
'Building file: ../src/helloworld.c'
'Invoking: ARM v7 gcc compiler'
arm-none-eabi-gcc -Wall -O0 -g3 -c -fmessage-length=0 -MT"src/helloworld.o" -mcpu=cortex-a9 -mfpu=vfpv3 -mfloat-abi=hard -I../../lab9_32point_bsp/ps7_cortexa9_0/include -MMD -MP -MF"src/helloworld.d" -MT"src/helloworld.o" -o "src/helloworld.o" "../src/helloworld.c"
In file included from ../src/helloworld.c:4:
../../lab9_32point_bsp/ps7_cortexa9_0/include/xtime_l.h:87:9: note: #pragma message: For the sleep routines, Global timer is being used
 #pragma message ("For the sleep routines, Global timer is being used")
         ^~~~~~~
../src/helloworld.c: In function 'main':
../src/helloworld.c:99:22: error: expected expression before '{' token
       FFT_input[N] = {
                      ^
make: *** [src/subdir.mk:26: src/helloworld.o] Error 1
01:20:15 **** Auto Build of configuration Debug for project lab9_32point ****
make pre-build main-build 
a9-linaro-pre-build-step
' '
'Building file: ../src/helloworld.c'
'Invoking: ARM v7 gcc compiler'
arm-none-eabi-gcc -Wall -O0 -g3 -c -fmessage-length=0 -MT"src/helloworld.o" -mcpu=cortex-a9 -mfpu=vfpv3 -mfloat-abi=hard -I../../lab9_32point_bsp/ps7_cortexa9_0/include -MMD -MP -MF"src/helloworld.d" -MT"src/helloworld.o" -o "src/helloworld.o" "../src/helloworld.c"
In file included from ../src/helloworld.c:4:
../../lab9_32point_bsp/ps7_cortexa9_0/include/xtime_l.h:87:9: note: #pragma message: For the sleep routines, Global timer is being used
 #pragma message ("For the sleep routines, Global timer is being used")
         ^~~~~~~
../src/helloworld.c: In function 'main':
../src/helloworld.c:99:12: error: conflicting types for 'FFT_input'
     float  FFT_input[N] = {
            ^~~~~~~~~
../src/helloworld.c:89:20: note: previous definition of 'FFT_input' was here
     float complex *FFT_input = (float complex *)malloc(N * sizeof(float complex));
                    ^~~~~~~~~
../src/helloworld.c:116:16: warning: passing argument 1 of 'bitreverse' from incompatible pointer type [-Wincompatible-pointer-types]
     bitreverse(FFT_input, FFT_rev, rev);
                ^~~~~~~~~
../src/helloworld.c:35:31: note: expected '_Complex float *' but argument is of type 'float *'
 void bitreverse(float complex dataIn[N], float complex dataOut[N], int rev[N]) {
                 ~~~~~~~~~~~~~~^~~~~~~~~
make: *** [src/subdir.mk:26: src/helloworld.o] Error 1
01:20:31 **** Auto Build of configuration Debug for project lab9_32point ****
make pre-build main-build 
a9-linaro-pre-build-step
' '
'Building file: ../src/helloworld.c'
'Invoking: ARM v7 gcc compiler'
arm-none-eabi-gcc -Wall -O0 -g3 -c -fmessage-length=0 -MT"src/helloworld.o" -mcpu=cortex-a9 -mfpu=vfpv3 -mfloat-abi=hard -I../../lab9_32point_bsp/ps7_cortexa9_0/include -MMD -MP -MF"src/helloworld.d" -MT"src/helloworld.o" -o "src/helloworld.o" "../src/helloworld.c"
In file included from ../src/helloworld.c:4:
../../lab9_32point_bsp/ps7_cortexa9_0/include/xtime_l.h:87:9: note: #pragma message: For the sleep routines, Global timer is being used
 #pragma message ("For the sleep routines, Global timer is being used")
         ^~~~~~~
'Finished building: ../src/helloworld.c'
' '
'Building target: lab9_32point.elf'
'Invoking: ARM v7 gcc linker'
arm-none-eabi-gcc -mcpu=cortex-a9 -mfpu=vfpv3 -mfloat-abi=hard -Wl,-build-id=none -specs=Xilinx.spec -Wl,-T -Wl,../src/lscript.ld -L../../lab9_32point_bsp/ps7_cortexa9_0/lib -o "lab9_32point.elf"  ./src/helloworld.o ./src/platform.o   -lm -Wl,--start-group,-lxil,-lgcc,-lc,--end-group
'Finished building target: lab9_32point.elf'
' '
'Invoking: ARM v7 Print Size'
arm-none-eabi-size lab9_32point.elf  |tee "lab9_32point.elf.size"
   text	   data	    bss	    dec	    hex	filename
  64564	   2840	  23456	  90860	  162ec	lab9_32point.elf
'Finished building: lab9_32point.elf.size'
' '
01:20:44 **** Incremental Build of configuration Debug for project lab9_32point ****
make pre-build main-build 
a9-linaro-pre-build-step
' '
make: Nothing to be done for 'main-build'.
01:22:45 **** Auto Build of configuration Debug for project lab9_32point ****
make pre-build main-build 
a9-linaro-pre-build-step
' '
'Building file: ../src/helloworld.c'
'Invoking: ARM v7 gcc compiler'
arm-none-eabi-gcc -Wall -O0 -g3 -c -fmessage-length=0 -MT"src/helloworld.o" -mcpu=cortex-a9 -mfpu=vfpv3 -mfloat-abi=hard -I../../lab9_32point_bsp/ps7_cortexa9_0/include -MMD -MP -MF"src/helloworld.d" -MT"src/helloworld.o" -o "src/helloworld.o" "../src/helloworld.c"
In file included from ../src/helloworld.c:4:
../../lab9_32point_bsp/ps7_cortexa9_0/include/xtime_l.h:87:9: note: #pragma message: For the sleep routines, Global timer is being used
 #pragma message ("For the sleep routines, Global timer is being used")
         ^~~~~~~
'Finished building: ../src/helloworld.c'
' '
'Building target: lab9_32point.elf'
'Invoking: ARM v7 gcc linker'
arm-none-eabi-gcc -mcpu=cortex-a9 -mfpu=vfpv3 -mfloat-abi=hard -Wl,-build-id=none -specs=Xilinx.spec -Wl,-T -Wl,../src/lscript.ld -L../../lab9_32point_bsp/ps7_cortexa9_0/lib -o "lab9_32point.elf"  ./src/helloworld.o ./src/platform.o   -lm -Wl,--start-group,-lxil,-lgcc,-lc,--end-group
'Finished building target: lab9_32point.elf'
' '
'Invoking: ARM v7 Print Size'
arm-none-eabi-size lab9_32point.elf  |tee "lab9_32point.elf.size"
   text	   data	    bss	    dec	    hex	filename
  64412	   2840	  23456	  90708	  16254	lab9_32point.elf
'Finished building: lab9_32point.elf.size'
' '
01:22:55 **** Incremental Build of configuration Debug for project lab9_32point ****
make pre-build main-build 
a9-linaro-pre-build-step
' '
make: Nothing to be done for 'main-build'.
01:23:23 **** Incremental Build of configuration Debug for project lab9_32point ****
make pre-build main-build 
a9-linaro-pre-build-step
' '
make: Nothing to be done for 'main-build'.
01:24:36 **** Auto Build of configuration Debug for project lab9_32point ****
make pre-build main-build 
a9-linaro-pre-build-step
' '
'Building file: ../src/helloworld.c'
'Invoking: ARM v7 gcc compiler'
arm-none-eabi-gcc -Wall -O0 -g3 -c -fmessage-length=0 -MT"src/helloworld.o" -mcpu=cortex-a9 -mfpu=vfpv3 -mfloat-abi=hard -I../../lab9_32point_bsp/ps7_cortexa9_0/include -MMD -MP -MF"src/helloworld.d" -MT"src/helloworld.o" -o "src/helloworld.o" "../src/helloworld.c"
'Finished building: ../src/helloworld.c'
' '
'Building target: lab9_32point.elf'
'Invoking: ARM v7 gcc linker'
arm-none-eabi-gcc -mcpu=cortex-a9 -mfpu=vfpv3 -mfloat-abi=hard -Wl,-build-id=none -specs=Xilinx.spec -Wl,-T -Wl,../src/lscript.ld -L../../lab9_32point_bsp/ps7_cortexa9_0/lib -o "lab9_32point.elf"  ./src/helloworld.o ./src/platform.o   -lm -Wl,--start-group,-lxil,-lgcc,-lc,--end-group
'Finished building target: lab9_32point.elf'
' '
'Invoking: ARM v7 Print Size'
arm-none-eabi-size lab9_32point.elf  |tee "lab9_32point.elf.size"
   text	   data	    bss	    dec	    hex	filename
  63636	   2840	  23456	  89932	  15f4c	lab9_32point.elf
'Finished building: lab9_32point.elf.size'
' '
01:24:53 **** Incremental Build of configuration Debug for project lab9_32point ****
make pre-build main-build 
a9-linaro-pre-build-step
' '
make: Nothing to be done for 'main-build'.
01:25:17 **** Incremental Build of configuration Debug for project lab9_32point ****
make pre-build main-build 
a9-linaro-pre-build-step
' '
make: Nothing to be done for 'main-build'.
01:27:37 **** Auto Build of configuration Debug for project lab9_32point ****
make pre-build main-build 
a9-linaro-pre-build-step
' '
'Building file: ../src/helloworld.c'
'Invoking: ARM v7 gcc compiler'
arm-none-eabi-gcc -Wall -O0 -g3 -c -fmessage-length=0 -MT"src/helloworld.o" -mcpu=cortex-a9 -mfpu=vfpv3 -mfloat-abi=hard -I../../lab9_32point_bsp/ps7_cortexa9_0/include -MMD -MP -MF"src/helloworld.d" -MT"src/helloworld.o" -o "src/helloworld.o" "../src/helloworld.c"
'Finished building: ../src/helloworld.c'
' '
'Building target: lab9_32point.elf'
'Invoking: ARM v7 gcc linker'
arm-none-eabi-gcc -mcpu=cortex-a9 -mfpu=vfpv3 -mfloat-abi=hard -Wl,-build-id=none -specs=Xilinx.spec -Wl,-T -Wl,../src/lscript.ld -L../../lab9_32point_bsp/ps7_cortexa9_0/lib -o "lab9_32point.elf"  ./src/helloworld.o ./src/platform.o   -lm -Wl,--start-group,-lxil,-lgcc,-lc,--end-group
'Finished building target: lab9_32point.elf'
' '
'Invoking: ARM v7 Print Size'
arm-none-eabi-size lab9_32point.elf  |tee "lab9_32point.elf.size"
   text	   data	    bss	    dec	    hex	filename
  62292	   2584	  23328	  88204	  1588c	lab9_32point.elf
'Finished building: lab9_32point.elf.size'
' '
01:27:46 **** Incremental Build of configuration Debug for project lab9_32point ****
make pre-build main-build 
a9-linaro-pre-build-step
' '
make: Nothing to be done for 'main-build'.
01:28:10 **** Incremental Build of configuration Debug for project lab9_32point ****
make pre-build main-build 
a9-linaro-pre-build-step
' '
make: Nothing to be done for 'main-build'.
01:46:33 **** Auto Build of configuration Debug for project lab9_32point ****
make pre-build main-build 
a9-linaro-pre-build-step
' '
'Building file: ../src/helloworld.c'
'Invoking: ARM v7 gcc compiler'
arm-none-eabi-gcc -Wall -O0 -g3 -c -fmessage-length=0 -MT"src/helloworld.o" -mcpu=cortex-a9 -mfpu=vfpv3 -mfloat-abi=hard -I../../lab9_32point_bsp/ps7_cortexa9_0/include -MMD -MP -MF"src/helloworld.d" -MT"src/helloworld.o" -o "src/helloworld.o" "../src/helloworld.c"
In file included from ../src/helloworld.c:5:
../../lab9_32point_bsp/ps7_cortexa9_0/include/xtime_l.h:87:9: note: #pragma message: For the sleep routines, Global timer is being used
 #pragma message ("For the sleep routines, Global timer is being used")
         ^~~~~~~
'Finished building: ../src/helloworld.c'
' '
'Building target: lab9_32point.elf'
'Invoking: ARM v7 gcc linker'
arm-none-eabi-gcc -mcpu=cortex-a9 -mfpu=vfpv3 -mfloat-abi=hard -Wl,-build-id=none -specs=Xilinx.spec -Wl,-T -Wl,../src/lscript.ld -L../../lab9_32point_bsp/ps7_cortexa9_0/lib -o "lab9_32point.elf"  ./src/helloworld.o ./src/platform.o   -lm -Wl,--start-group,-lxil,-lgcc,-lc,--end-group
'Finished building target: lab9_32point.elf'
' '
'Invoking: ARM v7 Print Size'
arm-none-eabi-size lab9_32point.elf  |tee "lab9_32point.elf.size"
   text	   data	    bss	    dec	    hex	filename
  74068	   2648	  23328	 100044	  186cc	lab9_32point.elf
'Finished building: lab9_32point.elf.size'
' '
01:46:40 **** Incremental Build of configuration Debug for project lab9_32point ****
make pre-build main-build 
a9-linaro-pre-build-step
' '
make: Nothing to be done for 'main-build'.
01:51:28 **** Auto Build of configuration Debug for project lab9_32point ****
make pre-build main-build 
a9-linaro-pre-build-step
' '
'Building file: ../src/helloworld.c'
'Invoking: ARM v7 gcc compiler'
arm-none-eabi-gcc -Wall -O0 -g3 -c -fmessage-length=0 -MT"src/helloworld.o" -mcpu=cortex-a9 -mfpu=vfpv3 -mfloat-abi=hard -I../../lab9_32point_bsp/ps7_cortexa9_0/include -MMD -MP -MF"src/helloworld.d" -MT"src/helloworld.o" -o "src/helloworld.o" "../src/helloworld.c"
In file included from ../src/helloworld.c:5:
../../lab9_32point_bsp/ps7_cortexa9_0/include/xtime_l.h:87:9: note: #pragma message: For the sleep routines, Global timer is being used
 #pragma message ("For the sleep routines, Global timer is being used")
         ^~~~~~~
../src/helloworld.c: In function 'main':
../src/helloworld.c:112:14: warning: implicit declaration of function 'DMA_Init'; did you mean 'dma_Init'? [-Wimplicit-function-declaration]
     status = DMA_Init(&AxiDMA, XPAR_AXI_DMA_0_DEVICE_ID);
              ^~~~~~~~
              dma_Init
'Finished building: ../src/helloworld.c'
' '
'Building target: lab9_32point.elf'
'Invoking: ARM v7 gcc linker'
arm-none-eabi-gcc -mcpu=cortex-a9 -mfpu=vfpv3 -mfloat-abi=hard -Wl,-build-id=none -specs=Xilinx.spec -Wl,-T -Wl,../src/lscript.ld -L../../lab9_32point_bsp/ps7_cortexa9_0/lib -o "lab9_32point.elf"  ./src/helloworld.o ./src/platform.o   -lm -Wl,--start-group,-lxil,-lgcc,-lc,--end-group
c:/xilinx/sdk/2019.1/gnu/aarch32/nt/gcc-arm-none-eabi/bin/../lib/gcc/arm-none-eabi/8.2.0/../../../../arm-none-eabi/bin/ld.exe: ./src/helloworld.o: in function `main':
C:\Users\aniru\Desktop\ELD\lab9_32\lab9_32.sdk\lab9_32point\Debug/../src/helloworld.c:112: undefined reference to `DMA_Init'
collect2.exe: error: ld returned 1 exit status
make: *** [makefile:41: lab9_32point.elf] Error 1
01:51:57 **** Auto Build of configuration Debug for project lab9_32point ****
make pre-build main-build 
a9-linaro-pre-build-step
' '
'Building file: ../src/helloworld.c'
'Invoking: ARM v7 gcc compiler'
arm-none-eabi-gcc -Wall -O0 -g3 -c -fmessage-length=0 -MT"src/helloworld.o" -mcpu=cortex-a9 -mfpu=vfpv3 -mfloat-abi=hard -I../../lab9_32point_bsp/ps7_cortexa9_0/include -MMD -MP -MF"src/helloworld.d" -MT"src/helloworld.o" -o "src/helloworld.o" "../src/helloworld.c"
In file included from ../src/helloworld.c:5:
../../lab9_32point_bsp/ps7_cortexa9_0/include/xtime_l.h:87:9: note: #pragma message: For the sleep routines, Global timer is being used
 #pragma message ("For the sleep routines, Global timer is being used")
         ^~~~~~~
../src/helloworld.c: In function 'main':
../src/helloworld.c:112:14: warning: implicit declaration of function 'dma_init'; did you mean 'dma_Init'? [-Wimplicit-function-declaration]
     status = dma_init(&AxiDMA, XPAR_AXI_DMA_0_DEVICE_ID);
              ^~~~~~~~
              dma_Init
'Finished building: ../src/helloworld.c'
' '
'Building target: lab9_32point.elf'
'Invoking: ARM v7 gcc linker'
arm-none-eabi-gcc -mcpu=cortex-a9 -mfpu=vfpv3 -mfloat-abi=hard -Wl,-build-id=none -specs=Xilinx.spec -Wl,-T -Wl,../src/lscript.ld -L../../lab9_32point_bsp/ps7_cortexa9_0/lib -o "lab9_32point.elf"  ./src/helloworld.o ./src/platform.o   -lm -Wl,--start-group,-lxil,-lgcc,-lc,--end-group
c:/xilinx/sdk/2019.1/gnu/aarch32/nt/gcc-arm-none-eabi/bin/../lib/gcc/arm-none-eabi/8.2.0/../../../../arm-none-eabi/bin/ld.exe: ./src/helloworld.o: in function `main':
C:\Users\aniru\Desktop\ELD\lab9_32\lab9_32.sdk\lab9_32point\Debug/../src/helloworld.c:112: undefined reference to `dma_init'
collect2.exe: error: ld returned 1 exit status
make: *** [makefile:41: lab9_32point.elf] Error 1
01:52:49 **** Auto Build of configuration Debug for project lab9_32point ****
make pre-build main-build 
a9-linaro-pre-build-step
' '
'Building file: ../src/helloworld.c'
'Invoking: ARM v7 gcc compiler'
arm-none-eabi-gcc -Wall -O0 -g3 -c -fmessage-length=0 -MT"src/helloworld.o" -mcpu=cortex-a9 -mfpu=vfpv3 -mfloat-abi=hard -I../../lab9_32point_bsp/ps7_cortexa9_0/include -MMD -MP -MF"src/helloworld.d" -MT"src/helloworld.o" -o "src/helloworld.o" "../src/helloworld.c"
In file included from ../src/helloworld.c:5:
../../lab9_32point_bsp/ps7_cortexa9_0/include/xtime_l.h:87:9: note: #pragma message: For the sleep routines, Global timer is being used
 #pragma message ("For the sleep routines, Global timer is being used")
         ^~~~~~~
'Finished building: ../src/helloworld.c'
' '
'Building target: lab9_32point.elf'
'Invoking: ARM v7 gcc linker'
arm-none-eabi-gcc -mcpu=cortex-a9 -mfpu=vfpv3 -mfloat-abi=hard -Wl,-build-id=none -specs=Xilinx.spec -Wl,-T -Wl,../src/lscript.ld -L../../lab9_32point_bsp/ps7_cortexa9_0/lib -o "lab9_32point.elf"  ./src/helloworld.o ./src/platform.o   -lm -Wl,--start-group,-lxil,-lgcc,-lc,--end-group
'Finished building target: lab9_32point.elf'
' '
'Invoking: ARM v7 Print Size'
arm-none-eabi-size lab9_32point.elf  |tee "lab9_32point.elf.size"
   text	   data	    bss	    dec	    hex	filename
  74068	   2648	  23328	 100044	  186cc	lab9_32point.elf
'Finished building: lab9_32point.elf.size'
' '
01:53:01 **** Auto Build of configuration Debug for project lab9_32point ****
make pre-build main-build 
a9-linaro-pre-build-step
' '
'Building file: ../src/helloworld.c'
'Invoking: ARM v7 gcc compiler'
arm-none-eabi-gcc -Wall -O0 -g3 -c -fmessage-length=0 -MT"src/helloworld.o" -mcpu=cortex-a9 -mfpu=vfpv3 -mfloat-abi=hard -I../../lab9_32point_bsp/ps7_cortexa9_0/include -MMD -MP -MF"src/helloworld.d" -MT"src/helloworld.o" -o "src/helloworld.o" "../src/helloworld.c"
In file included from ../src/helloworld.c:5:
../../lab9_32point_bsp/ps7_cortexa9_0/include/xtime_l.h:87:9: note: #pragma message: For the sleep routines, Global timer is being used
 #pragma message ("For the sleep routines, Global timer is being used")
         ^~~~~~~
'Finished building: ../src/helloworld.c'
' '
'Building target: lab9_32point.elf'
'Invoking: ARM v7 gcc linker'
arm-none-eabi-gcc -mcpu=cortex-a9 -mfpu=vfpv3 -mfloat-abi=hard -Wl,-build-id=none -specs=Xilinx.spec -Wl,-T -Wl,../src/lscript.ld -L../../lab9_32point_bsp/ps7_cortexa9_0/lib -o "lab9_32point.elf"  ./src/helloworld.o ./src/platform.o   -lm -Wl,--start-group,-lxil,-lgcc,-lc,--end-group
'Finished building target: lab9_32point.elf'
' '
'Invoking: ARM v7 Print Size'
arm-none-eabi-size lab9_32point.elf  |tee "lab9_32point.elf.size"
   text	   data	    bss	    dec	    hex	filename
  74068	   2648	  23328	 100044	  186cc	lab9_32point.elf
'Finished building: lab9_32point.elf.size'
' '
01:53:11 **** Incremental Build of configuration Debug for project lab9_32point ****
make pre-build main-build 
a9-linaro-pre-build-step
' '
make: Nothing to be done for 'main-build'.
01:53:36 **** Incremental Build of configuration Debug for project lab9_32point ****
make pre-build main-build 
a9-linaro-pre-build-step
' '
make: Nothing to be done for 'main-build'.
01:54:38 **** Auto Build of configuration Debug for project lab9_32point ****
make pre-build main-build 
a9-linaro-pre-build-step
' '
'Building file: ../src/helloworld.c'
'Invoking: ARM v7 gcc compiler'
arm-none-eabi-gcc -Wall -O0 -g3 -c -fmessage-length=0 -MT"src/helloworld.o" -mcpu=cortex-a9 -mfpu=vfpv3 -mfloat-abi=hard -I../../lab9_32point_bsp/ps7_cortexa9_0/include -MMD -MP -MF"src/helloworld.d" -MT"src/helloworld.o" -o "src/helloworld.o" "../src/helloworld.c"
In file included from ../src/helloworld.c:5:
../../lab9_32point_bsp/ps7_cortexa9_0/include/xtime_l.h:87:9: note: #pragma message: For the sleep routines, Global timer is being used
 #pragma message ("For the sleep routines, Global timer is being used")
         ^~~~~~~
'Finished building: ../src/helloworld.c'
' '
'Building target: lab9_32point.elf'
'Invoking: ARM v7 gcc linker'
arm-none-eabi-gcc -mcpu=cortex-a9 -mfpu=vfpv3 -mfloat-abi=hard -Wl,-build-id=none -specs=Xilinx.spec -Wl,-T -Wl,../src/lscript.ld -L../../lab9_32point_bsp/ps7_cortexa9_0/lib -o "lab9_32point.elf"  ./src/helloworld.o ./src/platform.o   -lm -Wl,--start-group,-lxil,-lgcc,-lc,--end-group
'Finished building target: lab9_32point.elf'
' '
'Invoking: ARM v7 Print Size'
arm-none-eabi-size lab9_32point.elf  |tee "lab9_32point.elf.size"
   text	   data	    bss	    dec	    hex	filename
  74068	   2648	  23328	 100044	  186cc	lab9_32point.elf
'Finished building: lab9_32point.elf.size'
' '
01:54:45 **** Incremental Build of configuration Debug for project lab9_32point ****
make pre-build main-build 
a9-linaro-pre-build-step
' '
make: Nothing to be done for 'main-build'.
01:55:10 **** Incremental Build of configuration Debug for project lab9_32point ****
make pre-build main-build 
a9-linaro-pre-build-step
' '
make: Nothing to be done for 'main-build'.
01:58:08 **** Auto Build of configuration Debug for project lab9_32point ****
make pre-build main-build 
a9-linaro-pre-build-step
' '
'Building file: ../src/helloworld.c'
'Invoking: ARM v7 gcc compiler'
arm-none-eabi-gcc -Wall -O0 -g3 -c -fmessage-length=0 -MT"src/helloworld.o" -mcpu=cortex-a9 -mfpu=vfpv3 -mfloat-abi=hard -I../../lab9_32point_bsp/ps7_cortexa9_0/include -MMD -MP -MF"src/helloworld.d" -MT"src/helloworld.o" -o "src/helloworld.o" "../src/helloworld.c"
In file included from ../src/helloworld.c:5:
../../lab9_32point_bsp/ps7_cortexa9_0/include/xtime_l.h:87:9: note: #pragma message: For the sleep routines, Global timer is being used
 #pragma message ("For the sleep routines, Global timer is being used")
         ^~~~~~~
'Finished building: ../src/helloworld.c'
' '
'Building target: lab9_32point.elf'
'Invoking: ARM v7 gcc linker'
arm-none-eabi-gcc -mcpu=cortex-a9 -mfpu=vfpv3 -mfloat-abi=hard -Wl,-build-id=none -specs=Xilinx.spec -Wl,-T -Wl,../src/lscript.ld -L../../lab9_32point_bsp/ps7_cortexa9_0/lib -o "lab9_32point.elf"  ./src/helloworld.o ./src/platform.o   -lm -Wl,--start-group,-lxil,-lgcc,-lc,--end-group
'Finished building target: lab9_32point.elf'
' '
'Invoking: ARM v7 Print Size'
arm-none-eabi-size lab9_32point.elf  |tee "lab9_32point.elf.size"
   text	   data	    bss	    dec	    hex	filename
  74068	   2648	  23328	 100044	  186cc	lab9_32point.elf
'Finished building: lab9_32point.elf.size'
' '
01:58:15 **** Incremental Build of configuration Debug for project lab9_32point ****
make pre-build main-build 
a9-linaro-pre-build-step
' '
make: Nothing to be done for 'main-build'.
01:58:39 **** Incremental Build of configuration Debug for project lab9_32point ****
make pre-build main-build 
a9-linaro-pre-build-step
' '
make: Nothing to be done for 'main-build'.
02:01:39 **** Auto Build of configuration Debug for project lab9_32point ****
make pre-build main-build 
a9-linaro-pre-build-step
' '
'Building file: ../src/helloworld.c'
'Invoking: ARM v7 gcc compiler'
arm-none-eabi-gcc -Wall -O0 -g3 -c -fmessage-length=0 -MT"src/helloworld.o" -mcpu=cortex-a9 -mfpu=vfpv3 -mfloat-abi=hard -I../../lab9_32point_bsp/ps7_cortexa9_0/include -MMD -MP -MF"src/helloworld.d" -MT"src/helloworld.o" -o "src/helloworld.o" "../src/helloworld.c"
In file included from ../src/helloworld.c:5:
../../lab9_32point_bsp/ps7_cortexa9_0/include/xtime_l.h:87:9: note: #pragma message: For the sleep routines, Global timer is being used
 #pragma message ("For the sleep routines, Global timer is being used")
         ^~~~~~~
'Finished building: ../src/helloworld.c'
' '
'Building target: lab9_32point.elf'
'Invoking: ARM v7 gcc linker'
arm-none-eabi-gcc -mcpu=cortex-a9 -mfpu=vfpv3 -mfloat-abi=hard -Wl,-build-id=none -specs=Xilinx.spec -Wl,-T -Wl,../src/lscript.ld -L../../lab9_32point_bsp/ps7_cortexa9_0/lib -o "lab9_32point.elf"  ./src/helloworld.o ./src/platform.o   -lm -Wl,--start-group,-lxil,-lgcc,-lc,--end-group
'Finished building target: lab9_32point.elf'
' '
'Invoking: ARM v7 Print Size'
arm-none-eabi-size lab9_32point.elf  |tee "lab9_32point.elf.size"
   text	   data	    bss	    dec	    hex	filename
  74324	   2648	  23328	 100300	  187cc	lab9_32point.elf
'Finished building: lab9_32point.elf.size'
' '
02:01:52 **** Incremental Build of configuration Debug for project lab9_32point ****
make pre-build main-build 
a9-linaro-pre-build-step
' '
make: Nothing to be done for 'main-build'.
13:16:17 **** Incremental Build of configuration Debug for project lab9_32point ****
make pre-build main-build 
a9-linaro-pre-build-step
' '
make: Nothing to be done for 'main-build'.
13:18:21 **** Auto Build of configuration Debug for project lab9_32point ****
make pre-build main-build 
a9-linaro-pre-build-step
' '
'Building file: ../src/helloworld.c'
'Invoking: ARM v7 gcc compiler'
arm-none-eabi-gcc -Wall -O0 -g3 -c -fmessage-length=0 -MT"src/helloworld.o" -mcpu=cortex-a9 -mfpu=vfpv3 -mfloat-abi=hard -I../../lab9_32point_bsp/ps7_cortexa9_0/include -MMD -MP -MF"src/helloworld.d" -MT"src/helloworld.o" -o "src/helloworld.o" "../src/helloworld.c"
'Finished building: ../src/helloworld.c'
' '
'Building target: lab9_32point.elf'
'Invoking: ARM v7 gcc linker'
arm-none-eabi-gcc -mcpu=cortex-a9 -mfpu=vfpv3 -mfloat-abi=hard -Wl,-build-id=none -specs=Xilinx.spec -Wl,-T -Wl,../src/lscript.ld -L../../lab9_32point_bsp/ps7_cortexa9_0/lib -o "lab9_32point.elf"  ./src/helloworld.o ./src/platform.o   -lm -Wl,--start-group,-lxil,-lgcc,-lc,--end-group
'Finished building target: lab9_32point.elf'
' '
'Invoking: ARM v7 Print Size'
arm-none-eabi-size lab9_32point.elf  |tee "lab9_32point.elf.size"
   text	   data	    bss	    dec	    hex	filename
  57880	   2584	  23328	  83792	  14750	lab9_32point.elf
'Finished building: lab9_32point.elf.size'
' '
13:18:34 **** Incremental Build of configuration Debug for project lab9_32point ****
make pre-build main-build 
a9-linaro-pre-build-step
' '
make: Nothing to be done for 'main-build'.
13:19:05 **** Incremental Build of configuration Debug for project lab9_32point ****
make pre-build main-build 
a9-linaro-pre-build-step
' '
make: Nothing to be done for 'main-build'.
13:23:31 **** Auto Build of configuration Debug for project lab9_32point ****
make pre-build main-build 
a9-linaro-pre-build-step
' '
'Building file: ../src/helloworld.c'
'Invoking: ARM v7 gcc compiler'
arm-none-eabi-gcc -Wall -O0 -g3 -c -fmessage-length=0 -MT"src/helloworld.o" -mcpu=cortex-a9 -mfpu=vfpv3 -mfloat-abi=hard -I../../lab9_32point_bsp/ps7_cortexa9_0/include -MMD -MP -MF"src/helloworld.d" -MT"src/helloworld.o" -o "src/helloworld.o" "../src/helloworld.c"
In file included from ../src/helloworld.c:13:
../../lab9_32point_bsp/ps7_cortexa9_0/include/xtime_l.h:87:9: note: #pragma message: For the sleep routines, Global timer is being used
 #pragma message ("For the sleep routines, Global timer is being used")
         ^~~~~~~
../src/helloworld.c: In function 'main':
../src/helloworld.c:105:16: warning: passing argument 1 of 'bitreverse' discards 'const' qualifier from pointer target type [-Wdiscarded-qualifiers]
     bitreverse(FFT_input, FFT_rev_sw);
                ^~~~~~~~~
../src/helloworld.c:35:31: note: expected '_Complex float *' but argument is of type 'const _Complex float *'
 void bitreverse(float complex dataIn[N], float complex dataOut[N]) {
                 ~~~~~~~~~~~~~~^~~~~~~~~
'Finished building: ../src/helloworld.c'
' '
'Building target: lab9_32point.elf'
'Invoking: ARM v7 gcc linker'
arm-none-eabi-gcc -mcpu=cortex-a9 -mfpu=vfpv3 -mfloat-abi=hard -Wl,-build-id=none -specs=Xilinx.spec -Wl,-T -Wl,../src/lscript.ld -L../../lab9_32point_bsp/ps7_cortexa9_0/lib -o "lab9_32point.elf"  ./src/helloworld.o ./src/platform.o   -lm -Wl,--start-group,-lxil,-lgcc,-lc,--end-group
'Finished building target: lab9_32point.elf'
' '
'Invoking: ARM v7 Print Size'
arm-none-eabi-size lab9_32point.elf  |tee "lab9_32point.elf.size"
   text	   data	    bss	    dec	    hex	filename
  70352	   2648	  23328	  96328	  17848	lab9_32point.elf
'Finished building: lab9_32point.elf.size'
' '
13:23:41 **** Incremental Build of configuration Debug for project lab9_32point ****
make pre-build main-build 
a9-linaro-pre-build-step
' '
make: Nothing to be done for 'main-build'.
13:26:03 **** Incremental Build of configuration Debug for project lab9_32point ****
make pre-build main-build 
a9-linaro-pre-build-step
' '
make: Nothing to be done for 'main-build'.
20:31:42 **** Auto Build of configuration Debug for project lab9_32point ****
make pre-build main-build 
a9-linaro-pre-build-step
' '
'Building file: ../src/helloworld.c'
'Invoking: ARM v7 gcc compiler'
arm-none-eabi-gcc -Wall -O0 -g3 -c -fmessage-length=0 -MT"src/helloworld.o" -mcpu=cortex-a9 -mfpu=vfpv3 -mfloat-abi=hard -I../../lab9_32point_bsp/ps7_cortexa9_0/include -MMD -MP -MF"src/helloworld.d" -MT"src/helloworld.o" -o "src/helloworld.o" "../src/helloworld.c"
In file included from ../src/helloworld.c:6:
../../lab9_32point_bsp/ps7_cortexa9_0/include/xtime_l.h:87:9: note: #pragma message: For the sleep routines, Global timer is being used
 #pragma message ("For the sleep routines, Global timer is being used")
         ^~~~~~~
../src/helloworld.c: In function 'main':
../src/helloworld.c:105:16: warning: passing argument 1 of 'bitreverse' discards 'const' qualifier from pointer target type [-Wdiscarded-qualifiers]
     bitreverse(FFT_input, FFT_rev_sw);
                ^~~~~~~~~
../src/helloworld.c:31:31: note: expected '_Complex float *' but argument is of type 'const _Complex float *'
 void bitreverse(float complex dataIn[N], float complex dataOut[N]) {
                 ~~~~~~~~~~~~~~^~~~~~~~~
'Finished building: ../src/helloworld.c'
' '
'Building target: lab9_32point.elf'
'Invoking: ARM v7 gcc linker'
arm-none-eabi-gcc -mcpu=cortex-a9 -mfpu=vfpv3 -mfloat-abi=hard -Wl,-build-id=none -specs=Xilinx.spec -Wl,-T -Wl,../src/lscript.ld -L../../lab9_32point_bsp/ps7_cortexa9_0/lib -o "lab9_32point.elf"  ./src/helloworld.o ./src/platform.o   -lm -Wl,--start-group,-lxil,-lgcc,-lc,--end-group
'Finished building target: lab9_32point.elf'
' '
'Invoking: ARM v7 Print Size'
arm-none-eabi-size lab9_32point.elf  |tee "lab9_32point.elf.size"
   text	   data	    bss	    dec	    hex	filename
  70416	   2648	  23328	  96392	  17888	lab9_32point.elf
'Finished building: lab9_32point.elf.size'
' '
20:32:01 **** Auto Build of configuration Debug for project lab9_32point ****
make pre-build main-build 
a9-linaro-pre-build-step
' '
'Building file: ../src/helloworld.c'
'Invoking: ARM v7 gcc compiler'
arm-none-eabi-gcc -Wall -O0 -g3 -c -fmessage-length=0 -MT"src/helloworld.o" -mcpu=cortex-a9 -mfpu=vfpv3 -mfloat-abi=hard -I../../lab9_32point_bsp/ps7_cortexa9_0/include -MMD -MP -MF"src/helloworld.d" -MT"src/helloworld.o" -o "src/helloworld.o" "../src/helloworld.c"
In file included from ../src/helloworld.c:6:
../../lab9_32point_bsp/ps7_cortexa9_0/include/xtime_l.h:87:9: note: #pragma message: For the sleep routines, Global timer is being used
 #pragma message ("For the sleep routines, Global timer is being used")
         ^~~~~~~
../src/helloworld.c: In function 'main':
../src/helloworld.c:108:16: warning: passing argument 1 of 'bitreverse' discards 'const' qualifier from pointer target type [-Wdiscarded-qualifiers]
     bitreverse(FFT_input, FFT_rev_sw);
                ^~~~~~~~~
../src/helloworld.c:31:31: note: expected '_Complex float *' but argument is of type 'const _Complex float *'
 void bitreverse(float complex dataIn[N], float complex dataOut[N]) {
                 ~~~~~~~~~~~~~~^~~~~~~~~
'Finished building: ../src/helloworld.c'
' '
'Building target: lab9_32point.elf'
'Invoking: ARM v7 gcc linker'
arm-none-eabi-gcc -mcpu=cortex-a9 -mfpu=vfpv3 -mfloat-abi=hard -Wl,-build-id=none -specs=Xilinx.spec -Wl,-T -Wl,../src/lscript.ld -L../../lab9_32point_bsp/ps7_cortexa9_0/lib -o "lab9_32point.elf"  ./src/helloworld.o ./src/platform.o   -lm -Wl,--start-group,-lxil,-lgcc,-lc,--end-group
'Finished building target: lab9_32point.elf'
' '
'Invoking: ARM v7 Print Size'
arm-none-eabi-size lab9_32point.elf  |tee "lab9_32point.elf.size"
   text	   data	    bss	    dec	    hex	filename
  70416	   2648	  23328	  96392	  17888	lab9_32point.elf
'Finished building: lab9_32point.elf.size'
' '
20:32:38 **** Incremental Build of configuration Debug for project lab9_32point ****
make pre-build main-build 
a9-linaro-pre-build-step
' '
make: Nothing to be done for 'main-build'.
20:35:00 **** Auto Build of configuration Debug for project lab9_32point ****
make pre-build main-build 
a9-linaro-pre-build-step
' '
'Building file: ../src/helloworld.c'
'Invoking: ARM v7 gcc compiler'
arm-none-eabi-gcc -Wall -O0 -g3 -c -fmessage-length=0 -MT"src/helloworld.o" -mcpu=cortex-a9 -mfpu=vfpv3 -mfloat-abi=hard -I../../lab9_32point_bsp/ps7_cortexa9_0/include -MMD -MP -MF"src/helloworld.d" -MT"src/helloworld.o" -o "src/helloworld.o" "../src/helloworld.c"
In file included from ../src/helloworld.c:6:
../../lab9_32point_bsp/ps7_cortexa9_0/include/xtime_l.h:87:9: note: #pragma message: For the sleep routines, Global timer is being used
 #pragma message ("For the sleep routines, Global timer is being used")
         ^~~~~~~
../src/helloworld.c: In function 'main':
../src/helloworld.c:105:16: warning: passing argument 1 of 'bitreverse' discards 'const' qualifier from pointer target type [-Wdiscarded-qualifiers]
     bitreverse(FFT_input, FFT_rev_sw);
                ^~~~~~~~~
../src/helloworld.c:31:31: note: expected '_Complex float *' but argument is of type 'const _Complex float *'
 void bitreverse(float complex dataIn[N], float complex dataOut[N]) {
                 ~~~~~~~~~~~~~~^~~~~~~~~
'Finished building: ../src/helloworld.c'
' '
'Building target: lab9_32point.elf'
'Invoking: ARM v7 gcc linker'
arm-none-eabi-gcc -mcpu=cortex-a9 -mfpu=vfpv3 -mfloat-abi=hard -Wl,-build-id=none -specs=Xilinx.spec -Wl,-T -Wl,../src/lscript.ld -L../../lab9_32point_bsp/ps7_cortexa9_0/lib -o "lab9_32point.elf"  ./src/helloworld.o ./src/platform.o   -lm -Wl,--start-group,-lxil,-lgcc,-lc,--end-group
'Finished building target: lab9_32point.elf'
' '
'Invoking: ARM v7 Print Size'
arm-none-eabi-size lab9_32point.elf  |tee "lab9_32point.elf.size"
   text	   data	    bss	    dec	    hex	filename
  70480	   2648	  23328	  96456	  178c8	lab9_32point.elf
'Finished building: lab9_32point.elf.size'
' '
20:35:17 **** Incremental Build of configuration Debug for project lab9_32point ****
make pre-build main-build 
a9-linaro-pre-build-step
' '
make: Nothing to be done for 'main-build'.
20:36:07 **** Incremental Build of configuration Debug for project lab9_32point ****
make pre-build main-build 
a9-linaro-pre-build-step
' '
make: Nothing to be done for 'main-build'.
20:39:52 **** Auto Build of configuration Debug for project lab9_32point ****
make pre-build main-build 
a9-linaro-pre-build-step
' '
'Building file: ../src/helloworld.c'
'Invoking: ARM v7 gcc compiler'
arm-none-eabi-gcc -Wall -O0 -g3 -c -fmessage-length=0 -MT"src/helloworld.o" -mcpu=cortex-a9 -mfpu=vfpv3 -mfloat-abi=hard -I../../lab9_32point_bsp/ps7_cortexa9_0/include -MMD -MP -MF"src/helloworld.d" -MT"src/helloworld.o" -o "src/helloworld.o" "../src/helloworld.c"
In file included from ../src/helloworld.c:6:
../../lab9_32point_bsp/ps7_cortexa9_0/include/xtime_l.h:87:9: note: #pragma message: For the sleep routines, Global timer is being used
 #pragma message ("For the sleep routines, Global timer is being used")
         ^~~~~~~
../src/helloworld.c: In function 'main':
../src/helloworld.c:106:16: warning: passing argument 1 of 'bitreverse' discards 'const' qualifier from pointer target type [-Wdiscarded-qualifiers]
     bitreverse(FFT_input, FFT_rev_sw);
                ^~~~~~~~~
../src/helloworld.c:31:31: note: expected '_Complex float *' but argument is of type 'const _Complex float *'
 void bitreverse(float complex dataIn[N], float complex dataOut[N]) {
                 ~~~~~~~~~~~~~~^~~~~~~~~
'Finished building: ../src/helloworld.c'
' '
'Building target: lab9_32point.elf'
'Invoking: ARM v7 gcc linker'
arm-none-eabi-gcc -mcpu=cortex-a9 -mfpu=vfpv3 -mfloat-abi=hard -Wl,-build-id=none -specs=Xilinx.spec -Wl,-T -Wl,../src/lscript.ld -L../../lab9_32point_bsp/ps7_cortexa9_0/lib -o "lab9_32point.elf"  ./src/helloworld.o ./src/platform.o   -lm -Wl,--start-group,-lxil,-lgcc,-lc,--end-group
'Finished building target: lab9_32point.elf'
' '
'Invoking: ARM v7 Print Size'
arm-none-eabi-size lab9_32point.elf  |tee "lab9_32point.elf.size"
   text	   data	    bss	    dec	    hex	filename
  70480	   2648	  23328	  96456	  178c8	lab9_32point.elf
'Finished building: lab9_32point.elf.size'
' '
20:39:59 **** Incremental Build of configuration Debug for project lab9_32point ****
make pre-build main-build 
a9-linaro-pre-build-step
' '
make: Nothing to be done for 'main-build'.
20:41:48 **** Auto Build of configuration Debug for project lab9_32point ****
make pre-build main-build 
a9-linaro-pre-build-step
' '
'Building file: ../src/helloworld.c'
'Invoking: ARM v7 gcc compiler'
arm-none-eabi-gcc -Wall -O0 -g3 -c -fmessage-length=0 -MT"src/helloworld.o" -mcpu=cortex-a9 -mfpu=vfpv3 -mfloat-abi=hard -I../../lab9_32point_bsp/ps7_cortexa9_0/include -MMD -MP -MF"src/helloworld.d" -MT"src/helloworld.o" -o "src/helloworld.o" "../src/helloworld.c"
In file included from ../src/helloworld.c:6:
../../lab9_32point_bsp/ps7_cortexa9_0/include/xtime_l.h:87:9: note: #pragma message: For the sleep routines, Global timer is being used
 #pragma message ("For the sleep routines, Global timer is being used")
         ^~~~~~~
../src/helloworld.c: In function 'FFT_stages':
../src/helloworld.c:49:30: warning: implicit declaration of function 'log2' [-Wimplicit-function-declaration]
     for (stage = 1; stage <= log2(N); stage++) {
                              ^~~~
../src/helloworld.c:49:30: warning: incompatible implicit declaration of built-in function 'log2'
../src/helloworld.c:49:30: note: include '<math.h>' or provide a declaration of 'log2'
../src/helloworld.c:10:1:
+#include <math.h>
 
../src/helloworld.c:49:30:
     for (stage = 1; stage <= log2(N); stage++) {
                              ^~~~
../src/helloworld.c:54:37: error: 'W' undeclared (first use in this function)
             float complex twiddle = W[j * (N / subFFTSize)];
                                     ^
../src/helloworld.c:54:37: note: each undeclared identifier is reported only once for each function it appears in
../src/helloworld.c: In function 'main':
../src/helloworld.c:106:16: warning: passing argument 1 of 'bitreverse' discards 'const' qualifier from pointer target type [-Wdiscarded-qualifiers]
     bitreverse(FFT_input, FFT_rev_sw);
                ^~~~~~~~~
../src/helloworld.c:31:31: note: expected '_Complex float *' but argument is of type 'const _Complex float *'
 void bitreverse(float complex dataIn[N], float complex dataOut[N]) {
                 ~~~~~~~~~~~~~~^~~~~~~~~
make: *** [src/subdir.mk:26: src/helloworld.o] Error 1
20:43:20 **** Auto Build of configuration Debug for project lab9_32point ****
make pre-build main-build 
a9-linaro-pre-build-step
' '
'Building file: ../src/helloworld.c'
'Invoking: ARM v7 gcc compiler'
arm-none-eabi-gcc -Wall -O0 -g3 -c -fmessage-length=0 -MT"src/helloworld.o" -mcpu=cortex-a9 -mfpu=vfpv3 -mfloat-abi=hard -I../../lab9_32point_bsp/ps7_cortexa9_0/include -MMD -MP -MF"src/helloworld.d" -MT"src/helloworld.o" -o "src/helloworld.o" "../src/helloworld.c"
In file included from ../src/helloworld.c:6:
../../lab9_32point_bsp/ps7_cortexa9_0/include/xtime_l.h:87:9: note: #pragma message: For the sleep routines, Global timer is being used
 #pragma message ("For the sleep routines, Global timer is being used")
         ^~~~~~~
../src/helloworld.c: In function 'FFT_stages':
../src/helloworld.c:49:30: warning: implicit declaration of function 'log2' [-Wimplicit-function-declaration]
     for (stage = 1; stage <= log2(N); stage++) {
                              ^~~~
../src/helloworld.c:49:30: warning: incompatible implicit declaration of built-in function 'log2'
../src/helloworld.c:49:30: note: include '<math.h>' or provide a declaration of 'log2'
../src/helloworld.c:10:1:
+#include <math.h>
 
../src/helloworld.c:49:30:
     for (stage = 1; stage <= log2(N); stage++) {
                              ^~~~
../src/helloworld.c: In function 'main':
../src/helloworld.c:106:16: warning: passing argument 1 of 'bitreverse' discards 'const' qualifier from pointer target type [-Wdiscarded-qualifiers]
     bitreverse(FFT_input, FFT_rev_sw);
                ^~~~~~~~~
../src/helloworld.c:31:31: note: expected '_Complex float *' but argument is of type 'const _Complex float *'
 void bitreverse(float complex dataIn[N], float complex dataOut[N]) {
                 ~~~~~~~~~~~~~~^~~~~~~~~
../src/helloworld.c:107:5: error: too few arguments to function 'FFT_stages'
     FFT_stages(FFT_rev_sw, FFT_output_sw);
     ^~~~~~~~~~
../src/helloworld.c:39:6: note: declared here
 void FFT_stages(float complex FFT_input[N], float complex FFT_output[N], const float complex W[N / 2]) {
      ^~~~~~~~~~
make: *** [src/subdir.mk:26: src/helloworld.o] Error 1
21:23:46 **** Auto Build of configuration Debug for project lab9_32point ****
make pre-build main-build 
a9-linaro-pre-build-step
' '
'Building file: ../src/helloworld.c'
'Invoking: ARM v7 gcc compiler'
arm-none-eabi-gcc -Wall -O0 -g3 -c -fmessage-length=0 -MT"src/helloworld.o" -mcpu=cortex-a9 -mfpu=vfpv3 -mfloat-abi=hard -I../../lab9_32point_bsp/ps7_cortexa9_0/include -MMD -MP -MF"src/helloworld.d" -MT"src/helloworld.o" -o "src/helloworld.o" "../src/helloworld.c"
In file included from ../src/helloworld.c:6:
../../lab9_32point_bsp/ps7_cortexa9_0/include/xtime_l.h:87:9: note: #pragma message: For the sleep routines, Global timer is being used
 #pragma message ("For the sleep routines, Global timer is being used")
         ^~~~~~~
../src/helloworld.c: In function 'FFT_stages':
../src/helloworld.c:49:30: warning: implicit declaration of function 'log2' [-Wimplicit-function-declaration]
     for (stage = 1; stage <= log2(N); stage++) {
                              ^~~~
../src/helloworld.c:49:30: warning: incompatible implicit declaration of built-in function 'log2'
../src/helloworld.c:49:30: note: include '<math.h>' or provide a declaration of 'log2'
../src/helloworld.c:10:1:
+#include <math.h>
 
../src/helloworld.c:49:30:
     for (stage = 1; stage <= log2(N); stage++) {
                              ^~~~
../src/helloworld.c: In function 'main':
../src/helloworld.c:106:16: warning: passing argument 1 of 'bitreverse' discards 'const' qualifier from pointer target type [-Wdiscarded-qualifiers]
     bitreverse(FFT_input, FFT_rev_sw);
                ^~~~~~~~~
../src/helloworld.c:31:31: note: expected '_Complex float *' but argument is of type 'const _Complex float *'
 void bitreverse(float complex dataIn[N], float complex dataOut[N]) {
                 ~~~~~~~~~~~~~~^~~~~~~~~
../src/helloworld.c:107:5: error: too few arguments to function 'FFT_stages'
     FFT_stages(FFT_rev_sw, FFT_output_sw);
     ^~~~~~~~~~
../src/helloworld.c:39:6: note: declared here
 void FFT_stages(float complex FFT_input[N], float complex FFT_output[N], const float complex W[N / 2]) {
      ^~~~~~~~~~
../src/helloworld.c:113:36: error: stray '#' in program
     status = DMA_Init(&AxiDMA, XPAR#include <stdio.h>
                                    ^
../src/helloworld.c:113:32: error: 'XPAR' undeclared (first use in this function)
     status = DMA_Init(&AxiDMA, XPAR#include <stdio.h>
                                ^~~~
../src/helloworld.c:113:32: note: each undeclared identifier is reported only once for each function it appears in
../src/helloworld.c:113:36: error: expected ')' before 'include'
     status = DMA_Init(&AxiDMA, XPAR#include <stdio.h>
                                    ^~~~~~~~
                                    )
make: *** [src/subdir.mk:26: src/helloworld.o] Error 1
21:26:12 **** Auto Build of configuration Debug for project lab9_32point ****
make pre-build main-build 
a9-linaro-pre-build-step
' '
'Building file: ../src/helloworld.c'
'Invoking: ARM v7 gcc compiler'
arm-none-eabi-gcc -Wall -O0 -g3 -c -fmessage-length=0 -MT"src/helloworld.o" -mcpu=cortex-a9 -mfpu=vfpv3 -mfloat-abi=hard -I../../lab9_32point_bsp/ps7_cortexa9_0/include -MMD -MP -MF"src/helloworld.d" -MT"src/helloworld.o" -o "src/helloworld.o" "../src/helloworld.c"
In file included from ../src/helloworld.c:6:
../../lab9_32point_bsp/ps7_cortexa9_0/include/xtime_l.h:87:9: note: #pragma message: For the sleep routines, Global timer is being used
 #pragma message ("For the sleep routines, Global timer is being used")
         ^~~~~~~
../src/helloworld.c: In function 'FFT_stages':
../src/helloworld.c:49:30: warning: implicit declaration of function 'log2' [-Wimplicit-function-declaration]
     for (stage = 1; stage <= log2(N); stage++) {
                              ^~~~
../src/helloworld.c:49:30: warning: incompatible implicit declaration of built-in function 'log2'
../src/helloworld.c:49:30: note: include '<math.h>' or provide a declaration of 'log2'
../src/helloworld.c:10:1:
+#include <math.h>
 
../src/helloworld.c:49:30:
     for (stage = 1; stage <= log2(N); stage++) {
                              ^~~~
../src/helloworld.c: In function 'main':
../src/helloworld.c:106:16: warning: passing argument 1 of 'bitreverse' discards 'const' qualifier from pointer target type [-Wdiscarded-qualifiers]
     bitreverse(FFT_input, FFT_rev_sw);
                ^~~~~~~~~
../src/helloworld.c:31:31: note: expected '_Complex float *' but argument is of type 'const _Complex float *'
 void bitreverse(float complex dataIn[N], float complex dataOut[N]) {
                 ~~~~~~~~~~~~~~^~~~~~~~~
../src/helloworld.c:107:5: error: too few arguments to function 'FFT_stages'
     FFT_stages(FFT_rev_sw, FFT_output_sw);
     ^~~~~~~~~~
../src/helloworld.c:39:6: note: declared here
 void FFT_stages(float complex FFT_input[N], float complex FFT_output[N], const float complex W[N / 2]) {
      ^~~~~~~~~~
../src/helloworld.c:113:14: warning: implicit declaration of function 'dma_Init'; did you mean 'DMA_Init'? [-Wimplicit-function-declaration]
     status = dma_Init(&AxiDMA, XPAR#include <stdio.h>
              ^~~~~~~~
              DMA_Init
../src/helloworld.c:113:36: error: stray '#' in program
     status = dma_Init(&AxiDMA, XPAR#include <stdio.h>
                                    ^
../src/helloworld.c:113:32: error: 'XPAR' undeclared (first use in this function)
     status = dma_Init(&AxiDMA, XPAR#include <stdio.h>
                                ^~~~
../src/helloworld.c:113:32: note: each undeclared identifier is reported only once for each function it appears in
../src/helloworld.c:113:36: error: expected ')' before 'include'
     status = dma_Init(&AxiDMA, XPAR#include <stdio.h>
                                    ^~~~~~~~
                                    )
make: *** [src/subdir.mk:26: src/helloworld.o] Error 1
21:26:19 **** Auto Build of configuration Debug for project lab9_32point ****
make pre-build main-build 
a9-linaro-pre-build-step
' '
'Building file: ../src/helloworld.c'
'Invoking: ARM v7 gcc compiler'
arm-none-eabi-gcc -Wall -O0 -g3 -c -fmessage-length=0 -MT"src/helloworld.o" -mcpu=cortex-a9 -mfpu=vfpv3 -mfloat-abi=hard -I../../lab9_32point_bsp/ps7_cortexa9_0/include -MMD -MP -MF"src/helloworld.d" -MT"src/helloworld.o" -o "src/helloworld.o" "../src/helloworld.c"
In file included from ../src/helloworld.c:6:
../../lab9_32point_bsp/ps7_cortexa9_0/include/xtime_l.h:87:9: note: #pragma message: For the sleep routines, Global timer is being used
 #pragma message ("For the sleep routines, Global timer is being used")
         ^~~~~~~
../src/helloworld.c: In function 'FFT_stages':
../src/helloworld.c:49:30: warning: implicit declaration of function 'log2' [-Wimplicit-function-declaration]
     for (stage = 1; stage <= log2(N); stage++) {
                              ^~~~
../src/helloworld.c:49:30: warning: incompatible implicit declaration of built-in function 'log2'
../src/helloworld.c:49:30: note: include '<math.h>' or provide a declaration of 'log2'
../src/helloworld.c:10:1:
+#include <math.h>
 
../src/helloworld.c:49:30:
     for (stage = 1; stage <= log2(N); stage++) {
                              ^~~~
../src/helloworld.c: In function 'main':
../src/helloworld.c:106:16: warning: passing argument 1 of 'bitreverse' discards 'const' qualifier from pointer target type [-Wdiscarded-qualifiers]
     bitreverse(FFT_input, FFT_rev_sw);
                ^~~~~~~~~
../src/helloworld.c:31:31: note: expected '_Complex float *' but argument is of type 'const _Complex float *'
 void bitreverse(float complex dataIn[N], float complex dataOut[N]) {
                 ~~~~~~~~~~~~~~^~~~~~~~~
../src/helloworld.c:107:5: error: too few arguments to function 'FFT_stages'
     FFT_stages(FFT_rev_sw, FFT_output_sw);
     ^~~~~~~~~~
../src/helloworld.c:39:6: note: declared here
 void FFT_stages(float complex FFT_input[N], float complex FFT_output[N], const float complex W[N / 2]) {
      ^~~~~~~~~~
../src/helloworld.c:113:36: error: stray '#' in program
     status = DMA_Init(&AxiDMA, XPAR#include <stdio.h>
                                    ^
../src/helloworld.c:113:32: error: 'XPAR' undeclared (first use in this function)
     status = DMA_Init(&AxiDMA, XPAR#include <stdio.h>
                                ^~~~
../src/helloworld.c:113:32: note: each undeclared identifier is reported only once for each function it appears in
../src/helloworld.c:113:36: error: expected ')' before 'include'
     status = DMA_Init(&AxiDMA, XPAR#include <stdio.h>
                                    ^~~~~~~~
                                    )
make: *** [src/subdir.mk:26: src/helloworld.o] Error 1
21:27:56 **** Auto Build of configuration Debug for project lab9_32point ****
make pre-build main-build 
a9-linaro-pre-build-step
' '
'Building file: ../src/helloworld.c'
'Invoking: ARM v7 gcc compiler'
arm-none-eabi-gcc -Wall -O0 -g3 -c -fmessage-length=0 -MT"src/helloworld.o" -mcpu=cortex-a9 -mfpu=vfpv3 -mfloat-abi=hard -I../../lab9_32point_bsp/ps7_cortexa9_0/include -MMD -MP -MF"src/helloworld.d" -MT"src/helloworld.o" -o "src/helloworld.o" "../src/helloworld.c"
In file included from ../src/helloworld.c:6:
../../lab9_32point_bsp/ps7_cortexa9_0/include/xtime_l.h:87:9: note: #pragma message: For the sleep routines, Global timer is being used
 #pragma message ("For the sleep routines, Global timer is being used")
         ^~~~~~~
../src/helloworld.c: In function 'main':
../src/helloworld.c:101:26: warning: implicit declaration of function 'fabsf' [-Wimplicit-function-declaration]
         float realDiff = fabsf(crealf(fftOutputPS[idx]) - crealf(fftOutputPL[idx]));
                          ^~~~~
../src/helloworld.c:101:26: warning: incompatible implicit declaration of built-in function 'fabsf'
../src/helloworld.c:101:26: note: include '<math.h>' or provide a declaration of 'fabsf'
../src/helloworld.c:10:1:
+#include <math.h>
 
../src/helloworld.c:101:26:
         float realDiff = fabsf(crealf(fftOutputPS[idx]) - crealf(fftOutputPL[idx]));
                          ^~~~~
'Finished building: ../src/helloworld.c'
' '
'Building target: lab9_32point.elf'
'Invoking: ARM v7 gcc linker'
arm-none-eabi-gcc -mcpu=cortex-a9 -mfpu=vfpv3 -mfloat-abi=hard -Wl,-build-id=none -specs=Xilinx.spec -Wl,-T -Wl,../src/lscript.ld -L../../lab9_32point_bsp/ps7_cortexa9_0/lib -o "lab9_32point.elf"  ./src/helloworld.o ./src/platform.o   -lm -Wl,--start-group,-lxil,-lgcc,-lc,--end-group
'Finished building target: lab9_32point.elf'
' '
'Invoking: ARM v7 Print Size'
arm-none-eabi-size lab9_32point.elf  |tee "lab9_32point.elf.size"
   text	   data	    bss	    dec	    hex	filename
  70384	   2648	  23328	  96360	  17868	lab9_32point.elf
'Finished building: lab9_32point.elf.size'
' '
21:45:46 **** Incremental Build of configuration Debug for project lab9_32point ****
make pre-build main-build 
a9-linaro-pre-build-step
' '
make: Nothing to be done for 'main-build'.
21:46:49 **** Auto Build of configuration Debug for project lab9_32point ****
make pre-build main-build 
a9-linaro-pre-build-step
' '
'Building file: ../src/helloworld.c'
'Invoking: ARM v7 gcc compiler'
arm-none-eabi-gcc -Wall -O0 -g3 -c -fmessage-length=0 -MT"src/helloworld.o" -mcpu=cortex-a9 -mfpu=vfpv3 -mfloat-abi=hard -I../../lab9_32point_bsp/ps7_cortexa9_0/include -MMD -MP -MF"src/helloworld.d" -MT"src/helloworld.o" -o "src/helloworld.o" "../src/helloworld.c"
In file included from ../src/helloworld.c:6:
../../lab9_32point_bsp/ps7_cortexa9_0/include/xtime_l.h:87:9: note: #pragma message: For the sleep routines, Global timer is being used
 #pragma message ("For the sleep routines, Global timer is being used")
         ^~~~~~~
../src/helloworld.c: In function 'main':
../src/helloworld.c:72:16: warning: passing argument 1 of 'FFT_stages' discards 'const' qualifier from pointer target type [-Wdiscarded-qualifiers]
     FFT_stages(FFT_input, FFT_output_sw);
                ^~~~~~~~~
../src/helloworld.c:33:31: note: expected '_Complex float *' but argument is of type 'const _Complex float *'
 void FFT_stages(float complex dataIn[N], float complex dataOut[N]) {
                 ~~~~~~~~~~~~~~^~~~~~~~~
../src/helloworld.c:101:23: warning: implicit declaration of function 'fabsf' [-Wimplicit-function-declaration]
         float diff1 = fabsf(crealf(FFT_output_sw[i]) - crealf(FFT_output_hw[i]));
                       ^~~~~
../src/helloworld.c:101:23: warning: incompatible implicit declaration of built-in function 'fabsf'
../src/helloworld.c:101:23: note: include '<math.h>' or provide a declaration of 'fabsf'
../src/helloworld.c:10:1:
+#include <math.h>
 
../src/helloworld.c:101:23:
         float diff1 = fabsf(crealf(FFT_output_sw[i]) - crealf(FFT_output_hw[i]));
                       ^~~~~
'Finished building: ../src/helloworld.c'
' '
'Building target: lab9_32point.elf'
'Invoking: ARM v7 gcc linker'
arm-none-eabi-gcc -mcpu=cortex-a9 -mfpu=vfpv3 -mfloat-abi=hard -Wl,-build-id=none -specs=Xilinx.spec -Wl,-T -Wl,../src/lscript.ld -L../../lab9_32point_bsp/ps7_cortexa9_0/lib -o "lab9_32point.elf"  ./src/helloworld.o ./src/platform.o   -lm -Wl,--start-group,-lxil,-lgcc,-lc,--end-group
'Finished building target: lab9_32point.elf'
' '
'Invoking: ARM v7 Print Size'
arm-none-eabi-size lab9_32point.elf  |tee "lab9_32point.elf.size"
   text	   data	    bss	    dec	    hex	filename
  70416	   2648	  23328	  96392	  17888	lab9_32point.elf
'Finished building: lab9_32point.elf.size'
' '
21:47:00 **** Incremental Build of configuration Debug for project lab9_32point ****
make pre-build main-build 
a9-linaro-pre-build-step
' '
make: Nothing to be done for 'main-build'.
21:47:29 **** Incremental Build of configuration Debug for project lab9_32point ****
make pre-build main-build 
a9-linaro-pre-build-step
' '
make: Nothing to be done for 'main-build'.
21:50:39 **** Auto Build of configuration Debug for project lab9_32point ****
make pre-build main-build 
a9-linaro-pre-build-step
' '
'Building file: ../src/helloworld.c'
'Invoking: ARM v7 gcc compiler'
arm-none-eabi-gcc -Wall -O0 -g3 -c -fmessage-length=0 -MT"src/helloworld.o" -mcpu=cortex-a9 -mfpu=vfpv3 -mfloat-abi=hard -I../../lab9_32point_bsp/ps7_cortexa9_0/include -MMD -MP -MF"src/helloworld.d" -MT"src/helloworld.o" -o "src/helloworld.o" "../src/helloworld.c"
In file included from ../src/helloworld.c:6:
../../lab9_32point_bsp/ps7_cortexa9_0/include/xtime_l.h:87:9: note: #pragma message: For the sleep routines, Global timer is being used
 #pragma message ("For the sleep routines, Global timer is being used")
         ^~~~~~~
../src/helloworld.c: In function 'main':
../src/helloworld.c:72:16: warning: passing argument 1 of 'FFT_stages' discards 'const' qualifier from pointer target type [-Wdiscarded-qualifiers]
     FFT_stages(FFT_input, FFT_output_sw);
                ^~~~~~~~~
../src/helloworld.c:33:31: note: expected '_Complex float *' but argument is of type 'const _Complex float *'
 void FFT_stages(float complex dataIn[N], float complex dataOut[N]) {
                 ~~~~~~~~~~~~~~^~~~~~~~~
../src/helloworld.c:101:23: warning: implicit declaration of function 'fabsf' [-Wimplicit-function-declaration]
         float diff1 = fabsf(crealf(FFT_output_sw[i]) - crealf(FFT_output_hw[i]));
                       ^~~~~
../src/helloworld.c:101:23: warning: incompatible implicit declaration of built-in function 'fabsf'
../src/helloworld.c:101:23: note: include '<math.h>' or provide a declaration of 'fabsf'
../src/helloworld.c:10:1:
+#include <math.h>
 
../src/helloworld.c:101:23:
         float diff1 = fabsf(crealf(FFT_output_sw[i]) - crealf(FFT_output_hw[i]));
                       ^~~~~
'Finished building: ../src/helloworld.c'
' '
'Building target: lab9_32point.elf'
'Invoking: ARM v7 gcc linker'
arm-none-eabi-gcc -mcpu=cortex-a9 -mfpu=vfpv3 -mfloat-abi=hard -Wl,-build-id=none -specs=Xilinx.spec -Wl,-T -Wl,../src/lscript.ld -L../../lab9_32point_bsp/ps7_cortexa9_0/lib -o "lab9_32point.elf"  ./src/helloworld.o ./src/platform.o   -lm -Wl,--start-group,-lxil,-lgcc,-lc,--end-group
'Finished building target: lab9_32point.elf'
' '
'Invoking: ARM v7 Print Size'
arm-none-eabi-size lab9_32point.elf  |tee "lab9_32point.elf.size"
   text	   data	    bss	    dec	    hex	filename
  70416	   2648	  23328	  96392	  17888	lab9_32point.elf
'Finished building: lab9_32point.elf.size'
' '
21:51:16 **** Incremental Build of configuration Debug for project lab9_32point ****
make pre-build main-build 
a9-linaro-pre-build-step
' '
make: Nothing to be done for 'main-build'.
21:51:41 **** Incremental Build of configuration Debug for project lab9_32point ****
make pre-build main-build 
a9-linaro-pre-build-step
' '
make: Nothing to be done for 'main-build'.
21:54:14 **** Incremental Build of configuration Debug for project lab9_32point ****
make pre-build main-build 
a9-linaro-pre-build-step
' '
make: Nothing to be done for 'main-build'.
21:59:06 **** Clean-only build of configuration Debug for project lab9_32point ****
make clean 
rm -rf  ./src/helloworld.o ./src/platform.o  ./src/helloworld.d ./src/platform.d  lab9_32point.elf.size  lab9_32point.elf
' '
21:59:07 **** Auto Build of configuration Debug for project lab9_32point ****
make pre-build main-build 
a9-linaro-pre-build-step
' '
'Building file: ../src/helloworld.c'
'Invoking: ARM v7 gcc compiler'
arm-none-eabi-gcc -Wall -O0 -g3 -c -fmessage-length=0 -MT"src/helloworld.o" -mcpu=cortex-a9 -mfpu=vfpv3 -mfloat-abi=hard -I../../lab9_32point_bsp/ps7_cortexa9_0/include -MMD -MP -MF"src/helloworld.d" -MT"src/helloworld.o" -o "src/helloworld.o" "../src/helloworld.c"
In file included from ../src/helloworld.c:6:
../../lab9_32point_bsp/ps7_cortexa9_0/include/xtime_l.h:87:9: note: #pragma message: For the sleep routines, Global timer is being used
 #pragma message ("For the sleep routines, Global timer is being used")
         ^~~~~~~
../src/helloworld.c: In function 'main':
../src/helloworld.c:73:16: warning: passing argument 1 of 'FFT_stages' discards 'const' qualifier from pointer target type [-Wdiscarded-qualifiers]
     FFT_stages(FFT_input, FFT_output_sw);
                ^~~~~~~~~
../src/helloworld.c:34:31: note: expected '_Complex float *' but argument is of type 'const _Complex float *'
 void FFT_stages(float complex dataIn[N], float complex dataOut[N]) {
                 ~~~~~~~~~~~~~~^~~~~~~~~
../src/helloworld.c:102:23: warning: implicit declaration of function 'fabsf' [-Wimplicit-function-declaration]
         float diff1 = fabsf(crealf(FFT_output_sw[i]) - crealf(FFT_output_hw[i]));
                       ^~~~~
../src/helloworld.c:102:23: warning: incompatible implicit declaration of built-in function 'fabsf'
../src/helloworld.c:102:23: note: include '<math.h>' or provide a declaration of 'fabsf'
../src/helloworld.c:11:1:
+#include <math.h>
 
../src/helloworld.c:102:23:
         float diff1 = fabsf(crealf(FFT_output_sw[i]) - crealf(FFT_output_hw[i]));
                       ^~~~~
'Finished building: ../src/helloworld.c'
' '
'Building file: ../src/platform.c'
'Invoking: ARM v7 gcc compiler'
arm-none-eabi-gcc -Wall -O0 -g3 -c -fmessage-length=0 -MT"src/platform.o" -mcpu=cortex-a9 -mfpu=vfpv3 -mfloat-abi=hard -I../../lab9_32point_bsp/ps7_cortexa9_0/include -MMD -MP -MF"src/platform.d" -MT"src/platform.o" -o "src/platform.o" "../src/platform.c"
'Finished building: ../src/platform.c'
' '
'Building target: lab9_32point.elf'
'Invoking: ARM v7 gcc linker'
arm-none-eabi-gcc -mcpu=cortex-a9 -mfpu=vfpv3 -mfloat-abi=hard -Wl,-build-id=none -specs=Xilinx.spec -Wl,-T -Wl,../src/lscript.ld -L../../lab9_32point_bsp/ps7_cortexa9_0/lib -o "lab9_32point.elf"  ./src/helloworld.o ./src/platform.o   -lm -Wl,--start-group,-lxil,-lgcc,-lc,--end-group
'Finished building target: lab9_32point.elf'
' '
'Invoking: ARM v7 Print Size'
arm-none-eabi-size lab9_32point.elf  |tee "lab9_32point.elf.size"
   text	   data	    bss	    dec	    hex	filename
  70416	   2648	  23328	  96392	  17888	lab9_32point.elf
'Finished building: lab9_32point.elf.size'
' '
21:59:17 **** Incremental Build of configuration Debug for project lab9_32point ****
make pre-build main-build 
a9-linaro-pre-build-step
' '
make: Nothing to be done for 'main-build'.
21:59:39 **** Incremental Build of configuration Debug for project lab9_32point ****
make pre-build main-build 
a9-linaro-pre-build-step
' '
make: Nothing to be done for 'main-build'.
22:03:33 **** Incremental Build of configuration Debug for project lab9_32point ****
make pre-build main-build 
a9-linaro-pre-build-step
' '
make: Nothing to be done for 'main-build'.
22:03:48 **** Incremental Build of configuration Debug for project lab9_32point ****
make pre-build main-build 
a9-linaro-pre-build-step
' '
make: Nothing to be done for 'main-build'.
22:04:25 **** Incremental Build of configuration Debug for project lab9_32point ****
make pre-build main-build 
a9-linaro-pre-build-step
' '
make: Nothing to be done for 'main-build'.
22:04:42 **** Incremental Build of configuration Debug for project lab9_32point ****
make pre-build main-build 
a9-linaro-pre-build-step
' '
make: Nothing to be done for 'main-build'.
22:05:29 **** Incremental Build of configuration Debug for project lab9_32point ****
make pre-build main-build 
a9-linaro-pre-build-step
' '
make: Nothing to be done for 'main-build'.
22:05:53 **** Incremental Build of configuration Debug for project lab9_32point ****
make pre-build main-build 
a9-linaro-pre-build-step
' '
make: Nothing to be done for 'main-build'.
22:06:53 **** Incremental Build of configuration Debug for project lab9_32point ****
make pre-build main-build 
a9-linaro-pre-build-step
' '
make: Nothing to be done for 'main-build'.
22:13:35 **** Clean-only build of configuration Debug for project lab9_32point ****
make clean 
rm -rf  ./src/helloworld.o ./src/platform.o  ./src/helloworld.d ./src/platform.d  lab9_32point.elf.size  lab9_32point.elf
' '
22:13:35 **** Auto Build of configuration Debug for project lab9_32point ****
make pre-build main-build 
a9-linaro-pre-build-step
' '
'Building file: ../src/helloworld.c'
'Invoking: ARM v7 gcc compiler'
arm-none-eabi-gcc -Wall -O0 -g3 -c -fmessage-length=0 -MT"src/helloworld.o" -mcpu=cortex-a9 -mfpu=vfpv3 -mfloat-abi=hard -I../../lab9_32point_bsp/ps7_cortexa9_0/include -MMD -MP -MF"src/helloworld.d" -MT"src/helloworld.o" -o "src/helloworld.o" "../src/helloworld.c"
In file included from ../src/helloworld.c:6:
../../lab9_32point_bsp/ps7_cortexa9_0/include/xtime_l.h:87:9: note: #pragma message: For the sleep routines, Global timer is being used
 #pragma message ("For the sleep routines, Global timer is being used")
         ^~~~~~~
../src/helloworld.c: In function 'main':
../src/helloworld.c:73:16: warning: passing argument 1 of 'FFT_stages' discards 'const' qualifier from pointer target type [-Wdiscarded-qualifiers]
     FFT_stages(FFT_input, FFT_output_sw);
                ^~~~~~~~~
../src/helloworld.c:34:31: note: expected '_Complex float *' but argument is of type 'const _Complex float *'
 void FFT_stages(float complex dataIn[N], float complex dataOut[N]) {
                 ~~~~~~~~~~~~~~^~~~~~~~~
../src/helloworld.c:102:23: warning: implicit declaration of function 'fabsf' [-Wimplicit-function-declaration]
         float diff1 = fabsf(crealf(FFT_output_sw[i]) - crealf(FFT_output_hw[i]));
                       ^~~~~
../src/helloworld.c:102:23: warning: incompatible implicit declaration of built-in function 'fabsf'
../src/helloworld.c:102:23: note: include '<math.h>' or provide a declaration of 'fabsf'
../src/helloworld.c:11:1:
+#include <math.h>
 
../src/helloworld.c:102:23:
         float diff1 = fabsf(crealf(FFT_output_sw[i]) - crealf(FFT_output_hw[i]));
                       ^~~~~
'Finished building: ../src/helloworld.c'
' '
'Building file: ../src/platform.c'
'Invoking: ARM v7 gcc compiler'
arm-none-eabi-gcc -Wall -O0 -g3 -c -fmessage-length=0 -MT"src/platform.o" -mcpu=cortex-a9 -mfpu=vfpv3 -mfloat-abi=hard -I../../lab9_32point_bsp/ps7_cortexa9_0/include -MMD -MP -MF"src/platform.d" -MT"src/platform.o" -o "src/platform.o" "../src/platform.c"
'Finished building: ../src/platform.c'
' '
'Building target: lab9_32point.elf'
'Invoking: ARM v7 gcc linker'
arm-none-eabi-gcc -mcpu=cortex-a9 -mfpu=vfpv3 -mfloat-abi=hard -Wl,-build-id=none -specs=Xilinx.spec -Wl,-T -Wl,../src/lscript.ld -L../../lab9_32point_bsp/ps7_cortexa9_0/lib -o "lab9_32point.elf"  ./src/helloworld.o ./src/platform.o   -lm -Wl,--start-group,-lxil,-lgcc,-lc,--end-group
'Finished building target: lab9_32point.elf'
' '
'Invoking: ARM v7 Print Size'
arm-none-eabi-size lab9_32point.elf  |tee "lab9_32point.elf.size"
   text	   data	    bss	    dec	    hex	filename
  70416	   2648	  23328	  96392	  17888	lab9_32point.elf
'Finished building: lab9_32point.elf.size'
' '
22:17:30 **** Auto Build of configuration Debug for project lab9_32point ****
make pre-build main-build 
a9-linaro-pre-build-step
' '
'Building file: ../src/helloworld.c'
'Invoking: ARM v7 gcc compiler'
arm-none-eabi-gcc -Wall -O0 -g3 -c -fmessage-length=0 -MT"src/helloworld.o" -mcpu=cortex-a9 -mfpu=vfpv3 -mfloat-abi=hard -I../../lab9_32point_bsp/ps7_cortexa9_0/include -MMD -MP -MF"src/helloworld.d" -MT"src/helloworld.o" -o "src/helloworld.o" "../src/helloworld.c"
In file included from ../src/helloworld.c:6:
../../lab9_32point_bsp/ps7_cortexa9_0/include/xtime_l.h:87:9: note: #pragma message: For the sleep routines, Global timer is being used
 #pragma message ("For the sleep routines, Global timer is being used")
         ^~~~~~~
../src/helloworld.c: In function 'main':
../src/helloworld.c:72:16: warning: passing argument 1 of 'FFT_stages' discards 'const' qualifier from pointer target type [-Wdiscarded-qualifiers]
     FFT_stages(FFT_input, FFT_output_sw);
                ^~~~~~~~~
../src/helloworld.c:33:31: note: expected '_Complex float *' but argument is of type 'const _Complex float *'
 void FFT_stages(float complex dataIn[N], float complex dataOut[N]) {
                 ~~~~~~~~~~~~~~^~~~~~~~~
../src/helloworld.c:101:23: warning: implicit declaration of function 'fabsf' [-Wimplicit-function-declaration]
         float diff1 = fabsf(crealf(FFT_output_sw[i]) - crealf(FFT_output_hw[i]));
                       ^~~~~
../src/helloworld.c:101:23: warning: incompatible implicit declaration of built-in function 'fabsf'
../src/helloworld.c:101:23: note: include '<math.h>' or provide a declaration of 'fabsf'
../src/helloworld.c:10:1:
+#include <math.h>
 
../src/helloworld.c:101:23:
         float diff1 = fabsf(crealf(FFT_output_sw[i]) - crealf(FFT_output_hw[i]));
                       ^~~~~
'Finished building: ../src/helloworld.c'
' '
'Building target: lab9_32point.elf'
'Invoking: ARM v7 gcc linker'
arm-none-eabi-gcc -mcpu=cortex-a9 -mfpu=vfpv3 -mfloat-abi=hard -Wl,-build-id=none -specs=Xilinx.spec -Wl,-T -Wl,../src/lscript.ld -L../../lab9_32point_bsp/ps7_cortexa9_0/lib -o "lab9_32point.elf"  ./src/helloworld.o ./src/platform.o   -lm -Wl,--start-group,-lxil,-lgcc,-lc,--end-group
'Finished building target: lab9_32point.elf'
' '
'Invoking: ARM v7 Print Size'
arm-none-eabi-size lab9_32point.elf  |tee "lab9_32point.elf.size"
   text	   data	    bss	    dec	    hex	filename
  70416	   2648	  23328	  96392	  17888	lab9_32point.elf
'Finished building: lab9_32point.elf.size'
' '
22:19:53 **** Incremental Build of configuration Debug for project lab9_32point ****
make pre-build main-build 
a9-linaro-pre-build-step
' '
make: Nothing to be done for 'main-build'.
01:17:18 **** Incremental Build of configuration Debug for project lab9_32point ****
make pre-build main-build 
a9-linaro-pre-build-step
' '
make: Nothing to be done for 'main-build'.
