Copyright 1986-2019 Xilinx, Inc. All Rights Reserved.
-----------------------------------------------------------------------------------------------------------------------------------------------------------------------------------------------------------------------
| Tool Version : Vivado v.2019.1 (win64) Build 2552052 Fri May 24 14:49:42 MDT 2019
| Date         : Sun Dec  1 15:45:16 2024
| Host         : DESKTOP-UKD76RS running 64-bit major release  (build 9200)
| Command      : report_timing_summary -max_paths 10 -file design_1_wrapper_timing_summary_routed.rpt -pb design_1_wrapper_timing_summary_routed.pb -rpx design_1_wrapper_timing_summary_routed.rpx -warn_on_violation
| Design       : design_1_wrapper
| Device       : 7z020-clg484
| Speed File   : -1  PRODUCTION 1.11 2014-09-11
-----------------------------------------------------------------------------------------------------------------------------------------------------------------------------------------------------------------------

Timing Summary Report

------------------------------------------------------------------------------------------------
| Timer Settings
| --------------
------------------------------------------------------------------------------------------------

  Enable Multi Corner Analysis               :  Yes
  Enable Pessimism Removal                   :  Yes
  Pessimism Removal Resolution               :  Nearest Common Node
  Enable Input Delay Default Clock           :  No
  Enable Preset / Clear Arcs                 :  No
  Disable Flight Delays                      :  No
  Ignore I/O Paths                           :  No
  Timing Early Launch at Borrowing Latches   :  No
  Borrow Time for Max Delay Exceptions       :  Yes

  Corner  Analyze    Analyze    
  Name    Max Paths  Min Paths  
  ------  ---------  ---------  
  Slow    Yes        Yes        
  Fast    Yes        Yes        



check_timing report

Table of Contents
-----------------
1. checking no_clock
2. checking constant_clock
3. checking pulse_width_clock
4. checking unconstrained_internal_endpoints
5. checking no_input_delay
6. checking no_output_delay
7. checking multiple_clock
8. checking generated_clocks
9. checking loops
10. checking partial_input_delay
11. checking partial_output_delay
12. checking latch_loops

1. checking no_clock
--------------------
 There are 0 register/latch pins with no clock.


2. checking constant_clock
--------------------------
 There are 0 register/latch pins with constant_clock.


3. checking pulse_width_clock
-----------------------------
 There are 0 register/latch pins which need pulse_width check


4. checking unconstrained_internal_endpoints
--------------------------------------------
 There are 0 pins that are not constrained for maximum delay.

 There are 0 pins that are not constrained for maximum delay due to constant clock.


5. checking no_input_delay
--------------------------
 There are 0 input ports with no input delay specified.

 There are 0 input ports with no input delay but user has a false path constraint.


6. checking no_output_delay
---------------------------
 There are 0 ports with no output delay specified.

 There are 0 ports with no output delay but user has a false path constraint

 There are 0 ports with no output delay but with a timing clock defined on it or propagating through it


7. checking multiple_clock
--------------------------
 There are 0 register/latch pins with multiple clocks.


8. checking generated_clocks
----------------------------
 There are 0 generated clocks that are not connected to a clock source.


9. checking loops
-----------------
 There are 0 combinational loops in the design.


10. checking partial_input_delay
--------------------------------
 There are 0 input ports with partial input delay specified.


11. checking partial_output_delay
---------------------------------
 There are 0 ports with partial output delay specified.


12. checking latch_loops
------------------------
 There are 0 combinational latch loops in the design through latch input



------------------------------------------------------------------------------------------------
| Design Timing Summary
| ---------------------
------------------------------------------------------------------------------------------------

    WNS(ns)      TNS(ns)  TNS Failing Endpoints  TNS Total Endpoints      WHS(ns)      THS(ns)  THS Failing Endpoints  THS Total Endpoints     WPWS(ns)     TPWS(ns)  TPWS Failing Endpoints  TPWS Total Endpoints  
    -------      -------  ---------------------  -------------------      -------      -------  ---------------------  -------------------     --------     --------  ----------------------  --------------------  
      0.747        0.000                      0                50717        0.026        0.000                      0                50701        3.750        0.000                       0                 22210  


All user specified timing constraints are met.


------------------------------------------------------------------------------------------------
| Clock Summary
| -------------
------------------------------------------------------------------------------------------------

Clock                                                                                       Waveform(ns)       Period(ns)      Frequency(MHz)
-----                                                                                       ------------       ----------      --------------
clk_fpga_0                                                                                  {0.000 5.000}      10.000          100.000         
dbg_hub/inst/BSCANID.u_xsdbm_id/SWITCH_N_EXT_BSCAN.bscan_inst/SERIES7_BSCAN.bscan_inst/TCK  {0.000 16.500}     33.000          30.303          


------------------------------------------------------------------------------------------------
| Intra Clock Table
| -----------------
------------------------------------------------------------------------------------------------

Clock                                                                                           WNS(ns)      TNS(ns)  TNS Failing Endpoints  TNS Total Endpoints      WHS(ns)      THS(ns)  THS Failing Endpoints  THS Total Endpoints     WPWS(ns)     TPWS(ns)  TPWS Failing Endpoints  TPWS Total Endpoints  
-----                                                                                           -------      -------  ---------------------  -------------------      -------      -------  ---------------------  -------------------     --------     --------  ----------------------  --------------------  
clk_fpga_0                                                                                        0.747        0.000                      0                49582        0.026        0.000                      0                49582        3.750        0.000                       0                 21727  
dbg_hub/inst/BSCANID.u_xsdbm_id/SWITCH_N_EXT_BSCAN.bscan_inst/SERIES7_BSCAN.bscan_inst/TCK       25.801        0.000                      0                  928        0.049        0.000                      0                  928       15.250        0.000                       0                   483  


------------------------------------------------------------------------------------------------
| Inter Clock Table
| -----------------
------------------------------------------------------------------------------------------------

From Clock                                                                                  To Clock                                                                                        WNS(ns)      TNS(ns)  TNS Failing Endpoints  TNS Total Endpoints      WHS(ns)      THS(ns)  THS Failing Endpoints  THS Total Endpoints  
----------                                                                                  --------                                                                                        -------      -------  ---------------------  -------------------      -------      -------  ---------------------  -------------------  
dbg_hub/inst/BSCANID.u_xsdbm_id/SWITCH_N_EXT_BSCAN.bscan_inst/SERIES7_BSCAN.bscan_inst/TCK  clk_fpga_0                                                                                       31.658        0.000                      0                    8                                                                        
clk_fpga_0                                                                                  dbg_hub/inst/BSCANID.u_xsdbm_id/SWITCH_N_EXT_BSCAN.bscan_inst/SERIES7_BSCAN.bscan_inst/TCK        8.624        0.000                      0                    8                                                                        


------------------------------------------------------------------------------------------------
| Other Path Groups Table
| -----------------------
------------------------------------------------------------------------------------------------

Path Group                                                                                  From Clock                                                                                  To Clock                                                                                        WNS(ns)      TNS(ns)  TNS Failing Endpoints  TNS Total Endpoints      WHS(ns)      THS(ns)  THS Failing Endpoints  THS Total Endpoints  
----------                                                                                  ----------                                                                                  --------                                                                                        -------      -------  ---------------------  -------------------      -------      -------  ---------------------  -------------------  
**async_default**                                                                           clk_fpga_0                                                                                  clk_fpga_0                                                                                        6.027        0.000                      0                   91        0.357        0.000                      0                   91  
**async_default**                                                                           dbg_hub/inst/BSCANID.u_xsdbm_id/SWITCH_N_EXT_BSCAN.bscan_inst/SERIES7_BSCAN.bscan_inst/TCK  dbg_hub/inst/BSCANID.u_xsdbm_id/SWITCH_N_EXT_BSCAN.bscan_inst/SERIES7_BSCAN.bscan_inst/TCK       28.441        0.000                      0                  100        0.358        0.000                      0                  100  


------------------------------------------------------------------------------------------------
| Timing Details
| --------------
------------------------------------------------------------------------------------------------


---------------------------------------------------------------------------------------------------
From Clock:  clk_fpga_0
  To Clock:  clk_fpga_0

Setup :            0  Failing Endpoints,  Worst Slack        0.747ns,  Total Violation        0.000ns
Hold  :            0  Failing Endpoints,  Worst Slack        0.026ns,  Total Violation        0.000ns
PW    :            0  Failing Endpoints,  Worst Slack        3.750ns,  Total Violation        0.000ns
---------------------------------------------------------------------------------------------------


Max Delay Paths
--------------------------------------------------------------------------------------
Slack (MET) :             0.747ns  (required time - arrival time)
  Source:                 design_1_i/xfft_0/U0/i_synth/axi_wrapper/gen_ce_non_real_time.ce_predicted_reg/C
                            (rising edge-triggered cell FDRE clocked by clk_fpga_0  {rise@0.000ns fall@5.000ns period=10.000ns})
  Destination:            design_1_i/xfft_0/U0/i_synth/xfft_inst/floating_point.xfft_inst/fft/non_floating_point.arch_d.xfft_inst/pe_gen[1].natural_order_input.PE/has_TW_mult.MULT/i_cmpy/four_mult_structure.use_dsp.i_dsp/re_im/use_DSP48.qDSP[0].appDSP[0].bppDSP[0].u_l[1].use_dsp48e1.dsp/CEB1
                            (rising edge-triggered cell DSP48E1 clocked by clk_fpga_0  {rise@0.000ns fall@5.000ns period=10.000ns})
  Path Group:             clk_fpga_0
  Path Type:              Setup (Max at Slow Process Corner)
  Requirement:            10.000ns  (clk_fpga_0 rise@10.000ns - clk_fpga_0 rise@0.000ns)
  Data Path Delay:        8.638ns  (logic 0.456ns (5.279%)  route 8.182ns (94.721%))
  Logic Levels:           0  
  Clock Path Skew:        0.053ns (DCD - SCD + CPR)
    Destination Clock Delay (DCD):    2.884ns = ( 12.884 - 10.000 ) 
    Source Clock Delay      (SCD):    2.946ns
    Clock Pessimism Removal (CPR):    0.115ns
  Clock Uncertainty:      0.154ns  ((TSJ^2 + TIJ^2)^1/2 + DJ) / 2 + PE
    Total System Jitter     (TSJ):    0.071ns
    Total Input Jitter      (TIJ):    0.300ns
    Discrete Jitter          (DJ):    0.000ns
    Phase Error              (PE):    0.000ns

    Location             Delay type                Incr(ns)  Path(ns)    Netlist Resource(s)
  -------------------------------------------------------------------    -------------------
                         (clock clk_fpga_0 rise edge)
                                                      0.000     0.000 r  
    PS7_X0Y0             PS7                          0.000     0.000 r  design_1_i/processing_system7_0/inst/PS7_i/FCLKCLK[0]
                         net (fo=1, routed)           1.193     1.193    design_1_i/processing_system7_0/inst/FCLK_CLK_unbuffered[0]
    BUFGCTRL_X0Y17       BUFG (Prop_bufg_I_O)         0.101     1.294 r  design_1_i/processing_system7_0/inst/buffer_fclk_clk_0.FCLK_CLK_0_BUFG/O
                         net (fo=21728, routed)       1.652     2.946    design_1_i/xfft_0/U0/i_synth/axi_wrapper/aclk
    SLICE_X47Y52         FDRE                                         r  design_1_i/xfft_0/U0/i_synth/axi_wrapper/gen_ce_non_real_time.ce_predicted_reg/C
  -------------------------------------------------------------------    -------------------
    SLICE_X47Y52         FDRE (Prop_fdre_C_Q)         0.456     3.402 r  design_1_i/xfft_0/U0/i_synth/axi_wrapper/gen_ce_non_real_time.ce_predicted_reg/Q
                         net (fo=5070, routed)        8.182    11.584    design_1_i/xfft_0/U0/i_synth/xfft_inst/floating_point.xfft_inst/fft/non_floating_point.arch_d.xfft_inst/pe_gen[1].natural_order_input.PE/has_TW_mult.MULT/i_cmpy/four_mult_structure.use_dsp.i_dsp/re_im/ce_w2c
    DSP48_X3Y13          DSP48E1                                      r  design_1_i/xfft_0/U0/i_synth/xfft_inst/floating_point.xfft_inst/fft/non_floating_point.arch_d.xfft_inst/pe_gen[1].natural_order_input.PE/has_TW_mult.MULT/i_cmpy/four_mult_structure.use_dsp.i_dsp/re_im/use_DSP48.qDSP[0].appDSP[0].bppDSP[0].u_l[1].use_dsp48e1.dsp/CEB1
  -------------------------------------------------------------------    -------------------

                         (clock clk_fpga_0 rise edge)
                                                     10.000    10.000 r  
    PS7_X0Y0             PS7                          0.000    10.000 r  design_1_i/processing_system7_0/inst/PS7_i/FCLKCLK[0]
                         net (fo=1, routed)           1.088    11.088    design_1_i/processing_system7_0/inst/FCLK_CLK_unbuffered[0]
    BUFGCTRL_X0Y17       BUFG (Prop_bufg_I_O)         0.091    11.179 r  design_1_i/processing_system7_0/inst/buffer_fclk_clk_0.FCLK_CLK_0_BUFG/O
                         net (fo=21728, routed)       1.705    12.884    design_1_i/xfft_0/U0/i_synth/xfft_inst/floating_point.xfft_inst/fft/non_floating_point.arch_d.xfft_inst/pe_gen[1].natural_order_input.PE/has_TW_mult.MULT/i_cmpy/four_mult_structure.use_dsp.i_dsp/re_im/aclk
    DSP48_X3Y13          DSP48E1                                      r  design_1_i/xfft_0/U0/i_synth/xfft_inst/floating_point.xfft_inst/fft/non_floating_point.arch_d.xfft_inst/pe_gen[1].natural_order_input.PE/has_TW_mult.MULT/i_cmpy/four_mult_structure.use_dsp.i_dsp/re_im/use_DSP48.qDSP[0].appDSP[0].bppDSP[0].u_l[1].use_dsp48e1.dsp/CLK
                         clock pessimism              0.115    12.999    
                         clock uncertainty           -0.154    12.845    
    DSP48_X3Y13          DSP48E1 (Setup_dsp48e1_CLK_CEB1)
                                                     -0.514    12.331    design_1_i/xfft_0/U0/i_synth/xfft_inst/floating_point.xfft_inst/fft/non_floating_point.arch_d.xfft_inst/pe_gen[1].natural_order_input.PE/has_TW_mult.MULT/i_cmpy/four_mult_structure.use_dsp.i_dsp/re_im/use_DSP48.qDSP[0].appDSP[0].bppDSP[0].u_l[1].use_dsp48e1.dsp
  -------------------------------------------------------------------
                         required time                         12.331    
                         arrival time                         -11.584    
  -------------------------------------------------------------------
                         slack                                  0.747    

Slack (MET) :             0.747ns  (required time - arrival time)
  Source:                 design_1_i/xfft_0/U0/i_synth/axi_wrapper/gen_ce_non_real_time.ce_predicted_reg/C
                            (rising edge-triggered cell FDRE clocked by clk_fpga_0  {rise@0.000ns fall@5.000ns period=10.000ns})
  Destination:            design_1_i/xfft_0/U0/i_synth/xfft_inst/floating_point.xfft_inst/fft/non_floating_point.arch_d.xfft_inst/pe_gen[1].natural_order_input.PE/has_TW_mult.MULT/i_cmpy/four_mult_structure.use_dsp.i_dsp/re_im/use_DSP48.qDSP[0].appDSP[0].bppDSP[0].u_l[1].use_dsp48e1.dsp/CEB2
                            (rising edge-triggered cell DSP48E1 clocked by clk_fpga_0  {rise@0.000ns fall@5.000ns period=10.000ns})
  Path Group:             clk_fpga_0
  Path Type:              Setup (Max at Slow Process Corner)
  Requirement:            10.000ns  (clk_fpga_0 rise@10.000ns - clk_fpga_0 rise@0.000ns)
  Data Path Delay:        8.638ns  (logic 0.456ns (5.279%)  route 8.182ns (94.721%))
  Logic Levels:           0  
  Clock Path Skew:        0.053ns (DCD - SCD + CPR)
    Destination Clock Delay (DCD):    2.884ns = ( 12.884 - 10.000 ) 
    Source Clock Delay      (SCD):    2.946ns
    Clock Pessimism Removal (CPR):    0.115ns
  Clock Uncertainty:      0.154ns  ((TSJ^2 + TIJ^2)^1/2 + DJ) / 2 + PE
    Total System Jitter     (TSJ):    0.071ns
    Total Input Jitter      (TIJ):    0.300ns
    Discrete Jitter          (DJ):    0.000ns
    Phase Error              (PE):    0.000ns

    Location             Delay type                Incr(ns)  Path(ns)    Netlist Resource(s)
  -------------------------------------------------------------------    -------------------
                         (clock clk_fpga_0 rise edge)
                                                      0.000     0.000 r  
    PS7_X0Y0             PS7                          0.000     0.000 r  design_1_i/processing_system7_0/inst/PS7_i/FCLKCLK[0]
                         net (fo=1, routed)           1.193     1.193    design_1_i/processing_system7_0/inst/FCLK_CLK_unbuffered[0]
    BUFGCTRL_X0Y17       BUFG (Prop_bufg_I_O)         0.101     1.294 r  design_1_i/processing_system7_0/inst/buffer_fclk_clk_0.FCLK_CLK_0_BUFG/O
                         net (fo=21728, routed)       1.652     2.946    design_1_i/xfft_0/U0/i_synth/axi_wrapper/aclk
    SLICE_X47Y52         FDRE                                         r  design_1_i/xfft_0/U0/i_synth/axi_wrapper/gen_ce_non_real_time.ce_predicted_reg/C
  -------------------------------------------------------------------    -------------------
    SLICE_X47Y52         FDRE (Prop_fdre_C_Q)         0.456     3.402 r  design_1_i/xfft_0/U0/i_synth/axi_wrapper/gen_ce_non_real_time.ce_predicted_reg/Q
                         net (fo=5070, routed)        8.182    11.584    design_1_i/xfft_0/U0/i_synth/xfft_inst/floating_point.xfft_inst/fft/non_floating_point.arch_d.xfft_inst/pe_gen[1].natural_order_input.PE/has_TW_mult.MULT/i_cmpy/four_mult_structure.use_dsp.i_dsp/re_im/ce_w2c
    DSP48_X3Y13          DSP48E1                                      r  design_1_i/xfft_0/U0/i_synth/xfft_inst/floating_point.xfft_inst/fft/non_floating_point.arch_d.xfft_inst/pe_gen[1].natural_order_input.PE/has_TW_mult.MULT/i_cmpy/four_mult_structure.use_dsp.i_dsp/re_im/use_DSP48.qDSP[0].appDSP[0].bppDSP[0].u_l[1].use_dsp48e1.dsp/CEB2
  -------------------------------------------------------------------    -------------------

                         (clock clk_fpga_0 rise edge)
                                                     10.000    10.000 r  
    PS7_X0Y0             PS7                          0.000    10.000 r  design_1_i/processing_system7_0/inst/PS7_i/FCLKCLK[0]
                         net (fo=1, routed)           1.088    11.088    design_1_i/processing_system7_0/inst/FCLK_CLK_unbuffered[0]
    BUFGCTRL_X0Y17       BUFG (Prop_bufg_I_O)         0.091    11.179 r  design_1_i/processing_system7_0/inst/buffer_fclk_clk_0.FCLK_CLK_0_BUFG/O
                         net (fo=21728, routed)       1.705    12.884    design_1_i/xfft_0/U0/i_synth/xfft_inst/floating_point.xfft_inst/fft/non_floating_point.arch_d.xfft_inst/pe_gen[1].natural_order_input.PE/has_TW_mult.MULT/i_cmpy/four_mult_structure.use_dsp.i_dsp/re_im/aclk
    DSP48_X3Y13          DSP48E1                                      r  design_1_i/xfft_0/U0/i_synth/xfft_inst/floating_point.xfft_inst/fft/non_floating_point.arch_d.xfft_inst/pe_gen[1].natural_order_input.PE/has_TW_mult.MULT/i_cmpy/four_mult_structure.use_dsp.i_dsp/re_im/use_DSP48.qDSP[0].appDSP[0].bppDSP[0].u_l[1].use_dsp48e1.dsp/CLK
                         clock pessimism              0.115    12.999    
                         clock uncertainty           -0.154    12.845    
    DSP48_X3Y13          DSP48E1 (Setup_dsp48e1_CLK_CEB2)
                                                     -0.514    12.331    design_1_i/xfft_0/U0/i_synth/xfft_inst/floating_point.xfft_inst/fft/non_floating_point.arch_d.xfft_inst/pe_gen[1].natural_order_input.PE/has_TW_mult.MULT/i_cmpy/four_mult_structure.use_dsp.i_dsp/re_im/use_DSP48.qDSP[0].appDSP[0].bppDSP[0].u_l[1].use_dsp48e1.dsp
  -------------------------------------------------------------------
                         required time                         12.331    
                         arrival time                         -11.584    
  -------------------------------------------------------------------
                         slack                                  0.747    

Slack (MET) :             0.832ns  (required time - arrival time)
  Source:                 design_1_i/xfft_0/U0/i_synth/axi_wrapper/gen_ce_non_real_time.ce_predicted_reg/C
                            (rising edge-triggered cell FDRE clocked by clk_fpga_0  {rise@0.000ns fall@5.000ns period=10.000ns})
  Destination:            design_1_i/xfft_0/U0/i_synth/xfft_inst/floating_point.xfft_inst/fft/non_floating_point.arch_d.xfft_inst/pe_gen[1].natural_order_input.PE/hasbf2.FW_2.BF_2/out_commutator_B/no_sclr_lut.real_shift_ram.use_baseblock.use_hlutnm_srls.srl_loop[4].i_srl16e0/CE
                            (rising edge-triggered cell SRL16E clocked by clk_fpga_0  {rise@0.000ns fall@5.000ns period=10.000ns})
  Path Group:             clk_fpga_0
  Path Type:              Setup (Max at Slow Process Corner)
  Requirement:            10.000ns  (clk_fpga_0 rise@10.000ns - clk_fpga_0 rise@0.000ns)
  Data Path Delay:        8.461ns  (logic 0.456ns (5.390%)  route 8.005ns (94.610%))
  Logic Levels:           0  
  Clock Path Skew:        -0.037ns (DCD - SCD + CPR)
    Destination Clock Delay (DCD):    2.794ns = ( 12.794 - 10.000 ) 
    Source Clock Delay      (SCD):    2.946ns
    Clock Pessimism Removal (CPR):    0.115ns
  Clock Uncertainty:      0.154ns  ((TSJ^2 + TIJ^2)^1/2 + DJ) / 2 + PE
    Total System Jitter     (TSJ):    0.071ns
    Total Input Jitter      (TIJ):    0.300ns
    Discrete Jitter          (DJ):    0.000ns
    Phase Error              (PE):    0.000ns

    Location             Delay type                Incr(ns)  Path(ns)    Netlist Resource(s)
  -------------------------------------------------------------------    -------------------
                         (clock clk_fpga_0 rise edge)
                                                      0.000     0.000 r  
    PS7_X0Y0             PS7                          0.000     0.000 r  design_1_i/processing_system7_0/inst/PS7_i/FCLKCLK[0]
                         net (fo=1, routed)           1.193     1.193    design_1_i/processing_system7_0/inst/FCLK_CLK_unbuffered[0]
    BUFGCTRL_X0Y17       BUFG (Prop_bufg_I_O)         0.101     1.294 r  design_1_i/processing_system7_0/inst/buffer_fclk_clk_0.FCLK_CLK_0_BUFG/O
                         net (fo=21728, routed)       1.652     2.946    design_1_i/xfft_0/U0/i_synth/axi_wrapper/aclk
    SLICE_X47Y52         FDRE                                         r  design_1_i/xfft_0/U0/i_synth/axi_wrapper/gen_ce_non_real_time.ce_predicted_reg/C
  -------------------------------------------------------------------    -------------------
    SLICE_X47Y52         FDRE (Prop_fdre_C_Q)         0.456     3.402 r  design_1_i/xfft_0/U0/i_synth/axi_wrapper/gen_ce_non_real_time.ce_predicted_reg/Q
                         net (fo=5070, routed)        8.005    11.407    design_1_i/xfft_0/U0/i_synth/xfft_inst/floating_point.xfft_inst/fft/non_floating_point.arch_d.xfft_inst/pe_gen[1].natural_order_input.PE/hasbf2.FW_2.BF_2/out_commutator_B/ce_w2c
    SLICE_X90Y33         SRL16E                                       r  design_1_i/xfft_0/U0/i_synth/xfft_inst/floating_point.xfft_inst/fft/non_floating_point.arch_d.xfft_inst/pe_gen[1].natural_order_input.PE/hasbf2.FW_2.BF_2/out_commutator_B/no_sclr_lut.real_shift_ram.use_baseblock.use_hlutnm_srls.srl_loop[4].i_srl16e0/CE
  -------------------------------------------------------------------    -------------------

                         (clock clk_fpga_0 rise edge)
                                                     10.000    10.000 r  
    PS7_X0Y0             PS7                          0.000    10.000 r  design_1_i/processing_system7_0/inst/PS7_i/FCLKCLK[0]
                         net (fo=1, routed)           1.088    11.088    design_1_i/processing_system7_0/inst/FCLK_CLK_unbuffered[0]
    BUFGCTRL_X0Y17       BUFG (Prop_bufg_I_O)         0.091    11.179 r  design_1_i/processing_system7_0/inst/buffer_fclk_clk_0.FCLK_CLK_0_BUFG/O
                         net (fo=21728, routed)       1.615    12.795    design_1_i/xfft_0/U0/i_synth/xfft_inst/floating_point.xfft_inst/fft/non_floating_point.arch_d.xfft_inst/pe_gen[1].natural_order_input.PE/hasbf2.FW_2.BF_2/out_commutator_B/aclk
    SLICE_X90Y33         SRL16E                                       r  design_1_i/xfft_0/U0/i_synth/xfft_inst/floating_point.xfft_inst/fft/non_floating_point.arch_d.xfft_inst/pe_gen[1].natural_order_input.PE/hasbf2.FW_2.BF_2/out_commutator_B/no_sclr_lut.real_shift_ram.use_baseblock.use_hlutnm_srls.srl_loop[4].i_srl16e0/CLK
                         clock pessimism              0.115    12.909    
                         clock uncertainty           -0.154    12.755    
    SLICE_X90Y33         SRL16E (Setup_srl16e_CLK_CE)
                                                     -0.517    12.238    design_1_i/xfft_0/U0/i_synth/xfft_inst/floating_point.xfft_inst/fft/non_floating_point.arch_d.xfft_inst/pe_gen[1].natural_order_input.PE/hasbf2.FW_2.BF_2/out_commutator_B/no_sclr_lut.real_shift_ram.use_baseblock.use_hlutnm_srls.srl_loop[4].i_srl16e0
  -------------------------------------------------------------------
                         required time                         12.238    
                         arrival time                         -11.407    
  -------------------------------------------------------------------
                         slack                                  0.832    

Slack (MET) :             0.832ns  (required time - arrival time)
  Source:                 design_1_i/xfft_0/U0/i_synth/axi_wrapper/gen_ce_non_real_time.ce_predicted_reg/C
                            (rising edge-triggered cell FDRE clocked by clk_fpga_0  {rise@0.000ns fall@5.000ns period=10.000ns})
  Destination:            design_1_i/xfft_0/U0/i_synth/xfft_inst/floating_point.xfft_inst/fft/non_floating_point.arch_d.xfft_inst/pe_gen[1].natural_order_input.PE/hasbf2.FW_2.BF_2/out_commutator_B/no_sclr_lut.real_shift_ram.use_baseblock.use_hlutnm_srls.srl_loop[4].i_srl16e1/CE
                            (rising edge-triggered cell SRL16E clocked by clk_fpga_0  {rise@0.000ns fall@5.000ns period=10.000ns})
  Path Group:             clk_fpga_0
  Path Type:              Setup (Max at Slow Process Corner)
  Requirement:            10.000ns  (clk_fpga_0 rise@10.000ns - clk_fpga_0 rise@0.000ns)
  Data Path Delay:        8.461ns  (logic 0.456ns (5.390%)  route 8.005ns (94.610%))
  Logic Levels:           0  
  Clock Path Skew:        -0.037ns (DCD - SCD + CPR)
    Destination Clock Delay (DCD):    2.794ns = ( 12.794 - 10.000 ) 
    Source Clock Delay      (SCD):    2.946ns
    Clock Pessimism Removal (CPR):    0.115ns
  Clock Uncertainty:      0.154ns  ((TSJ^2 + TIJ^2)^1/2 + DJ) / 2 + PE
    Total System Jitter     (TSJ):    0.071ns
    Total Input Jitter      (TIJ):    0.300ns
    Discrete Jitter          (DJ):    0.000ns
    Phase Error              (PE):    0.000ns

    Location             Delay type                Incr(ns)  Path(ns)    Netlist Resource(s)
  -------------------------------------------------------------------    -------------------
                         (clock clk_fpga_0 rise edge)
                                                      0.000     0.000 r  
    PS7_X0Y0             PS7                          0.000     0.000 r  design_1_i/processing_system7_0/inst/PS7_i/FCLKCLK[0]
                         net (fo=1, routed)           1.193     1.193    design_1_i/processing_system7_0/inst/FCLK_CLK_unbuffered[0]
    BUFGCTRL_X0Y17       BUFG (Prop_bufg_I_O)         0.101     1.294 r  design_1_i/processing_system7_0/inst/buffer_fclk_clk_0.FCLK_CLK_0_BUFG/O
                         net (fo=21728, routed)       1.652     2.946    design_1_i/xfft_0/U0/i_synth/axi_wrapper/aclk
    SLICE_X47Y52         FDRE                                         r  design_1_i/xfft_0/U0/i_synth/axi_wrapper/gen_ce_non_real_time.ce_predicted_reg/C
  -------------------------------------------------------------------    -------------------
    SLICE_X47Y52         FDRE (Prop_fdre_C_Q)         0.456     3.402 r  design_1_i/xfft_0/U0/i_synth/axi_wrapper/gen_ce_non_real_time.ce_predicted_reg/Q
                         net (fo=5070, routed)        8.005    11.407    design_1_i/xfft_0/U0/i_synth/xfft_inst/floating_point.xfft_inst/fft/non_floating_point.arch_d.xfft_inst/pe_gen[1].natural_order_input.PE/hasbf2.FW_2.BF_2/out_commutator_B/ce_w2c
    SLICE_X90Y33         SRL16E                                       r  design_1_i/xfft_0/U0/i_synth/xfft_inst/floating_point.xfft_inst/fft/non_floating_point.arch_d.xfft_inst/pe_gen[1].natural_order_input.PE/hasbf2.FW_2.BF_2/out_commutator_B/no_sclr_lut.real_shift_ram.use_baseblock.use_hlutnm_srls.srl_loop[4].i_srl16e1/CE
  -------------------------------------------------------------------    -------------------

                         (clock clk_fpga_0 rise edge)
                                                     10.000    10.000 r  
    PS7_X0Y0             PS7                          0.000    10.000 r  design_1_i/processing_system7_0/inst/PS7_i/FCLKCLK[0]
                         net (fo=1, routed)           1.088    11.088    design_1_i/processing_system7_0/inst/FCLK_CLK_unbuffered[0]
    BUFGCTRL_X0Y17       BUFG (Prop_bufg_I_O)         0.091    11.179 r  design_1_i/processing_system7_0/inst/buffer_fclk_clk_0.FCLK_CLK_0_BUFG/O
                         net (fo=21728, routed)       1.615    12.795    design_1_i/xfft_0/U0/i_synth/xfft_inst/floating_point.xfft_inst/fft/non_floating_point.arch_d.xfft_inst/pe_gen[1].natural_order_input.PE/hasbf2.FW_2.BF_2/out_commutator_B/aclk
    SLICE_X90Y33         SRL16E                                       r  design_1_i/xfft_0/U0/i_synth/xfft_inst/floating_point.xfft_inst/fft/non_floating_point.arch_d.xfft_inst/pe_gen[1].natural_order_input.PE/hasbf2.FW_2.BF_2/out_commutator_B/no_sclr_lut.real_shift_ram.use_baseblock.use_hlutnm_srls.srl_loop[4].i_srl16e1/CLK
                         clock pessimism              0.115    12.909    
                         clock uncertainty           -0.154    12.755    
    SLICE_X90Y33         SRL16E (Setup_srl16e_CLK_CE)
                                                     -0.517    12.238    design_1_i/xfft_0/U0/i_synth/xfft_inst/floating_point.xfft_inst/fft/non_floating_point.arch_d.xfft_inst/pe_gen[1].natural_order_input.PE/hasbf2.FW_2.BF_2/out_commutator_B/no_sclr_lut.real_shift_ram.use_baseblock.use_hlutnm_srls.srl_loop[4].i_srl16e1
  -------------------------------------------------------------------
                         required time                         12.238    
                         arrival time                         -11.407    
  -------------------------------------------------------------------
                         slack                                  0.832    

Slack (MET) :             0.832ns  (required time - arrival time)
  Source:                 design_1_i/xfft_0/U0/i_synth/axi_wrapper/gen_ce_non_real_time.ce_predicted_reg/C
                            (rising edge-triggered cell FDRE clocked by clk_fpga_0  {rise@0.000ns fall@5.000ns period=10.000ns})
  Destination:            design_1_i/xfft_0/U0/i_synth/xfft_inst/floating_point.xfft_inst/fft/non_floating_point.arch_d.xfft_inst/pe_gen[1].natural_order_input.PE/hasbf2.FW_2.BF_2/out_commutator_B/no_sclr_lut.real_shift_ram.use_baseblock.use_hlutnm_srls.srl_loop[5].i_srl16e0/CE
                            (rising edge-triggered cell SRL16E clocked by clk_fpga_0  {rise@0.000ns fall@5.000ns period=10.000ns})
  Path Group:             clk_fpga_0
  Path Type:              Setup (Max at Slow Process Corner)
  Requirement:            10.000ns  (clk_fpga_0 rise@10.000ns - clk_fpga_0 rise@0.000ns)
  Data Path Delay:        8.461ns  (logic 0.456ns (5.390%)  route 8.005ns (94.610%))
  Logic Levels:           0  
  Clock Path Skew:        -0.037ns (DCD - SCD + CPR)
    Destination Clock Delay (DCD):    2.794ns = ( 12.794 - 10.000 ) 
    Source Clock Delay      (SCD):    2.946ns
    Clock Pessimism Removal (CPR):    0.115ns
  Clock Uncertainty:      0.154ns  ((TSJ^2 + TIJ^2)^1/2 + DJ) / 2 + PE
    Total System Jitter     (TSJ):    0.071ns
    Total Input Jitter      (TIJ):    0.300ns
    Discrete Jitter          (DJ):    0.000ns
    Phase Error              (PE):    0.000ns

    Location             Delay type                Incr(ns)  Path(ns)    Netlist Resource(s)
  -------------------------------------------------------------------    -------------------
                         (clock clk_fpga_0 rise edge)
                                                      0.000     0.000 r  
    PS7_X0Y0             PS7                          0.000     0.000 r  design_1_i/processing_system7_0/inst/PS7_i/FCLKCLK[0]
                         net (fo=1, routed)           1.193     1.193    design_1_i/processing_system7_0/inst/FCLK_CLK_unbuffered[0]
    BUFGCTRL_X0Y17       BUFG (Prop_bufg_I_O)         0.101     1.294 r  design_1_i/processing_system7_0/inst/buffer_fclk_clk_0.FCLK_CLK_0_BUFG/O
                         net (fo=21728, routed)       1.652     2.946    design_1_i/xfft_0/U0/i_synth/axi_wrapper/aclk
    SLICE_X47Y52         FDRE                                         r  design_1_i/xfft_0/U0/i_synth/axi_wrapper/gen_ce_non_real_time.ce_predicted_reg/C
  -------------------------------------------------------------------    -------------------
    SLICE_X47Y52         FDRE (Prop_fdre_C_Q)         0.456     3.402 r  design_1_i/xfft_0/U0/i_synth/axi_wrapper/gen_ce_non_real_time.ce_predicted_reg/Q
                         net (fo=5070, routed)        8.005    11.407    design_1_i/xfft_0/U0/i_synth/xfft_inst/floating_point.xfft_inst/fft/non_floating_point.arch_d.xfft_inst/pe_gen[1].natural_order_input.PE/hasbf2.FW_2.BF_2/out_commutator_B/ce_w2c
    SLICE_X90Y33         SRL16E                                       r  design_1_i/xfft_0/U0/i_synth/xfft_inst/floating_point.xfft_inst/fft/non_floating_point.arch_d.xfft_inst/pe_gen[1].natural_order_input.PE/hasbf2.FW_2.BF_2/out_commutator_B/no_sclr_lut.real_shift_ram.use_baseblock.use_hlutnm_srls.srl_loop[5].i_srl16e0/CE
  -------------------------------------------------------------------    -------------------

                         (clock clk_fpga_0 rise edge)
                                                     10.000    10.000 r  
    PS7_X0Y0             PS7                          0.000    10.000 r  design_1_i/processing_system7_0/inst/PS7_i/FCLKCLK[0]
                         net (fo=1, routed)           1.088    11.088    design_1_i/processing_system7_0/inst/FCLK_CLK_unbuffered[0]
    BUFGCTRL_X0Y17       BUFG (Prop_bufg_I_O)         0.091    11.179 r  design_1_i/processing_system7_0/inst/buffer_fclk_clk_0.FCLK_CLK_0_BUFG/O
                         net (fo=21728, routed)       1.615    12.795    design_1_i/xfft_0/U0/i_synth/xfft_inst/floating_point.xfft_inst/fft/non_floating_point.arch_d.xfft_inst/pe_gen[1].natural_order_input.PE/hasbf2.FW_2.BF_2/out_commutator_B/aclk
    SLICE_X90Y33         SRL16E                                       r  design_1_i/xfft_0/U0/i_synth/xfft_inst/floating_point.xfft_inst/fft/non_floating_point.arch_d.xfft_inst/pe_gen[1].natural_order_input.PE/hasbf2.FW_2.BF_2/out_commutator_B/no_sclr_lut.real_shift_ram.use_baseblock.use_hlutnm_srls.srl_loop[5].i_srl16e0/CLK
                         clock pessimism              0.115    12.909    
                         clock uncertainty           -0.154    12.755    
    SLICE_X90Y33         SRL16E (Setup_srl16e_CLK_CE)
                                                     -0.517    12.238    design_1_i/xfft_0/U0/i_synth/xfft_inst/floating_point.xfft_inst/fft/non_floating_point.arch_d.xfft_inst/pe_gen[1].natural_order_input.PE/hasbf2.FW_2.BF_2/out_commutator_B/no_sclr_lut.real_shift_ram.use_baseblock.use_hlutnm_srls.srl_loop[5].i_srl16e0
  -------------------------------------------------------------------
                         required time                         12.238    
                         arrival time                         -11.407    
  -------------------------------------------------------------------
                         slack                                  0.832    

Slack (MET) :             0.832ns  (required time - arrival time)
  Source:                 design_1_i/xfft_0/U0/i_synth/axi_wrapper/gen_ce_non_real_time.ce_predicted_reg/C
                            (rising edge-triggered cell FDRE clocked by clk_fpga_0  {rise@0.000ns fall@5.000ns period=10.000ns})
  Destination:            design_1_i/xfft_0/U0/i_synth/xfft_inst/floating_point.xfft_inst/fft/non_floating_point.arch_d.xfft_inst/pe_gen[1].natural_order_input.PE/hasbf2.FW_2.BF_2/out_commutator_B/no_sclr_lut.real_shift_ram.use_baseblock.use_hlutnm_srls.srl_loop[5].i_srl16e1/CE
                            (rising edge-triggered cell SRL16E clocked by clk_fpga_0  {rise@0.000ns fall@5.000ns period=10.000ns})
  Path Group:             clk_fpga_0
  Path Type:              Setup (Max at Slow Process Corner)
  Requirement:            10.000ns  (clk_fpga_0 rise@10.000ns - clk_fpga_0 rise@0.000ns)
  Data Path Delay:        8.461ns  (logic 0.456ns (5.390%)  route 8.005ns (94.610%))
  Logic Levels:           0  
  Clock Path Skew:        -0.037ns (DCD - SCD + CPR)
    Destination Clock Delay (DCD):    2.794ns = ( 12.794 - 10.000 ) 
    Source Clock Delay      (SCD):    2.946ns
    Clock Pessimism Removal (CPR):    0.115ns
  Clock Uncertainty:      0.154ns  ((TSJ^2 + TIJ^2)^1/2 + DJ) / 2 + PE
    Total System Jitter     (TSJ):    0.071ns
    Total Input Jitter      (TIJ):    0.300ns
    Discrete Jitter          (DJ):    0.000ns
    Phase Error              (PE):    0.000ns

    Location             Delay type                Incr(ns)  Path(ns)    Netlist Resource(s)
  -------------------------------------------------------------------    -------------------
                         (clock clk_fpga_0 rise edge)
                                                      0.000     0.000 r  
    PS7_X0Y0             PS7                          0.000     0.000 r  design_1_i/processing_system7_0/inst/PS7_i/FCLKCLK[0]
                         net (fo=1, routed)           1.193     1.193    design_1_i/processing_system7_0/inst/FCLK_CLK_unbuffered[0]
    BUFGCTRL_X0Y17       BUFG (Prop_bufg_I_O)         0.101     1.294 r  design_1_i/processing_system7_0/inst/buffer_fclk_clk_0.FCLK_CLK_0_BUFG/O
                         net (fo=21728, routed)       1.652     2.946    design_1_i/xfft_0/U0/i_synth/axi_wrapper/aclk
    SLICE_X47Y52         FDRE                                         r  design_1_i/xfft_0/U0/i_synth/axi_wrapper/gen_ce_non_real_time.ce_predicted_reg/C
  -------------------------------------------------------------------    -------------------
    SLICE_X47Y52         FDRE (Prop_fdre_C_Q)         0.456     3.402 r  design_1_i/xfft_0/U0/i_synth/axi_wrapper/gen_ce_non_real_time.ce_predicted_reg/Q
                         net (fo=5070, routed)        8.005    11.407    design_1_i/xfft_0/U0/i_synth/xfft_inst/floating_point.xfft_inst/fft/non_floating_point.arch_d.xfft_inst/pe_gen[1].natural_order_input.PE/hasbf2.FW_2.BF_2/out_commutator_B/ce_w2c
    SLICE_X90Y33         SRL16E                                       r  design_1_i/xfft_0/U0/i_synth/xfft_inst/floating_point.xfft_inst/fft/non_floating_point.arch_d.xfft_inst/pe_gen[1].natural_order_input.PE/hasbf2.FW_2.BF_2/out_commutator_B/no_sclr_lut.real_shift_ram.use_baseblock.use_hlutnm_srls.srl_loop[5].i_srl16e1/CE
  -------------------------------------------------------------------    -------------------

                         (clock clk_fpga_0 rise edge)
                                                     10.000    10.000 r  
    PS7_X0Y0             PS7                          0.000    10.000 r  design_1_i/processing_system7_0/inst/PS7_i/FCLKCLK[0]
                         net (fo=1, routed)           1.088    11.088    design_1_i/processing_system7_0/inst/FCLK_CLK_unbuffered[0]
    BUFGCTRL_X0Y17       BUFG (Prop_bufg_I_O)         0.091    11.179 r  design_1_i/processing_system7_0/inst/buffer_fclk_clk_0.FCLK_CLK_0_BUFG/O
                         net (fo=21728, routed)       1.615    12.795    design_1_i/xfft_0/U0/i_synth/xfft_inst/floating_point.xfft_inst/fft/non_floating_point.arch_d.xfft_inst/pe_gen[1].natural_order_input.PE/hasbf2.FW_2.BF_2/out_commutator_B/aclk
    SLICE_X90Y33         SRL16E                                       r  design_1_i/xfft_0/U0/i_synth/xfft_inst/floating_point.xfft_inst/fft/non_floating_point.arch_d.xfft_inst/pe_gen[1].natural_order_input.PE/hasbf2.FW_2.BF_2/out_commutator_B/no_sclr_lut.real_shift_ram.use_baseblock.use_hlutnm_srls.srl_loop[5].i_srl16e1/CLK
                         clock pessimism              0.115    12.909    
                         clock uncertainty           -0.154    12.755    
    SLICE_X90Y33         SRL16E (Setup_srl16e_CLK_CE)
                                                     -0.517    12.238    design_1_i/xfft_0/U0/i_synth/xfft_inst/floating_point.xfft_inst/fft/non_floating_point.arch_d.xfft_inst/pe_gen[1].natural_order_input.PE/hasbf2.FW_2.BF_2/out_commutator_B/no_sclr_lut.real_shift_ram.use_baseblock.use_hlutnm_srls.srl_loop[5].i_srl16e1
  -------------------------------------------------------------------
                         required time                         12.238    
                         arrival time                         -11.407    
  -------------------------------------------------------------------
                         slack                                  0.832    

Slack (MET) :             0.832ns  (required time - arrival time)
  Source:                 design_1_i/xfft_0/U0/i_synth/axi_wrapper/gen_ce_non_real_time.ce_predicted_reg/C
                            (rising edge-triggered cell FDRE clocked by clk_fpga_0  {rise@0.000ns fall@5.000ns period=10.000ns})
  Destination:            design_1_i/xfft_0/U0/i_synth/xfft_inst/floating_point.xfft_inst/fft/non_floating_point.arch_d.xfft_inst/pe_gen[1].natural_order_input.PE/hasbf2.FW_2.BF_2/out_commutator_B/no_sclr_lut.real_shift_ram.use_baseblock.use_hlutnm_srls.srl_loop[6].i_srl16e0/CE
                            (rising edge-triggered cell SRL16E clocked by clk_fpga_0  {rise@0.000ns fall@5.000ns period=10.000ns})
  Path Group:             clk_fpga_0
  Path Type:              Setup (Max at Slow Process Corner)
  Requirement:            10.000ns  (clk_fpga_0 rise@10.000ns - clk_fpga_0 rise@0.000ns)
  Data Path Delay:        8.461ns  (logic 0.456ns (5.390%)  route 8.005ns (94.610%))
  Logic Levels:           0  
  Clock Path Skew:        -0.037ns (DCD - SCD + CPR)
    Destination Clock Delay (DCD):    2.794ns = ( 12.794 - 10.000 ) 
    Source Clock Delay      (SCD):    2.946ns
    Clock Pessimism Removal (CPR):    0.115ns
  Clock Uncertainty:      0.154ns  ((TSJ^2 + TIJ^2)^1/2 + DJ) / 2 + PE
    Total System Jitter     (TSJ):    0.071ns
    Total Input Jitter      (TIJ):    0.300ns
    Discrete Jitter          (DJ):    0.000ns
    Phase Error              (PE):    0.000ns

    Location             Delay type                Incr(ns)  Path(ns)    Netlist Resource(s)
  -------------------------------------------------------------------    -------------------
                         (clock clk_fpga_0 rise edge)
                                                      0.000     0.000 r  
    PS7_X0Y0             PS7                          0.000     0.000 r  design_1_i/processing_system7_0/inst/PS7_i/FCLKCLK[0]
                         net (fo=1, routed)           1.193     1.193    design_1_i/processing_system7_0/inst/FCLK_CLK_unbuffered[0]
    BUFGCTRL_X0Y17       BUFG (Prop_bufg_I_O)         0.101     1.294 r  design_1_i/processing_system7_0/inst/buffer_fclk_clk_0.FCLK_CLK_0_BUFG/O
                         net (fo=21728, routed)       1.652     2.946    design_1_i/xfft_0/U0/i_synth/axi_wrapper/aclk
    SLICE_X47Y52         FDRE                                         r  design_1_i/xfft_0/U0/i_synth/axi_wrapper/gen_ce_non_real_time.ce_predicted_reg/C
  -------------------------------------------------------------------    -------------------
    SLICE_X47Y52         FDRE (Prop_fdre_C_Q)         0.456     3.402 r  design_1_i/xfft_0/U0/i_synth/axi_wrapper/gen_ce_non_real_time.ce_predicted_reg/Q
                         net (fo=5070, routed)        8.005    11.407    design_1_i/xfft_0/U0/i_synth/xfft_inst/floating_point.xfft_inst/fft/non_floating_point.arch_d.xfft_inst/pe_gen[1].natural_order_input.PE/hasbf2.FW_2.BF_2/out_commutator_B/ce_w2c
    SLICE_X90Y33         SRL16E                                       r  design_1_i/xfft_0/U0/i_synth/xfft_inst/floating_point.xfft_inst/fft/non_floating_point.arch_d.xfft_inst/pe_gen[1].natural_order_input.PE/hasbf2.FW_2.BF_2/out_commutator_B/no_sclr_lut.real_shift_ram.use_baseblock.use_hlutnm_srls.srl_loop[6].i_srl16e0/CE
  -------------------------------------------------------------------    -------------------

                         (clock clk_fpga_0 rise edge)
                                                     10.000    10.000 r  
    PS7_X0Y0             PS7                          0.000    10.000 r  design_1_i/processing_system7_0/inst/PS7_i/FCLKCLK[0]
                         net (fo=1, routed)           1.088    11.088    design_1_i/processing_system7_0/inst/FCLK_CLK_unbuffered[0]
    BUFGCTRL_X0Y17       BUFG (Prop_bufg_I_O)         0.091    11.179 r  design_1_i/processing_system7_0/inst/buffer_fclk_clk_0.FCLK_CLK_0_BUFG/O
                         net (fo=21728, routed)       1.615    12.795    design_1_i/xfft_0/U0/i_synth/xfft_inst/floating_point.xfft_inst/fft/non_floating_point.arch_d.xfft_inst/pe_gen[1].natural_order_input.PE/hasbf2.FW_2.BF_2/out_commutator_B/aclk
    SLICE_X90Y33         SRL16E                                       r  design_1_i/xfft_0/U0/i_synth/xfft_inst/floating_point.xfft_inst/fft/non_floating_point.arch_d.xfft_inst/pe_gen[1].natural_order_input.PE/hasbf2.FW_2.BF_2/out_commutator_B/no_sclr_lut.real_shift_ram.use_baseblock.use_hlutnm_srls.srl_loop[6].i_srl16e0/CLK
                         clock pessimism              0.115    12.909    
                         clock uncertainty           -0.154    12.755    
    SLICE_X90Y33         SRL16E (Setup_srl16e_CLK_CE)
                                                     -0.517    12.238    design_1_i/xfft_0/U0/i_synth/xfft_inst/floating_point.xfft_inst/fft/non_floating_point.arch_d.xfft_inst/pe_gen[1].natural_order_input.PE/hasbf2.FW_2.BF_2/out_commutator_B/no_sclr_lut.real_shift_ram.use_baseblock.use_hlutnm_srls.srl_loop[6].i_srl16e0
  -------------------------------------------------------------------
                         required time                         12.238    
                         arrival time                         -11.407    
  -------------------------------------------------------------------
                         slack                                  0.832    

Slack (MET) :             0.832ns  (required time - arrival time)
  Source:                 design_1_i/xfft_0/U0/i_synth/axi_wrapper/gen_ce_non_real_time.ce_predicted_reg/C
                            (rising edge-triggered cell FDRE clocked by clk_fpga_0  {rise@0.000ns fall@5.000ns period=10.000ns})
  Destination:            design_1_i/xfft_0/U0/i_synth/xfft_inst/floating_point.xfft_inst/fft/non_floating_point.arch_d.xfft_inst/pe_gen[1].natural_order_input.PE/hasbf2.FW_2.BF_2/out_commutator_B/no_sclr_lut.real_shift_ram.use_baseblock.use_hlutnm_srls.srl_loop[6].i_srl16e1/CE
                            (rising edge-triggered cell SRL16E clocked by clk_fpga_0  {rise@0.000ns fall@5.000ns period=10.000ns})
  Path Group:             clk_fpga_0
  Path Type:              Setup (Max at Slow Process Corner)
  Requirement:            10.000ns  (clk_fpga_0 rise@10.000ns - clk_fpga_0 rise@0.000ns)
  Data Path Delay:        8.461ns  (logic 0.456ns (5.390%)  route 8.005ns (94.610%))
  Logic Levels:           0  
  Clock Path Skew:        -0.037ns (DCD - SCD + CPR)
    Destination Clock Delay (DCD):    2.794ns = ( 12.794 - 10.000 ) 
    Source Clock Delay      (SCD):    2.946ns
    Clock Pessimism Removal (CPR):    0.115ns
  Clock Uncertainty:      0.154ns  ((TSJ^2 + TIJ^2)^1/2 + DJ) / 2 + PE
    Total System Jitter     (TSJ):    0.071ns
    Total Input Jitter      (TIJ):    0.300ns
    Discrete Jitter          (DJ):    0.000ns
    Phase Error              (PE):    0.000ns

    Location             Delay type                Incr(ns)  Path(ns)    Netlist Resource(s)
  -------------------------------------------------------------------    -------------------
                         (clock clk_fpga_0 rise edge)
                                                      0.000     0.000 r  
    PS7_X0Y0             PS7                          0.000     0.000 r  design_1_i/processing_system7_0/inst/PS7_i/FCLKCLK[0]
                         net (fo=1, routed)           1.193     1.193    design_1_i/processing_system7_0/inst/FCLK_CLK_unbuffered[0]
    BUFGCTRL_X0Y17       BUFG (Prop_bufg_I_O)         0.101     1.294 r  design_1_i/processing_system7_0/inst/buffer_fclk_clk_0.FCLK_CLK_0_BUFG/O
                         net (fo=21728, routed)       1.652     2.946    design_1_i/xfft_0/U0/i_synth/axi_wrapper/aclk
    SLICE_X47Y52         FDRE                                         r  design_1_i/xfft_0/U0/i_synth/axi_wrapper/gen_ce_non_real_time.ce_predicted_reg/C
  -------------------------------------------------------------------    -------------------
    SLICE_X47Y52         FDRE (Prop_fdre_C_Q)         0.456     3.402 r  design_1_i/xfft_0/U0/i_synth/axi_wrapper/gen_ce_non_real_time.ce_predicted_reg/Q
                         net (fo=5070, routed)        8.005    11.407    design_1_i/xfft_0/U0/i_synth/xfft_inst/floating_point.xfft_inst/fft/non_floating_point.arch_d.xfft_inst/pe_gen[1].natural_order_input.PE/hasbf2.FW_2.BF_2/out_commutator_B/ce_w2c
    SLICE_X90Y33         SRL16E                                       r  design_1_i/xfft_0/U0/i_synth/xfft_inst/floating_point.xfft_inst/fft/non_floating_point.arch_d.xfft_inst/pe_gen[1].natural_order_input.PE/hasbf2.FW_2.BF_2/out_commutator_B/no_sclr_lut.real_shift_ram.use_baseblock.use_hlutnm_srls.srl_loop[6].i_srl16e1/CE
  -------------------------------------------------------------------    -------------------

                         (clock clk_fpga_0 rise edge)
                                                     10.000    10.000 r  
    PS7_X0Y0             PS7                          0.000    10.000 r  design_1_i/processing_system7_0/inst/PS7_i/FCLKCLK[0]
                         net (fo=1, routed)           1.088    11.088    design_1_i/processing_system7_0/inst/FCLK_CLK_unbuffered[0]
    BUFGCTRL_X0Y17       BUFG (Prop_bufg_I_O)         0.091    11.179 r  design_1_i/processing_system7_0/inst/buffer_fclk_clk_0.FCLK_CLK_0_BUFG/O
                         net (fo=21728, routed)       1.615    12.795    design_1_i/xfft_0/U0/i_synth/xfft_inst/floating_point.xfft_inst/fft/non_floating_point.arch_d.xfft_inst/pe_gen[1].natural_order_input.PE/hasbf2.FW_2.BF_2/out_commutator_B/aclk
    SLICE_X90Y33         SRL16E                                       r  design_1_i/xfft_0/U0/i_synth/xfft_inst/floating_point.xfft_inst/fft/non_floating_point.arch_d.xfft_inst/pe_gen[1].natural_order_input.PE/hasbf2.FW_2.BF_2/out_commutator_B/no_sclr_lut.real_shift_ram.use_baseblock.use_hlutnm_srls.srl_loop[6].i_srl16e1/CLK
                         clock pessimism              0.115    12.909    
                         clock uncertainty           -0.154    12.755    
    SLICE_X90Y33         SRL16E (Setup_srl16e_CLK_CE)
                                                     -0.517    12.238    design_1_i/xfft_0/U0/i_synth/xfft_inst/floating_point.xfft_inst/fft/non_floating_point.arch_d.xfft_inst/pe_gen[1].natural_order_input.PE/hasbf2.FW_2.BF_2/out_commutator_B/no_sclr_lut.real_shift_ram.use_baseblock.use_hlutnm_srls.srl_loop[6].i_srl16e1
  -------------------------------------------------------------------
                         required time                         12.238    
                         arrival time                         -11.407    
  -------------------------------------------------------------------
                         slack                                  0.832    

Slack (MET) :             0.832ns  (required time - arrival time)
  Source:                 design_1_i/xfft_0/U0/i_synth/axi_wrapper/gen_ce_non_real_time.ce_predicted_reg/C
                            (rising edge-triggered cell FDRE clocked by clk_fpga_0  {rise@0.000ns fall@5.000ns period=10.000ns})
  Destination:            design_1_i/xfft_0/U0/i_synth/xfft_inst/floating_point.xfft_inst/fft/non_floating_point.arch_d.xfft_inst/pe_gen[1].natural_order_input.PE/hasbf2.FW_2.BF_2/out_commutator_B/no_sclr_lut.real_shift_ram.use_baseblock.use_hlutnm_srls.srl_loop[7].i_srl16e0/CE
                            (rising edge-triggered cell SRL16E clocked by clk_fpga_0  {rise@0.000ns fall@5.000ns period=10.000ns})
  Path Group:             clk_fpga_0
  Path Type:              Setup (Max at Slow Process Corner)
  Requirement:            10.000ns  (clk_fpga_0 rise@10.000ns - clk_fpga_0 rise@0.000ns)
  Data Path Delay:        8.461ns  (logic 0.456ns (5.390%)  route 8.005ns (94.610%))
  Logic Levels:           0  
  Clock Path Skew:        -0.037ns (DCD - SCD + CPR)
    Destination Clock Delay (DCD):    2.794ns = ( 12.794 - 10.000 ) 
    Source Clock Delay      (SCD):    2.946ns
    Clock Pessimism Removal (CPR):    0.115ns
  Clock Uncertainty:      0.154ns  ((TSJ^2 + TIJ^2)^1/2 + DJ) / 2 + PE
    Total System Jitter     (TSJ):    0.071ns
    Total Input Jitter      (TIJ):    0.300ns
    Discrete Jitter          (DJ):    0.000ns
    Phase Error              (PE):    0.000ns

    Location             Delay type                Incr(ns)  Path(ns)    Netlist Resource(s)
  -------------------------------------------------------------------    -------------------
                         (clock clk_fpga_0 rise edge)
                                                      0.000     0.000 r  
    PS7_X0Y0             PS7                          0.000     0.000 r  design_1_i/processing_system7_0/inst/PS7_i/FCLKCLK[0]
                         net (fo=1, routed)           1.193     1.193    design_1_i/processing_system7_0/inst/FCLK_CLK_unbuffered[0]
    BUFGCTRL_X0Y17       BUFG (Prop_bufg_I_O)         0.101     1.294 r  design_1_i/processing_system7_0/inst/buffer_fclk_clk_0.FCLK_CLK_0_BUFG/O
                         net (fo=21728, routed)       1.652     2.946    design_1_i/xfft_0/U0/i_synth/axi_wrapper/aclk
    SLICE_X47Y52         FDRE                                         r  design_1_i/xfft_0/U0/i_synth/axi_wrapper/gen_ce_non_real_time.ce_predicted_reg/C
  -------------------------------------------------------------------    -------------------
    SLICE_X47Y52         FDRE (Prop_fdre_C_Q)         0.456     3.402 r  design_1_i/xfft_0/U0/i_synth/axi_wrapper/gen_ce_non_real_time.ce_predicted_reg/Q
                         net (fo=5070, routed)        8.005    11.407    design_1_i/xfft_0/U0/i_synth/xfft_inst/floating_point.xfft_inst/fft/non_floating_point.arch_d.xfft_inst/pe_gen[1].natural_order_input.PE/hasbf2.FW_2.BF_2/out_commutator_B/ce_w2c
    SLICE_X90Y33         SRL16E                                       r  design_1_i/xfft_0/U0/i_synth/xfft_inst/floating_point.xfft_inst/fft/non_floating_point.arch_d.xfft_inst/pe_gen[1].natural_order_input.PE/hasbf2.FW_2.BF_2/out_commutator_B/no_sclr_lut.real_shift_ram.use_baseblock.use_hlutnm_srls.srl_loop[7].i_srl16e0/CE
  -------------------------------------------------------------------    -------------------

                         (clock clk_fpga_0 rise edge)
                                                     10.000    10.000 r  
    PS7_X0Y0             PS7                          0.000    10.000 r  design_1_i/processing_system7_0/inst/PS7_i/FCLKCLK[0]
                         net (fo=1, routed)           1.088    11.088    design_1_i/processing_system7_0/inst/FCLK_CLK_unbuffered[0]
    BUFGCTRL_X0Y17       BUFG (Prop_bufg_I_O)         0.091    11.179 r  design_1_i/processing_system7_0/inst/buffer_fclk_clk_0.FCLK_CLK_0_BUFG/O
                         net (fo=21728, routed)       1.615    12.795    design_1_i/xfft_0/U0/i_synth/xfft_inst/floating_point.xfft_inst/fft/non_floating_point.arch_d.xfft_inst/pe_gen[1].natural_order_input.PE/hasbf2.FW_2.BF_2/out_commutator_B/aclk
    SLICE_X90Y33         SRL16E                                       r  design_1_i/xfft_0/U0/i_synth/xfft_inst/floating_point.xfft_inst/fft/non_floating_point.arch_d.xfft_inst/pe_gen[1].natural_order_input.PE/hasbf2.FW_2.BF_2/out_commutator_B/no_sclr_lut.real_shift_ram.use_baseblock.use_hlutnm_srls.srl_loop[7].i_srl16e0/CLK
                         clock pessimism              0.115    12.909    
                         clock uncertainty           -0.154    12.755    
    SLICE_X90Y33         SRL16E (Setup_srl16e_CLK_CE)
                                                     -0.517    12.238    design_1_i/xfft_0/U0/i_synth/xfft_inst/floating_point.xfft_inst/fft/non_floating_point.arch_d.xfft_inst/pe_gen[1].natural_order_input.PE/hasbf2.FW_2.BF_2/out_commutator_B/no_sclr_lut.real_shift_ram.use_baseblock.use_hlutnm_srls.srl_loop[7].i_srl16e0
  -------------------------------------------------------------------
                         required time                         12.238    
                         arrival time                         -11.407    
  -------------------------------------------------------------------
                         slack                                  0.832    

Slack (MET) :             0.832ns  (required time - arrival time)
  Source:                 design_1_i/xfft_0/U0/i_synth/axi_wrapper/gen_ce_non_real_time.ce_predicted_reg/C
                            (rising edge-triggered cell FDRE clocked by clk_fpga_0  {rise@0.000ns fall@5.000ns period=10.000ns})
  Destination:            design_1_i/xfft_0/U0/i_synth/xfft_inst/floating_point.xfft_inst/fft/non_floating_point.arch_d.xfft_inst/pe_gen[1].natural_order_input.PE/hasbf2.FW_2.BF_2/out_commutator_B/no_sclr_lut.real_shift_ram.use_baseblock.use_hlutnm_srls.srl_loop[7].i_srl16e1/CE
                            (rising edge-triggered cell SRL16E clocked by clk_fpga_0  {rise@0.000ns fall@5.000ns period=10.000ns})
  Path Group:             clk_fpga_0
  Path Type:              Setup (Max at Slow Process Corner)
  Requirement:            10.000ns  (clk_fpga_0 rise@10.000ns - clk_fpga_0 rise@0.000ns)
  Data Path Delay:        8.461ns  (logic 0.456ns (5.390%)  route 8.005ns (94.610%))
  Logic Levels:           0  
  Clock Path Skew:        -0.037ns (DCD - SCD + CPR)
    Destination Clock Delay (DCD):    2.794ns = ( 12.794 - 10.000 ) 
    Source Clock Delay      (SCD):    2.946ns
    Clock Pessimism Removal (CPR):    0.115ns
  Clock Uncertainty:      0.154ns  ((TSJ^2 + TIJ^2)^1/2 + DJ) / 2 + PE
    Total System Jitter     (TSJ):    0.071ns
    Total Input Jitter      (TIJ):    0.300ns
    Discrete Jitter          (DJ):    0.000ns
    Phase Error              (PE):    0.000ns

    Location             Delay type                Incr(ns)  Path(ns)    Netlist Resource(s)
  -------------------------------------------------------------------    -------------------
                         (clock clk_fpga_0 rise edge)
                                                      0.000     0.000 r  
    PS7_X0Y0             PS7                          0.000     0.000 r  design_1_i/processing_system7_0/inst/PS7_i/FCLKCLK[0]
                         net (fo=1, routed)           1.193     1.193    design_1_i/processing_system7_0/inst/FCLK_CLK_unbuffered[0]
    BUFGCTRL_X0Y17       BUFG (Prop_bufg_I_O)         0.101     1.294 r  design_1_i/processing_system7_0/inst/buffer_fclk_clk_0.FCLK_CLK_0_BUFG/O
                         net (fo=21728, routed)       1.652     2.946    design_1_i/xfft_0/U0/i_synth/axi_wrapper/aclk
    SLICE_X47Y52         FDRE                                         r  design_1_i/xfft_0/U0/i_synth/axi_wrapper/gen_ce_non_real_time.ce_predicted_reg/C
  -------------------------------------------------------------------    -------------------
    SLICE_X47Y52         FDRE (Prop_fdre_C_Q)         0.456     3.402 r  design_1_i/xfft_0/U0/i_synth/axi_wrapper/gen_ce_non_real_time.ce_predicted_reg/Q
                         net (fo=5070, routed)        8.005    11.407    design_1_i/xfft_0/U0/i_synth/xfft_inst/floating_point.xfft_inst/fft/non_floating_point.arch_d.xfft_inst/pe_gen[1].natural_order_input.PE/hasbf2.FW_2.BF_2/out_commutator_B/ce_w2c
    SLICE_X90Y33         SRL16E                                       r  design_1_i/xfft_0/U0/i_synth/xfft_inst/floating_point.xfft_inst/fft/non_floating_point.arch_d.xfft_inst/pe_gen[1].natural_order_input.PE/hasbf2.FW_2.BF_2/out_commutator_B/no_sclr_lut.real_shift_ram.use_baseblock.use_hlutnm_srls.srl_loop[7].i_srl16e1/CE
  -------------------------------------------------------------------    -------------------

                         (clock clk_fpga_0 rise edge)
                                                     10.000    10.000 r  
    PS7_X0Y0             PS7                          0.000    10.000 r  design_1_i/processing_system7_0/inst/PS7_i/FCLKCLK[0]
                         net (fo=1, routed)           1.088    11.088    design_1_i/processing_system7_0/inst/FCLK_CLK_unbuffered[0]
    BUFGCTRL_X0Y17       BUFG (Prop_bufg_I_O)         0.091    11.179 r  design_1_i/processing_system7_0/inst/buffer_fclk_clk_0.FCLK_CLK_0_BUFG/O
                         net (fo=21728, routed)       1.615    12.795    design_1_i/xfft_0/U0/i_synth/xfft_inst/floating_point.xfft_inst/fft/non_floating_point.arch_d.xfft_inst/pe_gen[1].natural_order_input.PE/hasbf2.FW_2.BF_2/out_commutator_B/aclk
    SLICE_X90Y33         SRL16E                                       r  design_1_i/xfft_0/U0/i_synth/xfft_inst/floating_point.xfft_inst/fft/non_floating_point.arch_d.xfft_inst/pe_gen[1].natural_order_input.PE/hasbf2.FW_2.BF_2/out_commutator_B/no_sclr_lut.real_shift_ram.use_baseblock.use_hlutnm_srls.srl_loop[7].i_srl16e1/CLK
                         clock pessimism              0.115    12.909    
                         clock uncertainty           -0.154    12.755    
    SLICE_X90Y33         SRL16E (Setup_srl16e_CLK_CE)
                                                     -0.517    12.238    design_1_i/xfft_0/U0/i_synth/xfft_inst/floating_point.xfft_inst/fft/non_floating_point.arch_d.xfft_inst/pe_gen[1].natural_order_input.PE/hasbf2.FW_2.BF_2/out_commutator_B/no_sclr_lut.real_shift_ram.use_baseblock.use_hlutnm_srls.srl_loop[7].i_srl16e1
  -------------------------------------------------------------------
                         required time                         12.238    
                         arrival time                         -11.407    
  -------------------------------------------------------------------
                         slack                                  0.832    





Min Delay Paths
--------------------------------------------------------------------------------------
Slack (MET) :             0.026ns  (arrival time - required time)
  Source:                 design_1_i/axi_dma_0/U0/I_PRMRY_DATAMOVER/GEN_S2MM_FULL.I_S2MM_FULL_WRAPPER/I_CMD_STATUS/I_CMD_FIFO/USE_SINGLE_REG.sig_regfifo_dout_reg_reg[33]/C
                            (rising edge-triggered cell FDRE clocked by clk_fpga_0  {rise@0.000ns fall@5.000ns period=10.000ns})
  Destination:            design_1_i/axi_dma_0/U0/I_PRMRY_DATAMOVER/GEN_S2MM_FULL.I_S2MM_FULL_WRAPPER/GEN_INCLUDE_IBTTCC.I_S2MM_MSTR_IBTTCC/sig_input_eof_reg_reg/D
                            (rising edge-triggered cell FDRE clocked by clk_fpga_0  {rise@0.000ns fall@5.000ns period=10.000ns})
  Path Group:             clk_fpga_0
  Path Type:              Hold (Min at Fast Process Corner)
  Requirement:            0.000ns  (clk_fpga_0 rise@0.000ns - clk_fpga_0 rise@0.000ns)
  Data Path Delay:        0.337ns  (logic 0.164ns (48.607%)  route 0.173ns (51.393%))
  Logic Levels:           0  
  Clock Path Skew:        0.259ns (DCD - SCD - CPR)
    Destination Clock Delay (DCD):    1.270ns
    Source Clock Delay      (SCD):    0.972ns
    Clock Pessimism Removal (CPR):    0.039ns

    Location             Delay type                Incr(ns)  Path(ns)    Netlist Resource(s)
  -------------------------------------------------------------------    -------------------
                         (clock clk_fpga_0 rise edge)
                                                      0.000     0.000 r  
    PS7_X0Y0             PS7                          0.000     0.000 r  design_1_i/processing_system7_0/inst/PS7_i/FCLKCLK[0]
                         net (fo=1, routed)           0.310     0.310    design_1_i/processing_system7_0/inst/FCLK_CLK_unbuffered[0]
    BUFGCTRL_X0Y17       BUFG (Prop_bufg_I_O)         0.026     0.336 r  design_1_i/processing_system7_0/inst/buffer_fclk_clk_0.FCLK_CLK_0_BUFG/O
                         net (fo=21728, routed)       0.636     0.972    design_1_i/axi_dma_0/U0/I_PRMRY_DATAMOVER/GEN_S2MM_FULL.I_S2MM_FULL_WRAPPER/I_CMD_STATUS/I_CMD_FIFO/m_axi_s2mm_aclk
    SLICE_X46Y111        FDRE                                         r  design_1_i/axi_dma_0/U0/I_PRMRY_DATAMOVER/GEN_S2MM_FULL.I_S2MM_FULL_WRAPPER/I_CMD_STATUS/I_CMD_FIFO/USE_SINGLE_REG.sig_regfifo_dout_reg_reg[33]/C
  -------------------------------------------------------------------    -------------------
    SLICE_X46Y111        FDRE (Prop_fdre_C_Q)         0.164     1.136 r  design_1_i/axi_dma_0/U0/I_PRMRY_DATAMOVER/GEN_S2MM_FULL.I_S2MM_FULL_WRAPPER/I_CMD_STATUS/I_CMD_FIFO/USE_SINGLE_REG.sig_regfifo_dout_reg_reg[33]/Q
                         net (fo=1, routed)           0.173     1.309    design_1_i/axi_dma_0/U0/I_PRMRY_DATAMOVER/GEN_S2MM_FULL.I_S2MM_FULL_WRAPPER/GEN_INCLUDE_IBTTCC.I_S2MM_MSTR_IBTTCC/Q[24]
    SLICE_X50Y111        FDRE                                         r  design_1_i/axi_dma_0/U0/I_PRMRY_DATAMOVER/GEN_S2MM_FULL.I_S2MM_FULL_WRAPPER/GEN_INCLUDE_IBTTCC.I_S2MM_MSTR_IBTTCC/sig_input_eof_reg_reg/D
  -------------------------------------------------------------------    -------------------

                         (clock clk_fpga_0 rise edge)
                                                      0.000     0.000 r  
    PS7_X0Y0             PS7                          0.000     0.000 r  design_1_i/processing_system7_0/inst/PS7_i/FCLKCLK[0]
                         net (fo=1, routed)           0.337     0.337    design_1_i/processing_system7_0/inst/FCLK_CLK_unbuffered[0]
    BUFGCTRL_X0Y17       BUFG (Prop_bufg_I_O)         0.029     0.366 r  design_1_i/processing_system7_0/inst/buffer_fclk_clk_0.FCLK_CLK_0_BUFG/O
                         net (fo=21728, routed)       0.904     1.270    design_1_i/axi_dma_0/U0/I_PRMRY_DATAMOVER/GEN_S2MM_FULL.I_S2MM_FULL_WRAPPER/GEN_INCLUDE_IBTTCC.I_S2MM_MSTR_IBTTCC/m_axi_s2mm_aclk
    SLICE_X50Y111        FDRE                                         r  design_1_i/axi_dma_0/U0/I_PRMRY_DATAMOVER/GEN_S2MM_FULL.I_S2MM_FULL_WRAPPER/GEN_INCLUDE_IBTTCC.I_S2MM_MSTR_IBTTCC/sig_input_eof_reg_reg/C
                         clock pessimism             -0.039     1.231    
    SLICE_X50Y111        FDRE (Hold_fdre_C_D)         0.052     1.283    design_1_i/axi_dma_0/U0/I_PRMRY_DATAMOVER/GEN_S2MM_FULL.I_S2MM_FULL_WRAPPER/GEN_INCLUDE_IBTTCC.I_S2MM_MSTR_IBTTCC/sig_input_eof_reg_reg
  -------------------------------------------------------------------
                         required time                         -1.283    
                         arrival time                           1.309    
  -------------------------------------------------------------------
                         slack                                  0.026    

Slack (MET) :             0.026ns  (arrival time - required time)
  Source:                 design_1_i/axi_dma_0/U0/I_PRMRY_DATAMOVER/GEN_S2MM_FULL.I_S2MM_FULL_WRAPPER/I_CMD_STATUS/I_CMD_FIFO/USE_SINGLE_REG.sig_regfifo_dout_reg_reg[35]/C
                            (rising edge-triggered cell FDRE clocked by clk_fpga_0  {rise@0.000ns fall@5.000ns period=10.000ns})
  Destination:            design_1_i/axi_dma_0/U0/I_PRMRY_DATAMOVER/GEN_S2MM_FULL.I_S2MM_FULL_WRAPPER/GEN_INCLUDE_IBTTCC.I_S2MM_MSTR_IBTTCC/sig_input_addr_reg_reg[0]/D
                            (rising edge-triggered cell FDRE clocked by clk_fpga_0  {rise@0.000ns fall@5.000ns period=10.000ns})
  Path Group:             clk_fpga_0
  Path Type:              Hold (Min at Fast Process Corner)
  Requirement:            0.000ns  (clk_fpga_0 rise@0.000ns - clk_fpga_0 rise@0.000ns)
  Data Path Delay:        0.359ns  (logic 0.141ns (39.223%)  route 0.218ns (60.777%))
  Logic Levels:           0  
  Clock Path Skew:        0.261ns (DCD - SCD - CPR)
    Destination Clock Delay (DCD):    1.272ns
    Source Clock Delay      (SCD):    0.972ns
    Clock Pessimism Removal (CPR):    0.039ns

    Location             Delay type                Incr(ns)  Path(ns)    Netlist Resource(s)
  -------------------------------------------------------------------    -------------------
                         (clock clk_fpga_0 rise edge)
                                                      0.000     0.000 r  
    PS7_X0Y0             PS7                          0.000     0.000 r  design_1_i/processing_system7_0/inst/PS7_i/FCLKCLK[0]
                         net (fo=1, routed)           0.310     0.310    design_1_i/processing_system7_0/inst/FCLK_CLK_unbuffered[0]
    BUFGCTRL_X0Y17       BUFG (Prop_bufg_I_O)         0.026     0.336 r  design_1_i/processing_system7_0/inst/buffer_fclk_clk_0.FCLK_CLK_0_BUFG/O
                         net (fo=21728, routed)       0.636     0.972    design_1_i/axi_dma_0/U0/I_PRMRY_DATAMOVER/GEN_S2MM_FULL.I_S2MM_FULL_WRAPPER/I_CMD_STATUS/I_CMD_FIFO/m_axi_s2mm_aclk
    SLICE_X48Y107        FDRE                                         r  design_1_i/axi_dma_0/U0/I_PRMRY_DATAMOVER/GEN_S2MM_FULL.I_S2MM_FULL_WRAPPER/I_CMD_STATUS/I_CMD_FIFO/USE_SINGLE_REG.sig_regfifo_dout_reg_reg[35]/C
  -------------------------------------------------------------------    -------------------
    SLICE_X48Y107        FDRE (Prop_fdre_C_Q)         0.141     1.113 r  design_1_i/axi_dma_0/U0/I_PRMRY_DATAMOVER/GEN_S2MM_FULL.I_S2MM_FULL_WRAPPER/I_CMD_STATUS/I_CMD_FIFO/USE_SINGLE_REG.sig_regfifo_dout_reg_reg[35]/Q
                         net (fo=1, routed)           0.218     1.331    design_1_i/axi_dma_0/U0/I_PRMRY_DATAMOVER/GEN_S2MM_FULL.I_S2MM_FULL_WRAPPER/GEN_INCLUDE_IBTTCC.I_S2MM_MSTR_IBTTCC/Q[25]
    SLICE_X51Y104        FDRE                                         r  design_1_i/axi_dma_0/U0/I_PRMRY_DATAMOVER/GEN_S2MM_FULL.I_S2MM_FULL_WRAPPER/GEN_INCLUDE_IBTTCC.I_S2MM_MSTR_IBTTCC/sig_input_addr_reg_reg[0]/D
  -------------------------------------------------------------------    -------------------

                         (clock clk_fpga_0 rise edge)
                                                      0.000     0.000 r  
    PS7_X0Y0             PS7                          0.000     0.000 r  design_1_i/processing_system7_0/inst/PS7_i/FCLKCLK[0]
                         net (fo=1, routed)           0.337     0.337    design_1_i/processing_system7_0/inst/FCLK_CLK_unbuffered[0]
    BUFGCTRL_X0Y17       BUFG (Prop_bufg_I_O)         0.029     0.366 r  design_1_i/processing_system7_0/inst/buffer_fclk_clk_0.FCLK_CLK_0_BUFG/O
                         net (fo=21728, routed)       0.906     1.272    design_1_i/axi_dma_0/U0/I_PRMRY_DATAMOVER/GEN_S2MM_FULL.I_S2MM_FULL_WRAPPER/GEN_INCLUDE_IBTTCC.I_S2MM_MSTR_IBTTCC/m_axi_s2mm_aclk
    SLICE_X51Y104        FDRE                                         r  design_1_i/axi_dma_0/U0/I_PRMRY_DATAMOVER/GEN_S2MM_FULL.I_S2MM_FULL_WRAPPER/GEN_INCLUDE_IBTTCC.I_S2MM_MSTR_IBTTCC/sig_input_addr_reg_reg[0]/C
                         clock pessimism             -0.039     1.233    
    SLICE_X51Y104        FDRE (Hold_fdre_C_D)         0.072     1.305    design_1_i/axi_dma_0/U0/I_PRMRY_DATAMOVER/GEN_S2MM_FULL.I_S2MM_FULL_WRAPPER/GEN_INCLUDE_IBTTCC.I_S2MM_MSTR_IBTTCC/sig_input_addr_reg_reg[0]
  -------------------------------------------------------------------
                         required time                         -1.305    
                         arrival time                           1.331    
  -------------------------------------------------------------------
                         slack                                  0.026    

Slack (MET) :             0.026ns  (arrival time - required time)
  Source:                 design_1_i/system_ila_0/inst/ila_lib/inst/ila_core_inst/u_trig/N_DDR_TC.N_DDR_TC_INST[0].U_TC/allx_typeA_match_detection.ltlib_v1_0_0_allx_typeA_inst/probeDelay1_reg[43]/C
                            (rising edge-triggered cell FDRE clocked by clk_fpga_0  {rise@0.000ns fall@5.000ns period=10.000ns})
  Destination:            design_1_i/system_ila_0/inst/ila_lib/inst/ila_core_inst/u_trig/N_DDR_TC.N_DDR_TC_INST[0].U_TC/allx_typeA_match_detection.ltlib_v1_0_0_allx_typeA_inst/DUT/I_WHOLE_SLICE.G_SLICE_IDX[6].U_ALL_SRL_SLICE/I_IS_TERMINATION_SLICE_W_OUTPUT_REG.DOUT_O_reg/D
                            (rising edge-triggered cell FDRE clocked by clk_fpga_0  {rise@0.000ns fall@5.000ns period=10.000ns})
  Path Group:             clk_fpga_0
  Path Type:              Hold (Min at Fast Process Corner)
  Requirement:            0.000ns  (clk_fpga_0 rise@0.000ns - clk_fpga_0 rise@0.000ns)
  Data Path Delay:        0.432ns  (logic 0.340ns (78.741%)  route 0.092ns (21.259%))
  Logic Levels:           3  (CARRY4=2 SRL16E=1)
  Clock Path Skew:        0.350ns (DCD - SCD - CPR)
    Destination Clock Delay (DCD):    1.301ns
    Source Clock Delay      (SCD):    0.916ns
    Clock Pessimism Removal (CPR):    0.035ns

    Location             Delay type                Incr(ns)  Path(ns)    Netlist Resource(s)
  -------------------------------------------------------------------    -------------------
                         (clock clk_fpga_0 rise edge)
                                                      0.000     0.000 r  
    PS7_X0Y0             PS7                          0.000     0.000 r  design_1_i/processing_system7_0/inst/PS7_i/FCLKCLK[0]
                         net (fo=1, routed)           0.310     0.310    design_1_i/processing_system7_0/inst/FCLK_CLK_unbuffered[0]
    BUFGCTRL_X0Y17       BUFG (Prop_bufg_I_O)         0.026     0.336 r  design_1_i/processing_system7_0/inst/buffer_fclk_clk_0.FCLK_CLK_0_BUFG/O
                         net (fo=21728, routed)       0.580     0.916    design_1_i/system_ila_0/inst/ila_lib/inst/ila_core_inst/u_trig/N_DDR_TC.N_DDR_TC_INST[0].U_TC/allx_typeA_match_detection.ltlib_v1_0_0_allx_typeA_inst/I_IS_TERMINATION_SLICE_W_OUTPUT_REG.DOUT_O_reg_0
    SLICE_X67Y99         FDRE                                         r  design_1_i/system_ila_0/inst/ila_lib/inst/ila_core_inst/u_trig/N_DDR_TC.N_DDR_TC_INST[0].U_TC/allx_typeA_match_detection.ltlib_v1_0_0_allx_typeA_inst/probeDelay1_reg[43]/C
  -------------------------------------------------------------------    -------------------
    SLICE_X67Y99         FDRE (Prop_fdre_C_Q)         0.141     1.057 r  design_1_i/system_ila_0/inst/ila_lib/inst/ila_core_inst/u_trig/N_DDR_TC.N_DDR_TC_INST[0].U_TC/allx_typeA_match_detection.ltlib_v1_0_0_allx_typeA_inst/probeDelay1_reg[43]/Q
                         net (fo=2, routed)           0.091     1.148    design_1_i/system_ila_0/inst/ila_lib/inst/ila_core_inst/u_trig/N_DDR_TC.N_DDR_TC_INST[0].U_TC/allx_typeA_match_detection.ltlib_v1_0_0_allx_typeA_inst/DUT/I_WHOLE_SLICE.G_SLICE_IDX[5].U_ALL_SRL_SLICE/u_srlB/I3
    SLICE_X66Y99         SRL16E (Prop_srl16e_A3_Q)    0.048     1.196 r  design_1_i/system_ila_0/inst/ila_lib/inst/ila_core_inst/u_trig/N_DDR_TC.N_DDR_TC_INST[0].U_TC/allx_typeA_match_detection.ltlib_v1_0_0_allx_typeA_inst/DUT/I_WHOLE_SLICE.G_SLICE_IDX[5].U_ALL_SRL_SLICE/u_srlB/S2/Q
                         net (fo=1, routed)           0.000     1.196    design_1_i/system_ila_0/inst/ila_lib/inst/ila_core_inst/u_trig/N_DDR_TC.N_DDR_TC_INST[0].U_TC/allx_typeA_match_detection.ltlib_v1_0_0_allx_typeA_inst/DUT/I_WHOLE_SLICE.G_SLICE_IDX[5].U_ALL_SRL_SLICE/mux_di[1]
    SLICE_X66Y99         CARRY4 (Prop_carry4_DI[1]_CO[3])
                                                      0.111     1.307 r  design_1_i/system_ila_0/inst/ila_lib/inst/ila_core_inst/u_trig/N_DDR_TC.N_DDR_TC_INST[0].U_TC/allx_typeA_match_detection.ltlib_v1_0_0_allx_typeA_inst/DUT/I_WHOLE_SLICE.G_SLICE_IDX[5].U_ALL_SRL_SLICE/u_carry4_inst/CO[3]
                         net (fo=1, routed)           0.001     1.307    design_1_i/system_ila_0/inst/ila_lib/inst/ila_core_inst/u_trig/N_DDR_TC.N_DDR_TC_INST[0].U_TC/allx_typeA_match_detection.ltlib_v1_0_0_allx_typeA_inst/DUT/I_WHOLE_SLICE.G_SLICE_IDX[6].U_ALL_SRL_SLICE/DOUT_O
    SLICE_X66Y100        CARRY4 (Prop_carry4_CI_CO[3])
                                                      0.040     1.347 r  design_1_i/system_ila_0/inst/ila_lib/inst/ila_core_inst/u_trig/N_DDR_TC.N_DDR_TC_INST[0].U_TC/allx_typeA_match_detection.ltlib_v1_0_0_allx_typeA_inst/DUT/I_WHOLE_SLICE.G_SLICE_IDX[6].U_ALL_SRL_SLICE/u_carry4_inst/CO[3]
                         net (fo=1, routed)           0.000     1.347    design_1_i/system_ila_0/inst/ila_lib/inst/ila_core_inst/u_trig/N_DDR_TC.N_DDR_TC_INST[0].U_TC/allx_typeA_match_detection.ltlib_v1_0_0_allx_typeA_inst/DUT/I_WHOLE_SLICE.G_SLICE_IDX[6].U_ALL_SRL_SLICE/muxcy_lo[3]
    SLICE_X66Y100        FDRE                                         r  design_1_i/system_ila_0/inst/ila_lib/inst/ila_core_inst/u_trig/N_DDR_TC.N_DDR_TC_INST[0].U_TC/allx_typeA_match_detection.ltlib_v1_0_0_allx_typeA_inst/DUT/I_WHOLE_SLICE.G_SLICE_IDX[6].U_ALL_SRL_SLICE/I_IS_TERMINATION_SLICE_W_OUTPUT_REG.DOUT_O_reg/D
  -------------------------------------------------------------------    -------------------

                         (clock clk_fpga_0 rise edge)
                                                      0.000     0.000 r  
    PS7_X0Y0             PS7                          0.000     0.000 r  design_1_i/processing_system7_0/inst/PS7_i/FCLKCLK[0]
                         net (fo=1, routed)           0.337     0.337    design_1_i/processing_system7_0/inst/FCLK_CLK_unbuffered[0]
    BUFGCTRL_X0Y17       BUFG (Prop_bufg_I_O)         0.029     0.366 r  design_1_i/processing_system7_0/inst/buffer_fclk_clk_0.FCLK_CLK_0_BUFG/O
                         net (fo=21728, routed)       0.935     1.301    design_1_i/system_ila_0/inst/ila_lib/inst/ila_core_inst/u_trig/N_DDR_TC.N_DDR_TC_INST[0].U_TC/allx_typeA_match_detection.ltlib_v1_0_0_allx_typeA_inst/DUT/I_WHOLE_SLICE.G_SLICE_IDX[6].U_ALL_SRL_SLICE/I_IS_TERMINATION_SLICE_W_OUTPUT_REG.DOUT_O_reg_3
    SLICE_X66Y100        FDRE                                         r  design_1_i/system_ila_0/inst/ila_lib/inst/ila_core_inst/u_trig/N_DDR_TC.N_DDR_TC_INST[0].U_TC/allx_typeA_match_detection.ltlib_v1_0_0_allx_typeA_inst/DUT/I_WHOLE_SLICE.G_SLICE_IDX[6].U_ALL_SRL_SLICE/I_IS_TERMINATION_SLICE_W_OUTPUT_REG.DOUT_O_reg/C
                         clock pessimism             -0.035     1.266    
    SLICE_X66Y100        FDRE (Hold_fdre_C_D)         0.055     1.321    design_1_i/system_ila_0/inst/ila_lib/inst/ila_core_inst/u_trig/N_DDR_TC.N_DDR_TC_INST[0].U_TC/allx_typeA_match_detection.ltlib_v1_0_0_allx_typeA_inst/DUT/I_WHOLE_SLICE.G_SLICE_IDX[6].U_ALL_SRL_SLICE/I_IS_TERMINATION_SLICE_W_OUTPUT_REG.DOUT_O_reg
  -------------------------------------------------------------------
                         required time                         -1.321    
                         arrival time                           1.347    
  -------------------------------------------------------------------
                         slack                                  0.026    

Slack (MET) :             0.031ns  (arrival time - required time)
  Source:                 design_1_i/axi_dma_0/U0/I_PRMRY_DATAMOVER/GEN_S2MM_FULL.I_S2MM_FULL_WRAPPER/I_CMD_STATUS/I_CMD_FIFO/USE_SINGLE_REG.sig_regfifo_dout_reg_reg[41]/C
                            (rising edge-triggered cell FDRE clocked by clk_fpga_0  {rise@0.000ns fall@5.000ns period=10.000ns})
  Destination:            design_1_i/axi_dma_0/U0/I_PRMRY_DATAMOVER/GEN_S2MM_FULL.I_S2MM_FULL_WRAPPER/GEN_INCLUDE_IBTTCC.I_S2MM_MSTR_IBTTCC/sig_input_addr_reg_reg[6]/D
                            (rising edge-triggered cell FDRE clocked by clk_fpga_0  {rise@0.000ns fall@5.000ns period=10.000ns})
  Path Group:             clk_fpga_0
  Path Type:              Hold (Min at Fast Process Corner)
  Requirement:            0.000ns  (clk_fpga_0 rise@0.000ns - clk_fpga_0 rise@0.000ns)
  Data Path Delay:        0.360ns  (logic 0.141ns (39.118%)  route 0.219ns (60.882%))
  Logic Levels:           0  
  Clock Path Skew:        0.259ns (DCD - SCD - CPR)
    Destination Clock Delay (DCD):    1.272ns
    Source Clock Delay      (SCD):    0.974ns
    Clock Pessimism Removal (CPR):    0.039ns

    Location             Delay type                Incr(ns)  Path(ns)    Netlist Resource(s)
  -------------------------------------------------------------------    -------------------
                         (clock clk_fpga_0 rise edge)
                                                      0.000     0.000 r  
    PS7_X0Y0             PS7                          0.000     0.000 r  design_1_i/processing_system7_0/inst/PS7_i/FCLKCLK[0]
                         net (fo=1, routed)           0.310     0.310    design_1_i/processing_system7_0/inst/FCLK_CLK_unbuffered[0]
    BUFGCTRL_X0Y17       BUFG (Prop_bufg_I_O)         0.026     0.336 r  design_1_i/processing_system7_0/inst/buffer_fclk_clk_0.FCLK_CLK_0_BUFG/O
                         net (fo=21728, routed)       0.638     0.974    design_1_i/axi_dma_0/U0/I_PRMRY_DATAMOVER/GEN_S2MM_FULL.I_S2MM_FULL_WRAPPER/I_CMD_STATUS/I_CMD_FIFO/m_axi_s2mm_aclk
    SLICE_X44Y103        FDRE                                         r  design_1_i/axi_dma_0/U0/I_PRMRY_DATAMOVER/GEN_S2MM_FULL.I_S2MM_FULL_WRAPPER/I_CMD_STATUS/I_CMD_FIFO/USE_SINGLE_REG.sig_regfifo_dout_reg_reg[41]/C
  -------------------------------------------------------------------    -------------------
    SLICE_X44Y103        FDRE (Prop_fdre_C_Q)         0.141     1.115 r  design_1_i/axi_dma_0/U0/I_PRMRY_DATAMOVER/GEN_S2MM_FULL.I_S2MM_FULL_WRAPPER/I_CMD_STATUS/I_CMD_FIFO/USE_SINGLE_REG.sig_regfifo_dout_reg_reg[41]/Q
                         net (fo=1, routed)           0.219     1.334    design_1_i/axi_dma_0/U0/I_PRMRY_DATAMOVER/GEN_S2MM_FULL.I_S2MM_FULL_WRAPPER/GEN_INCLUDE_IBTTCC.I_S2MM_MSTR_IBTTCC/Q[31]
    SLICE_X51Y104        FDRE                                         r  design_1_i/axi_dma_0/U0/I_PRMRY_DATAMOVER/GEN_S2MM_FULL.I_S2MM_FULL_WRAPPER/GEN_INCLUDE_IBTTCC.I_S2MM_MSTR_IBTTCC/sig_input_addr_reg_reg[6]/D
  -------------------------------------------------------------------    -------------------

                         (clock clk_fpga_0 rise edge)
                                                      0.000     0.000 r  
    PS7_X0Y0             PS7                          0.000     0.000 r  design_1_i/processing_system7_0/inst/PS7_i/FCLKCLK[0]
                         net (fo=1, routed)           0.337     0.337    design_1_i/processing_system7_0/inst/FCLK_CLK_unbuffered[0]
    BUFGCTRL_X0Y17       BUFG (Prop_bufg_I_O)         0.029     0.366 r  design_1_i/processing_system7_0/inst/buffer_fclk_clk_0.FCLK_CLK_0_BUFG/O
                         net (fo=21728, routed)       0.906     1.272    design_1_i/axi_dma_0/U0/I_PRMRY_DATAMOVER/GEN_S2MM_FULL.I_S2MM_FULL_WRAPPER/GEN_INCLUDE_IBTTCC.I_S2MM_MSTR_IBTTCC/m_axi_s2mm_aclk
    SLICE_X51Y104        FDRE                                         r  design_1_i/axi_dma_0/U0/I_PRMRY_DATAMOVER/GEN_S2MM_FULL.I_S2MM_FULL_WRAPPER/GEN_INCLUDE_IBTTCC.I_S2MM_MSTR_IBTTCC/sig_input_addr_reg_reg[6]/C
                         clock pessimism             -0.039     1.233    
    SLICE_X51Y104        FDRE (Hold_fdre_C_D)         0.070     1.303    design_1_i/axi_dma_0/U0/I_PRMRY_DATAMOVER/GEN_S2MM_FULL.I_S2MM_FULL_WRAPPER/GEN_INCLUDE_IBTTCC.I_S2MM_MSTR_IBTTCC/sig_input_addr_reg_reg[6]
  -------------------------------------------------------------------
                         required time                         -1.303    
                         arrival time                           1.334    
  -------------------------------------------------------------------
                         slack                                  0.031    

Slack (MET) :             0.034ns  (arrival time - required time)
  Source:                 design_1_i/axi_dma_0/U0/I_PRMRY_DATAMOVER/GEN_S2MM_FULL.I_S2MM_FULL_WRAPPER/GEN_INCLUDE_IBTTCC.I_S2MM_MSTR_IBTTCC/sig_input_addr_reg_reg[8]/C
                            (rising edge-triggered cell FDRE clocked by clk_fpga_0  {rise@0.000ns fall@5.000ns period=10.000ns})
  Destination:            design_1_i/axi_dma_0/U0/I_PRMRY_DATAMOVER/GEN_S2MM_FULL.I_S2MM_FULL_WRAPPER/GEN_INCLUDE_IBTTCC.I_S2MM_MSTR_IBTTCC/sig_child_addr_reg_reg[8]/D
                            (rising edge-triggered cell FDRE clocked by clk_fpga_0  {rise@0.000ns fall@5.000ns period=10.000ns})
  Path Group:             clk_fpga_0
  Path Type:              Hold (Min at Fast Process Corner)
  Requirement:            0.000ns  (clk_fpga_0 rise@0.000ns - clk_fpga_0 rise@0.000ns)
  Data Path Delay:        0.315ns  (logic 0.128ns (40.645%)  route 0.187ns (59.355%))
  Logic Levels:           0  
  Clock Path Skew:        0.259ns (DCD - SCD - CPR)
    Destination Clock Delay (DCD):    1.187ns
    Source Clock Delay      (SCD):    0.893ns
    Clock Pessimism Removal (CPR):    0.035ns

    Location             Delay type                Incr(ns)  Path(ns)    Netlist Resource(s)
  -------------------------------------------------------------------    -------------------
                         (clock clk_fpga_0 rise edge)
                                                      0.000     0.000 r  
    PS7_X0Y0             PS7                          0.000     0.000 r  design_1_i/processing_system7_0/inst/PS7_i/FCLKCLK[0]
                         net (fo=1, routed)           0.310     0.310    design_1_i/processing_system7_0/inst/FCLK_CLK_unbuffered[0]
    BUFGCTRL_X0Y17       BUFG (Prop_bufg_I_O)         0.026     0.336 r  design_1_i/processing_system7_0/inst/buffer_fclk_clk_0.FCLK_CLK_0_BUFG/O
                         net (fo=21728, routed)       0.557     0.893    design_1_i/axi_dma_0/U0/I_PRMRY_DATAMOVER/GEN_S2MM_FULL.I_S2MM_FULL_WRAPPER/GEN_INCLUDE_IBTTCC.I_S2MM_MSTR_IBTTCC/m_axi_s2mm_aclk
    SLICE_X44Y99         FDRE                                         r  design_1_i/axi_dma_0/U0/I_PRMRY_DATAMOVER/GEN_S2MM_FULL.I_S2MM_FULL_WRAPPER/GEN_INCLUDE_IBTTCC.I_S2MM_MSTR_IBTTCC/sig_input_addr_reg_reg[8]/C
  -------------------------------------------------------------------    -------------------
    SLICE_X44Y99         FDRE (Prop_fdre_C_Q)         0.128     1.021 r  design_1_i/axi_dma_0/U0/I_PRMRY_DATAMOVER/GEN_S2MM_FULL.I_S2MM_FULL_WRAPPER/GEN_INCLUDE_IBTTCC.I_S2MM_MSTR_IBTTCC/sig_input_addr_reg_reg[8]/Q
                         net (fo=1, routed)           0.187     1.208    design_1_i/axi_dma_0/U0/I_PRMRY_DATAMOVER/GEN_S2MM_FULL.I_S2MM_FULL_WRAPPER/GEN_INCLUDE_IBTTCC.I_S2MM_MSTR_IBTTCC/sig_input_addr_reg[8]
    SLICE_X51Y98         FDRE                                         r  design_1_i/axi_dma_0/U0/I_PRMRY_DATAMOVER/GEN_S2MM_FULL.I_S2MM_FULL_WRAPPER/GEN_INCLUDE_IBTTCC.I_S2MM_MSTR_IBTTCC/sig_child_addr_reg_reg[8]/D
  -------------------------------------------------------------------    -------------------

                         (clock clk_fpga_0 rise edge)
                                                      0.000     0.000 r  
    PS7_X0Y0             PS7                          0.000     0.000 r  design_1_i/processing_system7_0/inst/PS7_i/FCLKCLK[0]
                         net (fo=1, routed)           0.337     0.337    design_1_i/processing_system7_0/inst/FCLK_CLK_unbuffered[0]
    BUFGCTRL_X0Y17       BUFG (Prop_bufg_I_O)         0.029     0.366 r  design_1_i/processing_system7_0/inst/buffer_fclk_clk_0.FCLK_CLK_0_BUFG/O
                         net (fo=21728, routed)       0.821     1.187    design_1_i/axi_dma_0/U0/I_PRMRY_DATAMOVER/GEN_S2MM_FULL.I_S2MM_FULL_WRAPPER/GEN_INCLUDE_IBTTCC.I_S2MM_MSTR_IBTTCC/m_axi_s2mm_aclk
    SLICE_X51Y98         FDRE                                         r  design_1_i/axi_dma_0/U0/I_PRMRY_DATAMOVER/GEN_S2MM_FULL.I_S2MM_FULL_WRAPPER/GEN_INCLUDE_IBTTCC.I_S2MM_MSTR_IBTTCC/sig_child_addr_reg_reg[8]/C
                         clock pessimism             -0.035     1.152    
    SLICE_X51Y98         FDRE (Hold_fdre_C_D)         0.022     1.174    design_1_i/axi_dma_0/U0/I_PRMRY_DATAMOVER/GEN_S2MM_FULL.I_S2MM_FULL_WRAPPER/GEN_INCLUDE_IBTTCC.I_S2MM_MSTR_IBTTCC/sig_child_addr_reg_reg[8]
  -------------------------------------------------------------------
                         required time                         -1.174    
                         arrival time                           1.208    
  -------------------------------------------------------------------
                         slack                                  0.034    

Slack (MET) :             0.034ns  (arrival time - required time)
  Source:                 design_1_i/axi_dma_0/U0/I_PRMRY_DATAMOVER/GEN_S2MM_FULL.I_S2MM_FULL_WRAPPER/I_CMD_STATUS/I_CMD_FIFO/USE_SINGLE_REG.sig_regfifo_dout_reg_reg[26]/C
                            (rising edge-triggered cell FDRE clocked by clk_fpga_0  {rise@0.000ns fall@5.000ns period=10.000ns})
  Destination:            design_1_i/axi_dma_0/U0/I_PRMRY_DATAMOVER/GEN_S2MM_FULL.I_S2MM_FULL_WRAPPER/GEN_INCLUDE_IBTTCC.I_S2MM_MSTR_IBTTCC/sig_input_burst_type_reg_reg/D
                            (rising edge-triggered cell FDRE clocked by clk_fpga_0  {rise@0.000ns fall@5.000ns period=10.000ns})
  Path Group:             clk_fpga_0
  Path Type:              Hold (Min at Fast Process Corner)
  Requirement:            0.000ns  (clk_fpga_0 rise@0.000ns - clk_fpga_0 rise@0.000ns)
  Data Path Delay:        0.360ns  (logic 0.141ns (39.114%)  route 0.219ns (60.886%))
  Logic Levels:           0  
  Clock Path Skew:        0.260ns (DCD - SCD - CPR)
    Destination Clock Delay (DCD):    1.273ns
    Source Clock Delay      (SCD):    0.974ns
    Clock Pessimism Removal (CPR):    0.039ns

    Location             Delay type                Incr(ns)  Path(ns)    Netlist Resource(s)
  -------------------------------------------------------------------    -------------------
                         (clock clk_fpga_0 rise edge)
                                                      0.000     0.000 r  
    PS7_X0Y0             PS7                          0.000     0.000 r  design_1_i/processing_system7_0/inst/PS7_i/FCLKCLK[0]
                         net (fo=1, routed)           0.310     0.310    design_1_i/processing_system7_0/inst/FCLK_CLK_unbuffered[0]
    BUFGCTRL_X0Y17       BUFG (Prop_bufg_I_O)         0.026     0.336 r  design_1_i/processing_system7_0/inst/buffer_fclk_clk_0.FCLK_CLK_0_BUFG/O
                         net (fo=21728, routed)       0.638     0.974    design_1_i/axi_dma_0/U0/I_PRMRY_DATAMOVER/GEN_S2MM_FULL.I_S2MM_FULL_WRAPPER/I_CMD_STATUS/I_CMD_FIFO/m_axi_s2mm_aclk
    SLICE_X44Y103        FDRE                                         r  design_1_i/axi_dma_0/U0/I_PRMRY_DATAMOVER/GEN_S2MM_FULL.I_S2MM_FULL_WRAPPER/I_CMD_STATUS/I_CMD_FIFO/USE_SINGLE_REG.sig_regfifo_dout_reg_reg[26]/C
  -------------------------------------------------------------------    -------------------
    SLICE_X44Y103        FDRE (Prop_fdre_C_Q)         0.141     1.115 r  design_1_i/axi_dma_0/U0/I_PRMRY_DATAMOVER/GEN_S2MM_FULL.I_S2MM_FULL_WRAPPER/I_CMD_STATUS/I_CMD_FIFO/USE_SINGLE_REG.sig_regfifo_dout_reg_reg[26]/Q
                         net (fo=1, routed)           0.219     1.334    design_1_i/axi_dma_0/U0/I_PRMRY_DATAMOVER/GEN_S2MM_FULL.I_S2MM_FULL_WRAPPER/GEN_INCLUDE_IBTTCC.I_S2MM_MSTR_IBTTCC/Q[23]
    SLICE_X51Y102        FDRE                                         r  design_1_i/axi_dma_0/U0/I_PRMRY_DATAMOVER/GEN_S2MM_FULL.I_S2MM_FULL_WRAPPER/GEN_INCLUDE_IBTTCC.I_S2MM_MSTR_IBTTCC/sig_input_burst_type_reg_reg/D
  -------------------------------------------------------------------    -------------------

                         (clock clk_fpga_0 rise edge)
                                                      0.000     0.000 r  
    PS7_X0Y0             PS7                          0.000     0.000 r  design_1_i/processing_system7_0/inst/PS7_i/FCLKCLK[0]
                         net (fo=1, routed)           0.337     0.337    design_1_i/processing_system7_0/inst/FCLK_CLK_unbuffered[0]
    BUFGCTRL_X0Y17       BUFG (Prop_bufg_I_O)         0.029     0.366 r  design_1_i/processing_system7_0/inst/buffer_fclk_clk_0.FCLK_CLK_0_BUFG/O
                         net (fo=21728, routed)       0.907     1.273    design_1_i/axi_dma_0/U0/I_PRMRY_DATAMOVER/GEN_S2MM_FULL.I_S2MM_FULL_WRAPPER/GEN_INCLUDE_IBTTCC.I_S2MM_MSTR_IBTTCC/m_axi_s2mm_aclk
    SLICE_X51Y102        FDRE                                         r  design_1_i/axi_dma_0/U0/I_PRMRY_DATAMOVER/GEN_S2MM_FULL.I_S2MM_FULL_WRAPPER/GEN_INCLUDE_IBTTCC.I_S2MM_MSTR_IBTTCC/sig_input_burst_type_reg_reg/C
                         clock pessimism             -0.039     1.234    
    SLICE_X51Y102        FDRE (Hold_fdre_C_D)         0.066     1.300    design_1_i/axi_dma_0/U0/I_PRMRY_DATAMOVER/GEN_S2MM_FULL.I_S2MM_FULL_WRAPPER/GEN_INCLUDE_IBTTCC.I_S2MM_MSTR_IBTTCC/sig_input_burst_type_reg_reg
  -------------------------------------------------------------------
                         required time                         -1.300    
                         arrival time                           1.334    
  -------------------------------------------------------------------
                         slack                                  0.034    

Slack (MET) :             0.035ns  (arrival time - required time)
  Source:                 design_1_i/axi_dma_0/U0/I_PRMRY_DATAMOVER/GEN_S2MM_FULL.I_S2MM_FULL_WRAPPER/GEN_ENABLE_INDET_BTT_SF.I_INDET_BTT/INCLUDE_PACKING.DO_REG_SLICES[1].lsig_data_slice_reg_reg[1][22]/C
                            (rising edge-triggered cell FDRE clocked by clk_fpga_0  {rise@0.000ns fall@5.000ns period=10.000ns})
  Destination:            design_1_i/axi_dma_0/U0/I_PRMRY_DATAMOVER/GEN_S2MM_FULL.I_S2MM_FULL_WRAPPER/GEN_ENABLE_INDET_BTT_SF.I_INDET_BTT/I_DATA_FIFO/BLK_MEM.I_SYNC_FIFOGEN_FIFO/xpm_fifo_instance.xpm_fifo_sync_inst/xpm_fifo_base_inst/gen_sdpram.xpm_memory_base_inst/gen_wr_a.gen_word_narrow.mem_reg_0/DIBDI[22]
                            (rising edge-triggered cell RAMB36E1 clocked by clk_fpga_0  {rise@0.000ns fall@5.000ns period=10.000ns})
  Path Group:             clk_fpga_0
  Path Type:              Hold (Min at Fast Process Corner)
  Requirement:            0.000ns  (clk_fpga_0 rise@0.000ns - clk_fpga_0 rise@0.000ns)
  Data Path Delay:        0.383ns  (logic 0.164ns (42.814%)  route 0.219ns (57.186%))
  Logic Levels:           0  
  Clock Path Skew:        0.052ns (DCD - SCD - CPR)
    Destination Clock Delay (DCD):    1.238ns
    Source Clock Delay      (SCD):    0.903ns
    Clock Pessimism Removal (CPR):    0.283ns

    Location             Delay type                Incr(ns)  Path(ns)    Netlist Resource(s)
  -------------------------------------------------------------------    -------------------
                         (clock clk_fpga_0 rise edge)
                                                      0.000     0.000 r  
    PS7_X0Y0             PS7                          0.000     0.000 r  design_1_i/processing_system7_0/inst/PS7_i/FCLKCLK[0]
                         net (fo=1, routed)           0.310     0.310    design_1_i/processing_system7_0/inst/FCLK_CLK_unbuffered[0]
    BUFGCTRL_X0Y17       BUFG (Prop_bufg_I_O)         0.026     0.336 r  design_1_i/processing_system7_0/inst/buffer_fclk_clk_0.FCLK_CLK_0_BUFG/O
                         net (fo=21728, routed)       0.567     0.903    design_1_i/axi_dma_0/U0/I_PRMRY_DATAMOVER/GEN_S2MM_FULL.I_S2MM_FULL_WRAPPER/GEN_ENABLE_INDET_BTT_SF.I_INDET_BTT/m_axi_s2mm_aclk
    SLICE_X54Y79         FDRE                                         r  design_1_i/axi_dma_0/U0/I_PRMRY_DATAMOVER/GEN_S2MM_FULL.I_S2MM_FULL_WRAPPER/GEN_ENABLE_INDET_BTT_SF.I_INDET_BTT/INCLUDE_PACKING.DO_REG_SLICES[1].lsig_data_slice_reg_reg[1][22]/C
  -------------------------------------------------------------------    -------------------
    SLICE_X54Y79         FDRE (Prop_fdre_C_Q)         0.164     1.067 r  design_1_i/axi_dma_0/U0/I_PRMRY_DATAMOVER/GEN_S2MM_FULL.I_S2MM_FULL_WRAPPER/GEN_ENABLE_INDET_BTT_SF.I_INDET_BTT/INCLUDE_PACKING.DO_REG_SLICES[1].lsig_data_slice_reg_reg[1][22]/Q
                         net (fo=1, routed)           0.219     1.286    design_1_i/axi_dma_0/U0/I_PRMRY_DATAMOVER/GEN_S2MM_FULL.I_S2MM_FULL_WRAPPER/GEN_ENABLE_INDET_BTT_SF.I_INDET_BTT/I_DATA_FIFO/BLK_MEM.I_SYNC_FIFOGEN_FIFO/xpm_fifo_instance.xpm_fifo_sync_inst/xpm_fifo_base_inst/gen_sdpram.xpm_memory_base_inst/dina[54]
    RAMB36_X3Y15         RAMB36E1                                     r  design_1_i/axi_dma_0/U0/I_PRMRY_DATAMOVER/GEN_S2MM_FULL.I_S2MM_FULL_WRAPPER/GEN_ENABLE_INDET_BTT_SF.I_INDET_BTT/I_DATA_FIFO/BLK_MEM.I_SYNC_FIFOGEN_FIFO/xpm_fifo_instance.xpm_fifo_sync_inst/xpm_fifo_base_inst/gen_sdpram.xpm_memory_base_inst/gen_wr_a.gen_word_narrow.mem_reg_0/DIBDI[22]
  -------------------------------------------------------------------    -------------------

                         (clock clk_fpga_0 rise edge)
                                                      0.000     0.000 r  
    PS7_X0Y0             PS7                          0.000     0.000 r  design_1_i/processing_system7_0/inst/PS7_i/FCLKCLK[0]
                         net (fo=1, routed)           0.337     0.337    design_1_i/processing_system7_0/inst/FCLK_CLK_unbuffered[0]
    BUFGCTRL_X0Y17       BUFG (Prop_bufg_I_O)         0.029     0.366 r  design_1_i/processing_system7_0/inst/buffer_fclk_clk_0.FCLK_CLK_0_BUFG/O
                         net (fo=21728, routed)       0.872     1.238    design_1_i/axi_dma_0/U0/I_PRMRY_DATAMOVER/GEN_S2MM_FULL.I_S2MM_FULL_WRAPPER/GEN_ENABLE_INDET_BTT_SF.I_INDET_BTT/I_DATA_FIFO/BLK_MEM.I_SYNC_FIFOGEN_FIFO/xpm_fifo_instance.xpm_fifo_sync_inst/xpm_fifo_base_inst/gen_sdpram.xpm_memory_base_inst/clka
    RAMB36_X3Y15         RAMB36E1                                     r  design_1_i/axi_dma_0/U0/I_PRMRY_DATAMOVER/GEN_S2MM_FULL.I_S2MM_FULL_WRAPPER/GEN_ENABLE_INDET_BTT_SF.I_INDET_BTT/I_DATA_FIFO/BLK_MEM.I_SYNC_FIFOGEN_FIFO/xpm_fifo_instance.xpm_fifo_sync_inst/xpm_fifo_base_inst/gen_sdpram.xpm_memory_base_inst/gen_wr_a.gen_word_narrow.mem_reg_0/CLKBWRCLK
                         clock pessimism             -0.283     0.955    
    RAMB36_X3Y15         RAMB36E1 (Hold_ramb36e1_CLKBWRCLK_DIBDI[22])
                                                      0.296     1.251    design_1_i/axi_dma_0/U0/I_PRMRY_DATAMOVER/GEN_S2MM_FULL.I_S2MM_FULL_WRAPPER/GEN_ENABLE_INDET_BTT_SF.I_INDET_BTT/I_DATA_FIFO/BLK_MEM.I_SYNC_FIFOGEN_FIFO/xpm_fifo_instance.xpm_fifo_sync_inst/xpm_fifo_base_inst/gen_sdpram.xpm_memory_base_inst/gen_wr_a.gen_word_narrow.mem_reg_0
  -------------------------------------------------------------------
                         required time                         -1.251    
                         arrival time                           1.286    
  -------------------------------------------------------------------
                         slack                                  0.035    

Slack (MET) :             0.035ns  (arrival time - required time)
  Source:                 design_1_i/axi_smc/inst/s01_nodes/s01_w_node/inst/inst_mi_handler/gen_normal_area.inst_fifo_node_payld/gen_xpm_memory_fifo.inst_fifo/gen_mem_rep[0].inst_xpm_memory/xpm_memory_base_inst/gen_rd_b.doutb_reg_reg[39]/C
                            (rising edge-triggered cell FDRE clocked by clk_fpga_0  {rise@0.000ns fall@5.000ns period=10.000ns})
  Destination:            design_1_i/axi_smc/inst/switchboards/w_switchboard/inst/gen_mi[0].inst_opipe_payld/gen_pipe[1].pipe_reg[1][39]/D
                            (rising edge-triggered cell FDRE clocked by clk_fpga_0  {rise@0.000ns fall@5.000ns period=10.000ns})
  Path Group:             clk_fpga_0
  Path Type:              Hold (Min at Fast Process Corner)
  Requirement:            0.000ns  (clk_fpga_0 rise@0.000ns - clk_fpga_0 rise@0.000ns)
  Data Path Delay:        0.347ns  (logic 0.164ns (47.215%)  route 0.183ns (52.785%))
  Logic Levels:           0  
  Clock Path Skew:        0.265ns (DCD - SCD - CPR)
    Destination Clock Delay (DCD):    1.178ns
    Source Clock Delay      (SCD):    0.878ns
    Clock Pessimism Removal (CPR):    0.035ns

    Location             Delay type                Incr(ns)  Path(ns)    Netlist Resource(s)
  -------------------------------------------------------------------    -------------------
                         (clock clk_fpga_0 rise edge)
                                                      0.000     0.000 r  
    PS7_X0Y0             PS7                          0.000     0.000 r  design_1_i/processing_system7_0/inst/PS7_i/FCLKCLK[0]
                         net (fo=1, routed)           0.310     0.310    design_1_i/processing_system7_0/inst/FCLK_CLK_unbuffered[0]
    BUFGCTRL_X0Y17       BUFG (Prop_bufg_I_O)         0.026     0.336 r  design_1_i/processing_system7_0/inst/buffer_fclk_clk_0.FCLK_CLK_0_BUFG/O
                         net (fo=21728, routed)       0.542     0.878    design_1_i/axi_smc/inst/s01_nodes/s01_w_node/inst/inst_mi_handler/gen_normal_area.inst_fifo_node_payld/gen_xpm_memory_fifo.inst_fifo/gen_mem_rep[0].inst_xpm_memory/xpm_memory_base_inst/clka
    SLICE_X50Y77         FDRE                                         r  design_1_i/axi_smc/inst/s01_nodes/s01_w_node/inst/inst_mi_handler/gen_normal_area.inst_fifo_node_payld/gen_xpm_memory_fifo.inst_fifo/gen_mem_rep[0].inst_xpm_memory/xpm_memory_base_inst/gen_rd_b.doutb_reg_reg[39]/C
  -------------------------------------------------------------------    -------------------
    SLICE_X50Y77         FDRE (Prop_fdre_C_Q)         0.164     1.042 r  design_1_i/axi_smc/inst/s01_nodes/s01_w_node/inst/inst_mi_handler/gen_normal_area.inst_fifo_node_payld/gen_xpm_memory_fifo.inst_fifo/gen_mem_rep[0].inst_xpm_memory/xpm_memory_base_inst/gen_rd_b.doutb_reg_reg[39]/Q
                         net (fo=1, routed)           0.183     1.225    design_1_i/axi_smc/inst/switchboards/w_switchboard/inst/gen_mi[0].inst_opipe_payld/s_sc_payld[38]
    SLICE_X43Y78         FDRE                                         r  design_1_i/axi_smc/inst/switchboards/w_switchboard/inst/gen_mi[0].inst_opipe_payld/gen_pipe[1].pipe_reg[1][39]/D
  -------------------------------------------------------------------    -------------------

                         (clock clk_fpga_0 rise edge)
                                                      0.000     0.000 r  
    PS7_X0Y0             PS7                          0.000     0.000 r  design_1_i/processing_system7_0/inst/PS7_i/FCLKCLK[0]
                         net (fo=1, routed)           0.337     0.337    design_1_i/processing_system7_0/inst/FCLK_CLK_unbuffered[0]
    BUFGCTRL_X0Y17       BUFG (Prop_bufg_I_O)         0.029     0.366 r  design_1_i/processing_system7_0/inst/buffer_fclk_clk_0.FCLK_CLK_0_BUFG/O
                         net (fo=21728, routed)       0.812     1.178    design_1_i/axi_smc/inst/switchboards/w_switchboard/inst/gen_mi[0].inst_opipe_payld/aclk
    SLICE_X43Y78         FDRE                                         r  design_1_i/axi_smc/inst/switchboards/w_switchboard/inst/gen_mi[0].inst_opipe_payld/gen_pipe[1].pipe_reg[1][39]/C
                         clock pessimism             -0.035     1.143    
    SLICE_X43Y78         FDRE (Hold_fdre_C_D)         0.047     1.190    design_1_i/axi_smc/inst/switchboards/w_switchboard/inst/gen_mi[0].inst_opipe_payld/gen_pipe[1].pipe_reg[1][39]
  -------------------------------------------------------------------
                         required time                         -1.190    
                         arrival time                           1.225    
  -------------------------------------------------------------------
                         slack                                  0.035    

Slack (MET) :             0.035ns  (arrival time - required time)
  Source:                 design_1_i/axi_smc/inst/s01_nodes/s01_w_node/inst/inst_mi_handler/gen_normal_area.inst_fifo_node_payld/gen_xpm_memory_fifo.inst_fifo/gen_mem_rep[0].inst_xpm_memory/xpm_memory_base_inst/gen_rd_b.doutb_reg_reg[33]/C
                            (rising edge-triggered cell FDRE clocked by clk_fpga_0  {rise@0.000ns fall@5.000ns period=10.000ns})
  Destination:            design_1_i/axi_smc/inst/switchboards/w_switchboard/inst/gen_mi[0].inst_opipe_payld/gen_pipe[1].pipe_reg[1][33]/D
                            (rising edge-triggered cell FDRE clocked by clk_fpga_0  {rise@0.000ns fall@5.000ns period=10.000ns})
  Path Group:             clk_fpga_0
  Path Type:              Hold (Min at Fast Process Corner)
  Requirement:            0.000ns  (clk_fpga_0 rise@0.000ns - clk_fpga_0 rise@0.000ns)
  Data Path Delay:        0.367ns  (logic 0.164ns (44.733%)  route 0.203ns (55.267%))
  Logic Levels:           0  
  Clock Path Skew:        0.265ns (DCD - SCD - CPR)
    Destination Clock Delay (DCD):    1.179ns
    Source Clock Delay      (SCD):    0.879ns
    Clock Pessimism Removal (CPR):    0.035ns

    Location             Delay type                Incr(ns)  Path(ns)    Netlist Resource(s)
  -------------------------------------------------------------------    -------------------
                         (clock clk_fpga_0 rise edge)
                                                      0.000     0.000 r  
    PS7_X0Y0             PS7                          0.000     0.000 r  design_1_i/processing_system7_0/inst/PS7_i/FCLKCLK[0]
                         net (fo=1, routed)           0.310     0.310    design_1_i/processing_system7_0/inst/FCLK_CLK_unbuffered[0]
    BUFGCTRL_X0Y17       BUFG (Prop_bufg_I_O)         0.026     0.336 r  design_1_i/processing_system7_0/inst/buffer_fclk_clk_0.FCLK_CLK_0_BUFG/O
                         net (fo=21728, routed)       0.543     0.879    design_1_i/axi_smc/inst/s01_nodes/s01_w_node/inst/inst_mi_handler/gen_normal_area.inst_fifo_node_payld/gen_xpm_memory_fifo.inst_fifo/gen_mem_rep[0].inst_xpm_memory/xpm_memory_base_inst/clka
    SLICE_X50Y79         FDRE                                         r  design_1_i/axi_smc/inst/s01_nodes/s01_w_node/inst/inst_mi_handler/gen_normal_area.inst_fifo_node_payld/gen_xpm_memory_fifo.inst_fifo/gen_mem_rep[0].inst_xpm_memory/xpm_memory_base_inst/gen_rd_b.doutb_reg_reg[33]/C
  -------------------------------------------------------------------    -------------------
    SLICE_X50Y79         FDRE (Prop_fdre_C_Q)         0.164     1.043 r  design_1_i/axi_smc/inst/s01_nodes/s01_w_node/inst/inst_mi_handler/gen_normal_area.inst_fifo_node_payld/gen_xpm_memory_fifo.inst_fifo/gen_mem_rep[0].inst_xpm_memory/xpm_memory_base_inst/gen_rd_b.doutb_reg_reg[33]/Q
                         net (fo=1, routed)           0.203     1.245    design_1_i/axi_smc/inst/switchboards/w_switchboard/inst/gen_mi[0].inst_opipe_payld/s_sc_payld[32]
    SLICE_X44Y79         FDRE                                         r  design_1_i/axi_smc/inst/switchboards/w_switchboard/inst/gen_mi[0].inst_opipe_payld/gen_pipe[1].pipe_reg[1][33]/D
  -------------------------------------------------------------------    -------------------

                         (clock clk_fpga_0 rise edge)
                                                      0.000     0.000 r  
    PS7_X0Y0             PS7                          0.000     0.000 r  design_1_i/processing_system7_0/inst/PS7_i/FCLKCLK[0]
                         net (fo=1, routed)           0.337     0.337    design_1_i/processing_system7_0/inst/FCLK_CLK_unbuffered[0]
    BUFGCTRL_X0Y17       BUFG (Prop_bufg_I_O)         0.029     0.366 r  design_1_i/processing_system7_0/inst/buffer_fclk_clk_0.FCLK_CLK_0_BUFG/O
                         net (fo=21728, routed)       0.813     1.179    design_1_i/axi_smc/inst/switchboards/w_switchboard/inst/gen_mi[0].inst_opipe_payld/aclk
    SLICE_X44Y79         FDRE                                         r  design_1_i/axi_smc/inst/switchboards/w_switchboard/inst/gen_mi[0].inst_opipe_payld/gen_pipe[1].pipe_reg[1][33]/C
                         clock pessimism             -0.035     1.144    
    SLICE_X44Y79         FDRE (Hold_fdre_C_D)         0.066     1.210    design_1_i/axi_smc/inst/switchboards/w_switchboard/inst/gen_mi[0].inst_opipe_payld/gen_pipe[1].pipe_reg[1][33]
  -------------------------------------------------------------------
                         required time                         -1.210    
                         arrival time                           1.245    
  -------------------------------------------------------------------
                         slack                                  0.035    

Slack (MET) :             0.036ns  (arrival time - required time)
  Source:                 design_1_i/xfft_0/U0/i_synth/axi_wrapper/data_in_channel_fifo/gen_non_real_time.gen_has_skid_buffer.data_out_2_reg[28]/C
                            (rising edge-triggered cell FDRE clocked by clk_fpga_0  {rise@0.000ns fall@5.000ns period=10.000ns})
  Destination:            design_1_i/xfft_0/U0/i_synth/xfft_inst/floating_point.xfft_inst/input_delay_re/no_sclr_lut.real_shift_ram.use_baseblock.use_hlutnm_srls.srl_loop[13].i_srl16e1/D
                            (rising edge-triggered cell SRL16E clocked by clk_fpga_0  {rise@0.000ns fall@5.000ns period=10.000ns})
  Path Group:             clk_fpga_0
  Path Type:              Hold (Min at Fast Process Corner)
  Requirement:            0.000ns  (clk_fpga_0 rise@0.000ns - clk_fpga_0 rise@0.000ns)
  Data Path Delay:        0.354ns  (logic 0.128ns (36.162%)  route 0.226ns (63.838%))
  Logic Levels:           0  
  Clock Path Skew:        0.262ns (DCD - SCD - CPR)
    Destination Clock Delay (DCD):    1.191ns
    Source Clock Delay      (SCD):    0.899ns
    Clock Pessimism Removal (CPR):    0.030ns

    Location             Delay type                Incr(ns)  Path(ns)    Netlist Resource(s)
  -------------------------------------------------------------------    -------------------
                         (clock clk_fpga_0 rise edge)
                                                      0.000     0.000 r  
    PS7_X0Y0             PS7                          0.000     0.000 r  design_1_i/processing_system7_0/inst/PS7_i/FCLKCLK[0]
                         net (fo=1, routed)           0.310     0.310    design_1_i/processing_system7_0/inst/FCLK_CLK_unbuffered[0]
    BUFGCTRL_X0Y17       BUFG (Prop_bufg_I_O)         0.026     0.336 r  design_1_i/processing_system7_0/inst/buffer_fclk_clk_0.FCLK_CLK_0_BUFG/O
                         net (fo=21728, routed)       0.563     0.899    design_1_i/xfft_0/U0/i_synth/axi_wrapper/data_in_channel_fifo/aclk
    SLICE_X40Y49         FDRE                                         r  design_1_i/xfft_0/U0/i_synth/axi_wrapper/data_in_channel_fifo/gen_non_real_time.gen_has_skid_buffer.data_out_2_reg[28]/C
  -------------------------------------------------------------------    -------------------
    SLICE_X40Y49         FDRE (Prop_fdre_C_Q)         0.128     1.027 r  design_1_i/xfft_0/U0/i_synth/axi_wrapper/data_in_channel_fifo/gen_non_real_time.gen_has_skid_buffer.data_out_2_reg[28]/Q
                         net (fo=1, routed)           0.226     1.252    design_1_i/xfft_0/U0/i_synth/xfft_inst/floating_point.xfft_inst/input_delay_re/no_sclr_lut.real_shift_ram.use_baseblock.use_hlutnm_srls.srl_loop[15].i_fdre1_0[27]
    SLICE_X42Y51         SRL16E                                       r  design_1_i/xfft_0/U0/i_synth/xfft_inst/floating_point.xfft_inst/input_delay_re/no_sclr_lut.real_shift_ram.use_baseblock.use_hlutnm_srls.srl_loop[13].i_srl16e1/D
  -------------------------------------------------------------------    -------------------

                         (clock clk_fpga_0 rise edge)
                                                      0.000     0.000 r  
    PS7_X0Y0             PS7                          0.000     0.000 r  design_1_i/processing_system7_0/inst/PS7_i/FCLKCLK[0]
                         net (fo=1, routed)           0.337     0.337    design_1_i/processing_system7_0/inst/FCLK_CLK_unbuffered[0]
    BUFGCTRL_X0Y17       BUFG (Prop_bufg_I_O)         0.029     0.366 r  design_1_i/processing_system7_0/inst/buffer_fclk_clk_0.FCLK_CLK_0_BUFG/O
                         net (fo=21728, routed)       0.825     1.191    design_1_i/xfft_0/U0/i_synth/xfft_inst/floating_point.xfft_inst/input_delay_re/aclk
    SLICE_X42Y51         SRL16E                                       r  design_1_i/xfft_0/U0/i_synth/xfft_inst/floating_point.xfft_inst/input_delay_re/no_sclr_lut.real_shift_ram.use_baseblock.use_hlutnm_srls.srl_loop[13].i_srl16e1/CLK
                         clock pessimism             -0.030     1.161    
    SLICE_X42Y51         SRL16E (Hold_srl16e_CLK_D)
                                                      0.056     1.217    design_1_i/xfft_0/U0/i_synth/xfft_inst/floating_point.xfft_inst/input_delay_re/no_sclr_lut.real_shift_ram.use_baseblock.use_hlutnm_srls.srl_loop[13].i_srl16e1
  -------------------------------------------------------------------
                         required time                         -1.217    
                         arrival time                           1.252    
  -------------------------------------------------------------------
                         slack                                  0.036    





Pulse Width Checks
--------------------------------------------------------------------------------------
Clock Name:         clk_fpga_0
Waveform(ns):       { 0.000 5.000 }
Period(ns):         10.000
Sources:            { design_1_i/processing_system7_0/inst/PS7_i/FCLKCLK[0] }

Check Type        Corner  Lib Pin             Reference Pin  Required(ns)  Actual(ns)  Slack(ns)  Location       Pin
Min Period        n/a     RAMB18E1/CLKARDCLK  n/a            2.944         10.000      7.056      RAMB18_X2Y17   design_1_i/system_ila_0/inst/ila_lib/inst/ila_core_inst/ila_trace_memory_inst/SUBCORE_RAM.BLK_MEM_GEN[0].trace_block_memory/inst_blk_mem_gen/gnbram.gnativebmg.native_blk_mem_gen/valid.cstr/ramloop[0].ram.r/prim_noinit.ram/DEVICE_7SERIES.NO_BMM_INFO.SDP.SIMPLE_PRIM18.ram/CLKARDCLK
Min Period        n/a     RAMB18E1/CLKBWRCLK  n/a            2.944         10.000      7.056      RAMB18_X2Y17   design_1_i/system_ila_0/inst/ila_lib/inst/ila_core_inst/ila_trace_memory_inst/SUBCORE_RAM.BLK_MEM_GEN[0].trace_block_memory/inst_blk_mem_gen/gnbram.gnativebmg.native_blk_mem_gen/valid.cstr/ramloop[0].ram.r/prim_noinit.ram/DEVICE_7SERIES.NO_BMM_INFO.SDP.SIMPLE_PRIM18.ram/CLKBWRCLK
Min Period        n/a     RAMB36E1/CLKARDCLK  n/a            2.944         10.000      7.056      RAMB36_X2Y7    design_1_i/system_ila_0/inst/ila_lib/inst/ila_core_inst/ila_trace_memory_inst/SUBCORE_RAM.BLK_MEM_GEN[0].trace_block_memory/inst_blk_mem_gen/gnbram.gnativebmg.native_blk_mem_gen/valid.cstr/ramloop[10].ram.r/prim_noinit.ram/DEVICE_7SERIES.NO_BMM_INFO.SDP.SIMPLE_PRIM36.ram/CLKARDCLK
Min Period        n/a     RAMB36E1/CLKBWRCLK  n/a            2.944         10.000      7.056      RAMB36_X2Y7    design_1_i/system_ila_0/inst/ila_lib/inst/ila_core_inst/ila_trace_memory_inst/SUBCORE_RAM.BLK_MEM_GEN[0].trace_block_memory/inst_blk_mem_gen/gnbram.gnativebmg.native_blk_mem_gen/valid.cstr/ramloop[10].ram.r/prim_noinit.ram/DEVICE_7SERIES.NO_BMM_INFO.SDP.SIMPLE_PRIM36.ram/CLKBWRCLK
Min Period        n/a     RAMB36E1/CLKARDCLK  n/a            2.944         10.000      7.056      RAMB36_X2Y9    design_1_i/system_ila_0/inst/ila_lib/inst/ila_core_inst/ila_trace_memory_inst/SUBCORE_RAM.BLK_MEM_GEN[0].trace_block_memory/inst_blk_mem_gen/gnbram.gnativebmg.native_blk_mem_gen/valid.cstr/ramloop[11].ram.r/prim_noinit.ram/DEVICE_7SERIES.NO_BMM_INFO.SDP.SIMPLE_PRIM36.ram/CLKARDCLK
Min Period        n/a     RAMB36E1/CLKBWRCLK  n/a            2.944         10.000      7.056      RAMB36_X2Y9    design_1_i/system_ila_0/inst/ila_lib/inst/ila_core_inst/ila_trace_memory_inst/SUBCORE_RAM.BLK_MEM_GEN[0].trace_block_memory/inst_blk_mem_gen/gnbram.gnativebmg.native_blk_mem_gen/valid.cstr/ramloop[11].ram.r/prim_noinit.ram/DEVICE_7SERIES.NO_BMM_INFO.SDP.SIMPLE_PRIM36.ram/CLKBWRCLK
Min Period        n/a     RAMB36E1/CLKARDCLK  n/a            2.944         10.000      7.056      RAMB36_X3Y12   design_1_i/system_ila_0/inst/ila_lib/inst/ila_core_inst/ila_trace_memory_inst/SUBCORE_RAM.BLK_MEM_GEN[0].trace_block_memory/inst_blk_mem_gen/gnbram.gnativebmg.native_blk_mem_gen/valid.cstr/ramloop[12].ram.r/prim_noinit.ram/DEVICE_7SERIES.NO_BMM_INFO.SDP.SIMPLE_PRIM36.ram/CLKARDCLK
Min Period        n/a     RAMB36E1/CLKBWRCLK  n/a            2.944         10.000      7.056      RAMB36_X3Y12   design_1_i/system_ila_0/inst/ila_lib/inst/ila_core_inst/ila_trace_memory_inst/SUBCORE_RAM.BLK_MEM_GEN[0].trace_block_memory/inst_blk_mem_gen/gnbram.gnativebmg.native_blk_mem_gen/valid.cstr/ramloop[12].ram.r/prim_noinit.ram/DEVICE_7SERIES.NO_BMM_INFO.SDP.SIMPLE_PRIM36.ram/CLKBWRCLK
Min Period        n/a     RAMB36E1/CLKARDCLK  n/a            2.944         10.000      7.056      RAMB36_X2Y12   design_1_i/system_ila_0/inst/ila_lib/inst/ila_core_inst/ila_trace_memory_inst/SUBCORE_RAM.BLK_MEM_GEN[0].trace_block_memory/inst_blk_mem_gen/gnbram.gnativebmg.native_blk_mem_gen/valid.cstr/ramloop[13].ram.r/prim_noinit.ram/DEVICE_7SERIES.NO_BMM_INFO.SDP.SIMPLE_PRIM36.ram/CLKARDCLK
Min Period        n/a     RAMB36E1/CLKBWRCLK  n/a            2.944         10.000      7.056      RAMB36_X2Y12   design_1_i/system_ila_0/inst/ila_lib/inst/ila_core_inst/ila_trace_memory_inst/SUBCORE_RAM.BLK_MEM_GEN[0].trace_block_memory/inst_blk_mem_gen/gnbram.gnativebmg.native_blk_mem_gen/valid.cstr/ramloop[13].ram.r/prim_noinit.ram/DEVICE_7SERIES.NO_BMM_INFO.SDP.SIMPLE_PRIM36.ram/CLKBWRCLK
Low Pulse Width   Slow    RAMD32/CLK          n/a            1.250         5.000       3.750      SLICE_X36Y68   design_1_i/axi_smc/inst/m00_nodes/m00_ar_node/inst/inst_mi_handler/gen_normal_area.inst_fifo_node_payld/gen_xpm_memory_fifo.inst_fifo/gen_mem_rep[0].inst_xpm_memory/xpm_memory_base_inst/gen_wr_a.gen_word_narrow.mem_reg_0_31_0_5/RAMA/CLK
Low Pulse Width   Slow    RAMD32/CLK          n/a            1.250         5.000       3.750      SLICE_X36Y68   design_1_i/axi_smc/inst/m00_nodes/m00_ar_node/inst/inst_mi_handler/gen_normal_area.inst_fifo_node_payld/gen_xpm_memory_fifo.inst_fifo/gen_mem_rep[0].inst_xpm_memory/xpm_memory_base_inst/gen_wr_a.gen_word_narrow.mem_reg_0_31_0_5/RAMA_D1/CLK
Low Pulse Width   Slow    RAMD32/CLK          n/a            1.250         5.000       3.750      SLICE_X36Y68   design_1_i/axi_smc/inst/m00_nodes/m00_ar_node/inst/inst_mi_handler/gen_normal_area.inst_fifo_node_payld/gen_xpm_memory_fifo.inst_fifo/gen_mem_rep[0].inst_xpm_memory/xpm_memory_base_inst/gen_wr_a.gen_word_narrow.mem_reg_0_31_0_5/RAMB/CLK
Low Pulse Width   Slow    RAMD32/CLK          n/a            1.250         5.000       3.750      SLICE_X36Y68   design_1_i/axi_smc/inst/m00_nodes/m00_ar_node/inst/inst_mi_handler/gen_normal_area.inst_fifo_node_payld/gen_xpm_memory_fifo.inst_fifo/gen_mem_rep[0].inst_xpm_memory/xpm_memory_base_inst/gen_wr_a.gen_word_narrow.mem_reg_0_31_0_5/RAMB_D1/CLK
Low Pulse Width   Slow    RAMD32/CLK          n/a            1.250         5.000       3.750      SLICE_X36Y68   design_1_i/axi_smc/inst/m00_nodes/m00_ar_node/inst/inst_mi_handler/gen_normal_area.inst_fifo_node_payld/gen_xpm_memory_fifo.inst_fifo/gen_mem_rep[0].inst_xpm_memory/xpm_memory_base_inst/gen_wr_a.gen_word_narrow.mem_reg_0_31_0_5/RAMC/CLK
Low Pulse Width   Slow    RAMD32/CLK          n/a            1.250         5.000       3.750      SLICE_X36Y68   design_1_i/axi_smc/inst/m00_nodes/m00_ar_node/inst/inst_mi_handler/gen_normal_area.inst_fifo_node_payld/gen_xpm_memory_fifo.inst_fifo/gen_mem_rep[0].inst_xpm_memory/xpm_memory_base_inst/gen_wr_a.gen_word_narrow.mem_reg_0_31_0_5/RAMC_D1/CLK
Low Pulse Width   Slow    RAMS32/CLK          n/a            1.250         5.000       3.750      SLICE_X36Y68   design_1_i/axi_smc/inst/m00_nodes/m00_ar_node/inst/inst_mi_handler/gen_normal_area.inst_fifo_node_payld/gen_xpm_memory_fifo.inst_fifo/gen_mem_rep[0].inst_xpm_memory/xpm_memory_base_inst/gen_wr_a.gen_word_narrow.mem_reg_0_31_0_5/RAMD/CLK
Low Pulse Width   Slow    RAMS32/CLK          n/a            1.250         5.000       3.750      SLICE_X36Y68   design_1_i/axi_smc/inst/m00_nodes/m00_ar_node/inst/inst_mi_handler/gen_normal_area.inst_fifo_node_payld/gen_xpm_memory_fifo.inst_fifo/gen_mem_rep[0].inst_xpm_memory/xpm_memory_base_inst/gen_wr_a.gen_word_narrow.mem_reg_0_31_0_5/RAMD_D1/CLK
Low Pulse Width   Fast    RAMD32/CLK          n/a            1.250         5.000       3.750      SLICE_X36Y71   design_1_i/axi_smc/inst/m00_nodes/m00_ar_node/inst/inst_mi_handler/gen_normal_area.inst_fifo_node_payld/gen_xpm_memory_fifo.inst_fifo/gen_mem_rep[0].inst_xpm_memory/xpm_memory_base_inst/gen_wr_a.gen_word_narrow.mem_reg_0_31_132_137/RAMA/CLK
Low Pulse Width   Fast    RAMD32/CLK          n/a            1.250         5.000       3.750      SLICE_X36Y71   design_1_i/axi_smc/inst/m00_nodes/m00_ar_node/inst/inst_mi_handler/gen_normal_area.inst_fifo_node_payld/gen_xpm_memory_fifo.inst_fifo/gen_mem_rep[0].inst_xpm_memory/xpm_memory_base_inst/gen_wr_a.gen_word_narrow.mem_reg_0_31_132_137/RAMA_D1/CLK
High Pulse Width  Slow    RAMD32/CLK          n/a            1.250         5.000       3.750      SLICE_X62Y128  dbg_hub/inst/BSCANID.u_xsdbm_id/CORE_XSDB.UUT_MASTER/U_ICON_INTERFACE/U_CMD6_RD/U_RD_FIFO/SUBCORE_FIFO.xsdbm_v3_0_0_rdfifo_inst/inst_fifo_gen/gconvfifo.rf/grf.rf/gntv_or_sync_fifo.mem/gdm.dm_gen.dm/RAM_reg_0_15_12_15/RAMA/CLK
High Pulse Width  Slow    RAMD32/CLK          n/a            1.250         5.000       3.750      SLICE_X62Y128  dbg_hub/inst/BSCANID.u_xsdbm_id/CORE_XSDB.UUT_MASTER/U_ICON_INTERFACE/U_CMD6_RD/U_RD_FIFO/SUBCORE_FIFO.xsdbm_v3_0_0_rdfifo_inst/inst_fifo_gen/gconvfifo.rf/grf.rf/gntv_or_sync_fifo.mem/gdm.dm_gen.dm/RAM_reg_0_15_12_15/RAMA_D1/CLK
High Pulse Width  Slow    RAMD32/CLK          n/a            1.250         5.000       3.750      SLICE_X62Y128  dbg_hub/inst/BSCANID.u_xsdbm_id/CORE_XSDB.UUT_MASTER/U_ICON_INTERFACE/U_CMD6_RD/U_RD_FIFO/SUBCORE_FIFO.xsdbm_v3_0_0_rdfifo_inst/inst_fifo_gen/gconvfifo.rf/grf.rf/gntv_or_sync_fifo.mem/gdm.dm_gen.dm/RAM_reg_0_15_12_15/RAMB/CLK
High Pulse Width  Slow    RAMD32/CLK          n/a            1.250         5.000       3.750      SLICE_X62Y128  dbg_hub/inst/BSCANID.u_xsdbm_id/CORE_XSDB.UUT_MASTER/U_ICON_INTERFACE/U_CMD6_RD/U_RD_FIFO/SUBCORE_FIFO.xsdbm_v3_0_0_rdfifo_inst/inst_fifo_gen/gconvfifo.rf/grf.rf/gntv_or_sync_fifo.mem/gdm.dm_gen.dm/RAM_reg_0_15_12_15/RAMB_D1/CLK
High Pulse Width  Slow    RAMD32/CLK          n/a            1.250         5.000       3.750      SLICE_X62Y128  dbg_hub/inst/BSCANID.u_xsdbm_id/CORE_XSDB.UUT_MASTER/U_ICON_INTERFACE/U_CMD6_RD/U_RD_FIFO/SUBCORE_FIFO.xsdbm_v3_0_0_rdfifo_inst/inst_fifo_gen/gconvfifo.rf/grf.rf/gntv_or_sync_fifo.mem/gdm.dm_gen.dm/RAM_reg_0_15_12_15/RAMC/CLK
High Pulse Width  Slow    RAMD32/CLK          n/a            1.250         5.000       3.750      SLICE_X62Y128  dbg_hub/inst/BSCANID.u_xsdbm_id/CORE_XSDB.UUT_MASTER/U_ICON_INTERFACE/U_CMD6_RD/U_RD_FIFO/SUBCORE_FIFO.xsdbm_v3_0_0_rdfifo_inst/inst_fifo_gen/gconvfifo.rf/grf.rf/gntv_or_sync_fifo.mem/gdm.dm_gen.dm/RAM_reg_0_15_12_15/RAMC_D1/CLK
High Pulse Width  Slow    RAMS32/CLK          n/a            1.250         5.000       3.750      SLICE_X62Y128  dbg_hub/inst/BSCANID.u_xsdbm_id/CORE_XSDB.UUT_MASTER/U_ICON_INTERFACE/U_CMD6_RD/U_RD_FIFO/SUBCORE_FIFO.xsdbm_v3_0_0_rdfifo_inst/inst_fifo_gen/gconvfifo.rf/grf.rf/gntv_or_sync_fifo.mem/gdm.dm_gen.dm/RAM_reg_0_15_12_15/RAMD/CLK
High Pulse Width  Slow    RAMS32/CLK          n/a            1.250         5.000       3.750      SLICE_X62Y128  dbg_hub/inst/BSCANID.u_xsdbm_id/CORE_XSDB.UUT_MASTER/U_ICON_INTERFACE/U_CMD6_RD/U_RD_FIFO/SUBCORE_FIFO.xsdbm_v3_0_0_rdfifo_inst/inst_fifo_gen/gconvfifo.rf/grf.rf/gntv_or_sync_fifo.mem/gdm.dm_gen.dm/RAM_reg_0_15_12_15/RAMD_D1/CLK
High Pulse Width  Slow    RAMD64E/CLK         n/a            1.250         5.000       3.750      SLICE_X58Y50   design_1_i/xfft_0/U0/i_synth/xfft_inst/floating_point.xfft_inst/gen_block_exp_delay_streaming.block_exp_ram/dist_ram.lutram.mem/gen_width[0].gen_lutram[0].use_ram64x1d.RAM64X1D_inst/DP/CLK
High Pulse Width  Slow    RAMD64E/CLK         n/a            1.250         5.000       3.750      SLICE_X58Y50   design_1_i/xfft_0/U0/i_synth/xfft_inst/floating_point.xfft_inst/gen_block_exp_delay_streaming.block_exp_ram/dist_ram.lutram.mem/gen_width[0].gen_lutram[0].use_ram64x1d.RAM64X1D_inst/SP/CLK



---------------------------------------------------------------------------------------------------
From Clock:  dbg_hub/inst/BSCANID.u_xsdbm_id/SWITCH_N_EXT_BSCAN.bscan_inst/SERIES7_BSCAN.bscan_inst/TCK
  To Clock:  dbg_hub/inst/BSCANID.u_xsdbm_id/SWITCH_N_EXT_BSCAN.bscan_inst/SERIES7_BSCAN.bscan_inst/TCK

Setup :            0  Failing Endpoints,  Worst Slack       25.801ns,  Total Violation        0.000ns
Hold  :            0  Failing Endpoints,  Worst Slack        0.049ns,  Total Violation        0.000ns
PW    :            0  Failing Endpoints,  Worst Slack       15.250ns,  Total Violation        0.000ns
---------------------------------------------------------------------------------------------------


Max Delay Paths
--------------------------------------------------------------------------------------
Slack (MET) :             25.801ns  (required time - arrival time)
  Source:                 dbg_hub/inst/BSCANID.u_xsdbm_id/SWITCH_N_EXT_BSCAN.bscan_switch/state_reg[2]/C
                            (rising edge-triggered cell FDRE clocked by dbg_hub/inst/BSCANID.u_xsdbm_id/SWITCH_N_EXT_BSCAN.bscan_inst/SERIES7_BSCAN.bscan_inst/TCK  {rise@0.000ns fall@16.500ns period=33.000ns})
  Destination:            dbg_hub/inst/BSCANID.u_xsdbm_id/SWITCH_N_EXT_BSCAN.bscan_switch/portno_temp_reg[0]/D
                            (rising edge-triggered cell FDRE clocked by dbg_hub/inst/BSCANID.u_xsdbm_id/SWITCH_N_EXT_BSCAN.bscan_inst/SERIES7_BSCAN.bscan_inst/TCK  {rise@0.000ns fall@16.500ns period=33.000ns})
  Path Group:             dbg_hub/inst/BSCANID.u_xsdbm_id/SWITCH_N_EXT_BSCAN.bscan_inst/SERIES7_BSCAN.bscan_inst/TCK
  Path Type:              Setup (Max at Slow Process Corner)
  Requirement:            33.000ns  (dbg_hub/inst/BSCANID.u_xsdbm_id/SWITCH_N_EXT_BSCAN.bscan_inst/SERIES7_BSCAN.bscan_inst/TCK rise@33.000ns - dbg_hub/inst/BSCANID.u_xsdbm_id/SWITCH_N_EXT_BSCAN.bscan_inst/SERIES7_BSCAN.bscan_inst/TCK rise@0.000ns)
  Data Path Delay:        7.136ns  (logic 1.664ns (23.320%)  route 5.472ns (76.680%))
  Logic Levels:           5  (CARRY4=1 LUT3=1 LUT4=1 LUT5=1 LUT6=1)
  Clock Path Skew:        -0.060ns (DCD - SCD + CPR)
    Destination Clock Delay (DCD):    3.713ns = ( 36.713 - 33.000 ) 
    Source Clock Delay      (SCD):    4.197ns
    Clock Pessimism Removal (CPR):    0.424ns
  Clock Uncertainty:      0.035ns  ((TSJ^2 + TIJ^2)^1/2 + DJ) / 2 + PE
    Total System Jitter     (TSJ):    0.071ns
    Total Input Jitter      (TIJ):    0.000ns
    Discrete Jitter          (DJ):    0.000ns
    Phase Error              (PE):    0.000ns

    Location             Delay type                Incr(ns)  Path(ns)    Netlist Resource(s)
  -------------------------------------------------------------------    -------------------
                         (clock dbg_hub/inst/BSCANID.u_xsdbm_id/SWITCH_N_EXT_BSCAN.bscan_inst/SERIES7_BSCAN.bscan_inst/TCK rise edge)
                                                      0.000     0.000 r  
    BSCAN_X0Y0           BSCANE2                      0.000     0.000 r  dbg_hub/inst/BSCANID.u_xsdbm_id/SWITCH_N_EXT_BSCAN.bscan_inst/SERIES7_BSCAN.bscan_inst/TCK
                         net (fo=1, routed)           2.131     2.131    dbg_hub/inst/BSCANID.u_xsdbm_id/tck_bs
    BUFGCTRL_X0Y16       BUFG (Prop_bufg_I_O)         0.101     2.232 r  dbg_hub/inst/BSCANID.u_xsdbm_id/SWITCH_N_EXT_BSCAN.u_bufg_icon_tck/O
                         net (fo=482, routed)         1.965     4.197    dbg_hub/inst/BSCANID.u_xsdbm_id/SWITCH_N_EXT_BSCAN.bscan_switch/s_bscan_tck
    SLICE_X104Y119       FDRE                                         r  dbg_hub/inst/BSCANID.u_xsdbm_id/SWITCH_N_EXT_BSCAN.bscan_switch/state_reg[2]/C
  -------------------------------------------------------------------    -------------------
    SLICE_X104Y119       FDRE (Prop_fdre_C_Q)         0.478     4.675 r  dbg_hub/inst/BSCANID.u_xsdbm_id/SWITCH_N_EXT_BSCAN.bscan_switch/state_reg[2]/Q
                         net (fo=50, routed)          2.087     6.761    dbg_hub/inst/BSCANID.u_xsdbm_id/SWITCH_N_EXT_BSCAN.bscan_switch/state[2]
    SLICE_X110Y120       LUT4 (Prop_lut4_I2_O)        0.301     7.062 r  dbg_hub/inst/BSCANID.u_xsdbm_id/SWITCH_N_EXT_BSCAN.bscan_switch/curid_inferred_i_12/O
                         net (fo=2, routed)           1.007     8.069    dbg_hub/inst/BSCANID.u_xsdbm_id/SWITCH_N_EXT_BSCAN.bscan_switch/curid[20]
    SLICE_X108Y120       LUT6 (Prop_lut6_I1_O)        0.124     8.193 r  dbg_hub/inst/BSCANID.u_xsdbm_id/SWITCH_N_EXT_BSCAN.bscan_switch/state_temp[0]_i_8/O
                         net (fo=1, routed)           0.000     8.193    dbg_hub/inst/BSCANID.u_xsdbm_id/SWITCH_N_EXT_BSCAN.bscan_switch/state_temp[0]_i_8_n_0
    SLICE_X108Y120       CARRY4 (Prop_carry4_S[0]_CO[3])
                                                      0.513     8.706 f  dbg_hub/inst/BSCANID.u_xsdbm_id/SWITCH_N_EXT_BSCAN.bscan_switch/state_temp_reg[0]_i_3/CO[3]
                         net (fo=4, routed)           1.529    10.235    dbg_hub/inst/BSCANID.u_xsdbm_id/SWITCH_N_EXT_BSCAN.bscan_switch/state_temp_reg[0]_i_3_n_0
    SLICE_X103Y119       LUT5 (Prop_lut5_I1_O)        0.124    10.359 r  dbg_hub/inst/BSCANID.u_xsdbm_id/SWITCH_N_EXT_BSCAN.bscan_switch/portno_temp[5]_i_2/O
                         net (fo=7, routed)           0.849    11.208    dbg_hub/inst/BSCANID.u_xsdbm_id/SWITCH_N_EXT_BSCAN.bscan_switch/portno_temp[5]_i_2_n_0
    SLICE_X103Y118       LUT3 (Prop_lut3_I1_O)        0.124    11.332 r  dbg_hub/inst/BSCANID.u_xsdbm_id/SWITCH_N_EXT_BSCAN.bscan_switch/portno_temp[0]_i_1/O
                         net (fo=1, routed)           0.000    11.332    dbg_hub/inst/BSCANID.u_xsdbm_id/SWITCH_N_EXT_BSCAN.bscan_switch/portno_temp[0]_i_1_n_0
    SLICE_X103Y118       FDRE                                         r  dbg_hub/inst/BSCANID.u_xsdbm_id/SWITCH_N_EXT_BSCAN.bscan_switch/portno_temp_reg[0]/D
  -------------------------------------------------------------------    -------------------

                         (clock dbg_hub/inst/BSCANID.u_xsdbm_id/SWITCH_N_EXT_BSCAN.bscan_inst/SERIES7_BSCAN.bscan_inst/TCK rise edge)
                                                     33.000    33.000 r  
    BSCAN_X0Y0           BSCANE2                      0.000    33.000 r  dbg_hub/inst/BSCANID.u_xsdbm_id/SWITCH_N_EXT_BSCAN.bscan_inst/SERIES7_BSCAN.bscan_inst/TCK
                         net (fo=1, routed)           1.849    34.849    dbg_hub/inst/BSCANID.u_xsdbm_id/tck_bs
    BUFGCTRL_X0Y16       BUFG (Prop_bufg_I_O)         0.091    34.940 r  dbg_hub/inst/BSCANID.u_xsdbm_id/SWITCH_N_EXT_BSCAN.u_bufg_icon_tck/O
                         net (fo=482, routed)         1.773    36.713    dbg_hub/inst/BSCANID.u_xsdbm_id/SWITCH_N_EXT_BSCAN.bscan_switch/s_bscan_tck
    SLICE_X103Y118       FDRE                                         r  dbg_hub/inst/BSCANID.u_xsdbm_id/SWITCH_N_EXT_BSCAN.bscan_switch/portno_temp_reg[0]/C
                         clock pessimism              0.424    37.137    
                         clock uncertainty           -0.035    37.102    
    SLICE_X103Y118       FDRE (Setup_fdre_C_D)        0.032    37.134    dbg_hub/inst/BSCANID.u_xsdbm_id/SWITCH_N_EXT_BSCAN.bscan_switch/portno_temp_reg[0]
  -------------------------------------------------------------------
                         required time                         37.134    
                         arrival time                         -11.332    
  -------------------------------------------------------------------
                         slack                                 25.801    

Slack (MET) :             25.918ns  (required time - arrival time)
  Source:                 dbg_hub/inst/BSCANID.u_xsdbm_id/SWITCH_N_EXT_BSCAN.bscan_switch/state_reg[2]/C
                            (rising edge-triggered cell FDRE clocked by dbg_hub/inst/BSCANID.u_xsdbm_id/SWITCH_N_EXT_BSCAN.bscan_inst/SERIES7_BSCAN.bscan_inst/TCK  {rise@0.000ns fall@16.500ns period=33.000ns})
  Destination:            dbg_hub/inst/BSCANID.u_xsdbm_id/SWITCH_N_EXT_BSCAN.bscan_switch/state_temp_reg[2]/D
                            (rising edge-triggered cell FDRE clocked by dbg_hub/inst/BSCANID.u_xsdbm_id/SWITCH_N_EXT_BSCAN.bscan_inst/SERIES7_BSCAN.bscan_inst/TCK  {rise@0.000ns fall@16.500ns period=33.000ns})
  Path Group:             dbg_hub/inst/BSCANID.u_xsdbm_id/SWITCH_N_EXT_BSCAN.bscan_inst/SERIES7_BSCAN.bscan_inst/TCK
  Path Type:              Setup (Max at Slow Process Corner)
  Requirement:            33.000ns  (dbg_hub/inst/BSCANID.u_xsdbm_id/SWITCH_N_EXT_BSCAN.bscan_inst/SERIES7_BSCAN.bscan_inst/TCK rise@33.000ns - dbg_hub/inst/BSCANID.u_xsdbm_id/SWITCH_N_EXT_BSCAN.bscan_inst/SERIES7_BSCAN.bscan_inst/TCK rise@0.000ns)
  Data Path Delay:        7.128ns  (logic 1.664ns (23.345%)  route 5.464ns (76.655%))
  Logic Levels:           5  (CARRY4=1 LUT4=1 LUT5=1 LUT6=2)
  Clock Path Skew:        0.000ns (DCD - SCD + CPR)
    Destination Clock Delay (DCD):    3.712ns = ( 36.712 - 33.000 ) 
    Source Clock Delay      (SCD):    4.197ns
    Clock Pessimism Removal (CPR):    0.485ns
  Clock Uncertainty:      0.035ns  ((TSJ^2 + TIJ^2)^1/2 + DJ) / 2 + PE
    Total System Jitter     (TSJ):    0.071ns
    Total Input Jitter      (TIJ):    0.000ns
    Discrete Jitter          (DJ):    0.000ns
    Phase Error              (PE):    0.000ns

    Location             Delay type                Incr(ns)  Path(ns)    Netlist Resource(s)
  -------------------------------------------------------------------    -------------------
                         (clock dbg_hub/inst/BSCANID.u_xsdbm_id/SWITCH_N_EXT_BSCAN.bscan_inst/SERIES7_BSCAN.bscan_inst/TCK rise edge)
                                                      0.000     0.000 r  
    BSCAN_X0Y0           BSCANE2                      0.000     0.000 r  dbg_hub/inst/BSCANID.u_xsdbm_id/SWITCH_N_EXT_BSCAN.bscan_inst/SERIES7_BSCAN.bscan_inst/TCK
                         net (fo=1, routed)           2.131     2.131    dbg_hub/inst/BSCANID.u_xsdbm_id/tck_bs
    BUFGCTRL_X0Y16       BUFG (Prop_bufg_I_O)         0.101     2.232 r  dbg_hub/inst/BSCANID.u_xsdbm_id/SWITCH_N_EXT_BSCAN.u_bufg_icon_tck/O
                         net (fo=482, routed)         1.965     4.197    dbg_hub/inst/BSCANID.u_xsdbm_id/SWITCH_N_EXT_BSCAN.bscan_switch/s_bscan_tck
    SLICE_X104Y119       FDRE                                         r  dbg_hub/inst/BSCANID.u_xsdbm_id/SWITCH_N_EXT_BSCAN.bscan_switch/state_reg[2]/C
  -------------------------------------------------------------------    -------------------
    SLICE_X104Y119       FDRE (Prop_fdre_C_Q)         0.478     4.675 r  dbg_hub/inst/BSCANID.u_xsdbm_id/SWITCH_N_EXT_BSCAN.bscan_switch/state_reg[2]/Q
                         net (fo=50, routed)          2.087     6.761    dbg_hub/inst/BSCANID.u_xsdbm_id/SWITCH_N_EXT_BSCAN.bscan_switch/state[2]
    SLICE_X110Y120       LUT4 (Prop_lut4_I2_O)        0.301     7.062 r  dbg_hub/inst/BSCANID.u_xsdbm_id/SWITCH_N_EXT_BSCAN.bscan_switch/curid_inferred_i_12/O
                         net (fo=2, routed)           1.007     8.069    dbg_hub/inst/BSCANID.u_xsdbm_id/SWITCH_N_EXT_BSCAN.bscan_switch/curid[20]
    SLICE_X108Y120       LUT6 (Prop_lut6_I1_O)        0.124     8.193 r  dbg_hub/inst/BSCANID.u_xsdbm_id/SWITCH_N_EXT_BSCAN.bscan_switch/state_temp[0]_i_8/O
                         net (fo=1, routed)           0.000     8.193    dbg_hub/inst/BSCANID.u_xsdbm_id/SWITCH_N_EXT_BSCAN.bscan_switch/state_temp[0]_i_8_n_0
    SLICE_X108Y120       CARRY4 (Prop_carry4_S[0]_CO[3])
                                                      0.513     8.706 f  dbg_hub/inst/BSCANID.u_xsdbm_id/SWITCH_N_EXT_BSCAN.bscan_switch/state_temp_reg[0]_i_3/CO[3]
                         net (fo=4, routed)           1.529    10.235    dbg_hub/inst/BSCANID.u_xsdbm_id/SWITCH_N_EXT_BSCAN.bscan_switch/state_temp_reg[0]_i_3_n_0
    SLICE_X103Y119       LUT5 (Prop_lut5_I1_O)        0.124    10.359 r  dbg_hub/inst/BSCANID.u_xsdbm_id/SWITCH_N_EXT_BSCAN.bscan_switch/portno_temp[5]_i_2/O
                         net (fo=7, routed)           0.841    11.201    dbg_hub/inst/BSCANID.u_xsdbm_id/SWITCH_N_EXT_BSCAN.bscan_switch/portno_temp[5]_i_2_n_0
    SLICE_X104Y119       LUT6 (Prop_lut6_I2_O)        0.124    11.325 r  dbg_hub/inst/BSCANID.u_xsdbm_id/SWITCH_N_EXT_BSCAN.bscan_switch/state_temp[2]_i_1/O
                         net (fo=1, routed)           0.000    11.325    dbg_hub/inst/BSCANID.u_xsdbm_id/SWITCH_N_EXT_BSCAN.bscan_switch/state_temp[2]_i_1_n_0
    SLICE_X104Y119       FDRE                                         r  dbg_hub/inst/BSCANID.u_xsdbm_id/SWITCH_N_EXT_BSCAN.bscan_switch/state_temp_reg[2]/D
  -------------------------------------------------------------------    -------------------

                         (clock dbg_hub/inst/BSCANID.u_xsdbm_id/SWITCH_N_EXT_BSCAN.bscan_inst/SERIES7_BSCAN.bscan_inst/TCK rise edge)
                                                     33.000    33.000 r  
    BSCAN_X0Y0           BSCANE2                      0.000    33.000 r  dbg_hub/inst/BSCANID.u_xsdbm_id/SWITCH_N_EXT_BSCAN.bscan_inst/SERIES7_BSCAN.bscan_inst/TCK
                         net (fo=1, routed)           1.849    34.849    dbg_hub/inst/BSCANID.u_xsdbm_id/tck_bs
    BUFGCTRL_X0Y16       BUFG (Prop_bufg_I_O)         0.091    34.940 r  dbg_hub/inst/BSCANID.u_xsdbm_id/SWITCH_N_EXT_BSCAN.u_bufg_icon_tck/O
                         net (fo=482, routed)         1.772    36.712    dbg_hub/inst/BSCANID.u_xsdbm_id/SWITCH_N_EXT_BSCAN.bscan_switch/s_bscan_tck
    SLICE_X104Y119       FDRE                                         r  dbg_hub/inst/BSCANID.u_xsdbm_id/SWITCH_N_EXT_BSCAN.bscan_switch/state_temp_reg[2]/C
                         clock pessimism              0.485    37.197    
                         clock uncertainty           -0.035    37.162    
    SLICE_X104Y119       FDRE (Setup_fdre_C_D)        0.081    37.243    dbg_hub/inst/BSCANID.u_xsdbm_id/SWITCH_N_EXT_BSCAN.bscan_switch/state_temp_reg[2]
  -------------------------------------------------------------------
                         required time                         37.243    
                         arrival time                         -11.325    
  -------------------------------------------------------------------
                         slack                                 25.918    

Slack (MET) :             26.028ns  (required time - arrival time)
  Source:                 dbg_hub/inst/BSCANID.u_xsdbm_id/SWITCH_N_EXT_BSCAN.bscan_switch/state_reg[2]/C
                            (rising edge-triggered cell FDRE clocked by dbg_hub/inst/BSCANID.u_xsdbm_id/SWITCH_N_EXT_BSCAN.bscan_inst/SERIES7_BSCAN.bscan_inst/TCK  {rise@0.000ns fall@16.500ns period=33.000ns})
  Destination:            dbg_hub/inst/BSCANID.u_xsdbm_id/SWITCH_N_EXT_BSCAN.bscan_switch/portno_temp_reg[4]/D
                            (rising edge-triggered cell FDRE clocked by dbg_hub/inst/BSCANID.u_xsdbm_id/SWITCH_N_EXT_BSCAN.bscan_inst/SERIES7_BSCAN.bscan_inst/TCK  {rise@0.000ns fall@16.500ns period=33.000ns})
  Path Group:             dbg_hub/inst/BSCANID.u_xsdbm_id/SWITCH_N_EXT_BSCAN.bscan_inst/SERIES7_BSCAN.bscan_inst/TCK
  Path Type:              Setup (Max at Slow Process Corner)
  Requirement:            33.000ns  (dbg_hub/inst/BSCANID.u_xsdbm_id/SWITCH_N_EXT_BSCAN.bscan_inst/SERIES7_BSCAN.bscan_inst/TCK rise@33.000ns - dbg_hub/inst/BSCANID.u_xsdbm_id/SWITCH_N_EXT_BSCAN.bscan_inst/SERIES7_BSCAN.bscan_inst/TCK rise@0.000ns)
  Data Path Delay:        6.908ns  (logic 1.664ns (24.090%)  route 5.244ns (75.910%))
  Logic Levels:           5  (CARRY4=1 LUT3=1 LUT4=1 LUT5=1 LUT6=1)
  Clock Path Skew:        -0.060ns (DCD - SCD + CPR)
    Destination Clock Delay (DCD):    3.713ns = ( 36.713 - 33.000 ) 
    Source Clock Delay      (SCD):    4.197ns
    Clock Pessimism Removal (CPR):    0.424ns
  Clock Uncertainty:      0.035ns  ((TSJ^2 + TIJ^2)^1/2 + DJ) / 2 + PE
    Total System Jitter     (TSJ):    0.071ns
    Total Input Jitter      (TIJ):    0.000ns
    Discrete Jitter          (DJ):    0.000ns
    Phase Error              (PE):    0.000ns

    Location             Delay type                Incr(ns)  Path(ns)    Netlist Resource(s)
  -------------------------------------------------------------------    -------------------
                         (clock dbg_hub/inst/BSCANID.u_xsdbm_id/SWITCH_N_EXT_BSCAN.bscan_inst/SERIES7_BSCAN.bscan_inst/TCK rise edge)
                                                      0.000     0.000 r  
    BSCAN_X0Y0           BSCANE2                      0.000     0.000 r  dbg_hub/inst/BSCANID.u_xsdbm_id/SWITCH_N_EXT_BSCAN.bscan_inst/SERIES7_BSCAN.bscan_inst/TCK
                         net (fo=1, routed)           2.131     2.131    dbg_hub/inst/BSCANID.u_xsdbm_id/tck_bs
    BUFGCTRL_X0Y16       BUFG (Prop_bufg_I_O)         0.101     2.232 r  dbg_hub/inst/BSCANID.u_xsdbm_id/SWITCH_N_EXT_BSCAN.u_bufg_icon_tck/O
                         net (fo=482, routed)         1.965     4.197    dbg_hub/inst/BSCANID.u_xsdbm_id/SWITCH_N_EXT_BSCAN.bscan_switch/s_bscan_tck
    SLICE_X104Y119       FDRE                                         r  dbg_hub/inst/BSCANID.u_xsdbm_id/SWITCH_N_EXT_BSCAN.bscan_switch/state_reg[2]/C
  -------------------------------------------------------------------    -------------------
    SLICE_X104Y119       FDRE (Prop_fdre_C_Q)         0.478     4.675 r  dbg_hub/inst/BSCANID.u_xsdbm_id/SWITCH_N_EXT_BSCAN.bscan_switch/state_reg[2]/Q
                         net (fo=50, routed)          2.087     6.761    dbg_hub/inst/BSCANID.u_xsdbm_id/SWITCH_N_EXT_BSCAN.bscan_switch/state[2]
    SLICE_X110Y120       LUT4 (Prop_lut4_I2_O)        0.301     7.062 r  dbg_hub/inst/BSCANID.u_xsdbm_id/SWITCH_N_EXT_BSCAN.bscan_switch/curid_inferred_i_12/O
                         net (fo=2, routed)           1.007     8.069    dbg_hub/inst/BSCANID.u_xsdbm_id/SWITCH_N_EXT_BSCAN.bscan_switch/curid[20]
    SLICE_X108Y120       LUT6 (Prop_lut6_I1_O)        0.124     8.193 r  dbg_hub/inst/BSCANID.u_xsdbm_id/SWITCH_N_EXT_BSCAN.bscan_switch/state_temp[0]_i_8/O
                         net (fo=1, routed)           0.000     8.193    dbg_hub/inst/BSCANID.u_xsdbm_id/SWITCH_N_EXT_BSCAN.bscan_switch/state_temp[0]_i_8_n_0
    SLICE_X108Y120       CARRY4 (Prop_carry4_S[0]_CO[3])
                                                      0.513     8.706 f  dbg_hub/inst/BSCANID.u_xsdbm_id/SWITCH_N_EXT_BSCAN.bscan_switch/state_temp_reg[0]_i_3/CO[3]
                         net (fo=4, routed)           1.529    10.235    dbg_hub/inst/BSCANID.u_xsdbm_id/SWITCH_N_EXT_BSCAN.bscan_switch/state_temp_reg[0]_i_3_n_0
    SLICE_X103Y119       LUT5 (Prop_lut5_I1_O)        0.124    10.359 r  dbg_hub/inst/BSCANID.u_xsdbm_id/SWITCH_N_EXT_BSCAN.bscan_switch/portno_temp[5]_i_2/O
                         net (fo=7, routed)           0.621    10.980    dbg_hub/inst/BSCANID.u_xsdbm_id/SWITCH_N_EXT_BSCAN.bscan_switch/portno_temp[5]_i_2_n_0
    SLICE_X103Y118       LUT3 (Prop_lut3_I1_O)        0.124    11.104 r  dbg_hub/inst/BSCANID.u_xsdbm_id/SWITCH_N_EXT_BSCAN.bscan_switch/portno_temp[4]_i_1/O
                         net (fo=1, routed)           0.000    11.104    dbg_hub/inst/BSCANID.u_xsdbm_id/SWITCH_N_EXT_BSCAN.bscan_switch/portno_temp[4]_i_1_n_0
    SLICE_X103Y118       FDRE                                         r  dbg_hub/inst/BSCANID.u_xsdbm_id/SWITCH_N_EXT_BSCAN.bscan_switch/portno_temp_reg[4]/D
  -------------------------------------------------------------------    -------------------

                         (clock dbg_hub/inst/BSCANID.u_xsdbm_id/SWITCH_N_EXT_BSCAN.bscan_inst/SERIES7_BSCAN.bscan_inst/TCK rise edge)
                                                     33.000    33.000 r  
    BSCAN_X0Y0           BSCANE2                      0.000    33.000 r  dbg_hub/inst/BSCANID.u_xsdbm_id/SWITCH_N_EXT_BSCAN.bscan_inst/SERIES7_BSCAN.bscan_inst/TCK
                         net (fo=1, routed)           1.849    34.849    dbg_hub/inst/BSCANID.u_xsdbm_id/tck_bs
    BUFGCTRL_X0Y16       BUFG (Prop_bufg_I_O)         0.091    34.940 r  dbg_hub/inst/BSCANID.u_xsdbm_id/SWITCH_N_EXT_BSCAN.u_bufg_icon_tck/O
                         net (fo=482, routed)         1.773    36.713    dbg_hub/inst/BSCANID.u_xsdbm_id/SWITCH_N_EXT_BSCAN.bscan_switch/s_bscan_tck
    SLICE_X103Y118       FDRE                                         r  dbg_hub/inst/BSCANID.u_xsdbm_id/SWITCH_N_EXT_BSCAN.bscan_switch/portno_temp_reg[4]/C
                         clock pessimism              0.424    37.137    
                         clock uncertainty           -0.035    37.102    
    SLICE_X103Y118       FDRE (Setup_fdre_C_D)        0.031    37.133    dbg_hub/inst/BSCANID.u_xsdbm_id/SWITCH_N_EXT_BSCAN.bscan_switch/portno_temp_reg[4]
  -------------------------------------------------------------------
                         required time                         37.133    
                         arrival time                         -11.104    
  -------------------------------------------------------------------
                         slack                                 26.028    

Slack (MET) :             26.302ns  (required time - arrival time)
  Source:                 dbg_hub/inst/BSCANID.u_xsdbm_id/SWITCH_N_EXT_BSCAN.bscan_switch/state_reg[2]/C
                            (rising edge-triggered cell FDRE clocked by dbg_hub/inst/BSCANID.u_xsdbm_id/SWITCH_N_EXT_BSCAN.bscan_inst/SERIES7_BSCAN.bscan_inst/TCK  {rise@0.000ns fall@16.500ns period=33.000ns})
  Destination:            dbg_hub/inst/BSCANID.u_xsdbm_id/SWITCH_N_EXT_BSCAN.bscan_switch/portno_temp_reg[2]/D
                            (rising edge-triggered cell FDRE clocked by dbg_hub/inst/BSCANID.u_xsdbm_id/SWITCH_N_EXT_BSCAN.bscan_inst/SERIES7_BSCAN.bscan_inst/TCK  {rise@0.000ns fall@16.500ns period=33.000ns})
  Path Group:             dbg_hub/inst/BSCANID.u_xsdbm_id/SWITCH_N_EXT_BSCAN.bscan_inst/SERIES7_BSCAN.bscan_inst/TCK
  Path Type:              Setup (Max at Slow Process Corner)
  Requirement:            33.000ns  (dbg_hub/inst/BSCANID.u_xsdbm_id/SWITCH_N_EXT_BSCAN.bscan_inst/SERIES7_BSCAN.bscan_inst/TCK rise@33.000ns - dbg_hub/inst/BSCANID.u_xsdbm_id/SWITCH_N_EXT_BSCAN.bscan_inst/SERIES7_BSCAN.bscan_inst/TCK rise@0.000ns)
  Data Path Delay:        6.632ns  (logic 1.664ns (25.092%)  route 4.968ns (74.908%))
  Logic Levels:           5  (CARRY4=1 LUT3=1 LUT4=1 LUT5=1 LUT6=1)
  Clock Path Skew:        -0.060ns (DCD - SCD + CPR)
    Destination Clock Delay (DCD):    3.713ns = ( 36.713 - 33.000 ) 
    Source Clock Delay      (SCD):    4.197ns
    Clock Pessimism Removal (CPR):    0.424ns
  Clock Uncertainty:      0.035ns  ((TSJ^2 + TIJ^2)^1/2 + DJ) / 2 + PE
    Total System Jitter     (TSJ):    0.071ns
    Total Input Jitter      (TIJ):    0.000ns
    Discrete Jitter          (DJ):    0.000ns
    Phase Error              (PE):    0.000ns

    Location             Delay type                Incr(ns)  Path(ns)    Netlist Resource(s)
  -------------------------------------------------------------------    -------------------
                         (clock dbg_hub/inst/BSCANID.u_xsdbm_id/SWITCH_N_EXT_BSCAN.bscan_inst/SERIES7_BSCAN.bscan_inst/TCK rise edge)
                                                      0.000     0.000 r  
    BSCAN_X0Y0           BSCANE2                      0.000     0.000 r  dbg_hub/inst/BSCANID.u_xsdbm_id/SWITCH_N_EXT_BSCAN.bscan_inst/SERIES7_BSCAN.bscan_inst/TCK
                         net (fo=1, routed)           2.131     2.131    dbg_hub/inst/BSCANID.u_xsdbm_id/tck_bs
    BUFGCTRL_X0Y16       BUFG (Prop_bufg_I_O)         0.101     2.232 r  dbg_hub/inst/BSCANID.u_xsdbm_id/SWITCH_N_EXT_BSCAN.u_bufg_icon_tck/O
                         net (fo=482, routed)         1.965     4.197    dbg_hub/inst/BSCANID.u_xsdbm_id/SWITCH_N_EXT_BSCAN.bscan_switch/s_bscan_tck
    SLICE_X104Y119       FDRE                                         r  dbg_hub/inst/BSCANID.u_xsdbm_id/SWITCH_N_EXT_BSCAN.bscan_switch/state_reg[2]/C
  -------------------------------------------------------------------    -------------------
    SLICE_X104Y119       FDRE (Prop_fdre_C_Q)         0.478     4.675 r  dbg_hub/inst/BSCANID.u_xsdbm_id/SWITCH_N_EXT_BSCAN.bscan_switch/state_reg[2]/Q
                         net (fo=50, routed)          2.087     6.761    dbg_hub/inst/BSCANID.u_xsdbm_id/SWITCH_N_EXT_BSCAN.bscan_switch/state[2]
    SLICE_X110Y120       LUT4 (Prop_lut4_I2_O)        0.301     7.062 r  dbg_hub/inst/BSCANID.u_xsdbm_id/SWITCH_N_EXT_BSCAN.bscan_switch/curid_inferred_i_12/O
                         net (fo=2, routed)           1.007     8.069    dbg_hub/inst/BSCANID.u_xsdbm_id/SWITCH_N_EXT_BSCAN.bscan_switch/curid[20]
    SLICE_X108Y120       LUT6 (Prop_lut6_I1_O)        0.124     8.193 r  dbg_hub/inst/BSCANID.u_xsdbm_id/SWITCH_N_EXT_BSCAN.bscan_switch/state_temp[0]_i_8/O
                         net (fo=1, routed)           0.000     8.193    dbg_hub/inst/BSCANID.u_xsdbm_id/SWITCH_N_EXT_BSCAN.bscan_switch/state_temp[0]_i_8_n_0
    SLICE_X108Y120       CARRY4 (Prop_carry4_S[0]_CO[3])
                                                      0.513     8.706 f  dbg_hub/inst/BSCANID.u_xsdbm_id/SWITCH_N_EXT_BSCAN.bscan_switch/state_temp_reg[0]_i_3/CO[3]
                         net (fo=4, routed)           1.529    10.235    dbg_hub/inst/BSCANID.u_xsdbm_id/SWITCH_N_EXT_BSCAN.bscan_switch/state_temp_reg[0]_i_3_n_0
    SLICE_X103Y119       LUT5 (Prop_lut5_I1_O)        0.124    10.359 r  dbg_hub/inst/BSCANID.u_xsdbm_id/SWITCH_N_EXT_BSCAN.bscan_switch/portno_temp[5]_i_2/O
                         net (fo=7, routed)           0.345    10.704    dbg_hub/inst/BSCANID.u_xsdbm_id/SWITCH_N_EXT_BSCAN.bscan_switch/portno_temp[5]_i_2_n_0
    SLICE_X103Y118       LUT3 (Prop_lut3_I1_O)        0.124    10.828 r  dbg_hub/inst/BSCANID.u_xsdbm_id/SWITCH_N_EXT_BSCAN.bscan_switch/portno_temp[2]_i_1/O
                         net (fo=1, routed)           0.000    10.828    dbg_hub/inst/BSCANID.u_xsdbm_id/SWITCH_N_EXT_BSCAN.bscan_switch/portno_temp[2]_i_1_n_0
    SLICE_X103Y118       FDRE                                         r  dbg_hub/inst/BSCANID.u_xsdbm_id/SWITCH_N_EXT_BSCAN.bscan_switch/portno_temp_reg[2]/D
  -------------------------------------------------------------------    -------------------

                         (clock dbg_hub/inst/BSCANID.u_xsdbm_id/SWITCH_N_EXT_BSCAN.bscan_inst/SERIES7_BSCAN.bscan_inst/TCK rise edge)
                                                     33.000    33.000 r  
    BSCAN_X0Y0           BSCANE2                      0.000    33.000 r  dbg_hub/inst/BSCANID.u_xsdbm_id/SWITCH_N_EXT_BSCAN.bscan_inst/SERIES7_BSCAN.bscan_inst/TCK
                         net (fo=1, routed)           1.849    34.849    dbg_hub/inst/BSCANID.u_xsdbm_id/tck_bs
    BUFGCTRL_X0Y16       BUFG (Prop_bufg_I_O)         0.091    34.940 r  dbg_hub/inst/BSCANID.u_xsdbm_id/SWITCH_N_EXT_BSCAN.u_bufg_icon_tck/O
                         net (fo=482, routed)         1.773    36.713    dbg_hub/inst/BSCANID.u_xsdbm_id/SWITCH_N_EXT_BSCAN.bscan_switch/s_bscan_tck
    SLICE_X103Y118       FDRE                                         r  dbg_hub/inst/BSCANID.u_xsdbm_id/SWITCH_N_EXT_BSCAN.bscan_switch/portno_temp_reg[2]/C
                         clock pessimism              0.424    37.137    
                         clock uncertainty           -0.035    37.102    
    SLICE_X103Y118       FDRE (Setup_fdre_C_D)        0.029    37.131    dbg_hub/inst/BSCANID.u_xsdbm_id/SWITCH_N_EXT_BSCAN.bscan_switch/portno_temp_reg[2]
  -------------------------------------------------------------------
                         required time                         37.131    
                         arrival time                         -10.828    
  -------------------------------------------------------------------
                         slack                                 26.302    

Slack (MET) :             26.307ns  (required time - arrival time)
  Source:                 dbg_hub/inst/BSCANID.u_xsdbm_id/SWITCH_N_EXT_BSCAN.bscan_switch/state_reg[2]/C
                            (rising edge-triggered cell FDRE clocked by dbg_hub/inst/BSCANID.u_xsdbm_id/SWITCH_N_EXT_BSCAN.bscan_inst/SERIES7_BSCAN.bscan_inst/TCK  {rise@0.000ns fall@16.500ns period=33.000ns})
  Destination:            dbg_hub/inst/BSCANID.u_xsdbm_id/SWITCH_N_EXT_BSCAN.bscan_switch/portno_temp_reg[3]/D
                            (rising edge-triggered cell FDRE clocked by dbg_hub/inst/BSCANID.u_xsdbm_id/SWITCH_N_EXT_BSCAN.bscan_inst/SERIES7_BSCAN.bscan_inst/TCK  {rise@0.000ns fall@16.500ns period=33.000ns})
  Path Group:             dbg_hub/inst/BSCANID.u_xsdbm_id/SWITCH_N_EXT_BSCAN.bscan_inst/SERIES7_BSCAN.bscan_inst/TCK
  Path Type:              Setup (Max at Slow Process Corner)
  Requirement:            33.000ns  (dbg_hub/inst/BSCANID.u_xsdbm_id/SWITCH_N_EXT_BSCAN.bscan_inst/SERIES7_BSCAN.bscan_inst/TCK rise@33.000ns - dbg_hub/inst/BSCANID.u_xsdbm_id/SWITCH_N_EXT_BSCAN.bscan_inst/SERIES7_BSCAN.bscan_inst/TCK rise@0.000ns)
  Data Path Delay:        6.629ns  (logic 1.664ns (25.104%)  route 4.965ns (74.896%))
  Logic Levels:           5  (CARRY4=1 LUT3=1 LUT4=1 LUT5=1 LUT6=1)
  Clock Path Skew:        -0.060ns (DCD - SCD + CPR)
    Destination Clock Delay (DCD):    3.713ns = ( 36.713 - 33.000 ) 
    Source Clock Delay      (SCD):    4.197ns
    Clock Pessimism Removal (CPR):    0.424ns
  Clock Uncertainty:      0.035ns  ((TSJ^2 + TIJ^2)^1/2 + DJ) / 2 + PE
    Total System Jitter     (TSJ):    0.071ns
    Total Input Jitter      (TIJ):    0.000ns
    Discrete Jitter          (DJ):    0.000ns
    Phase Error              (PE):    0.000ns

    Location             Delay type                Incr(ns)  Path(ns)    Netlist Resource(s)
  -------------------------------------------------------------------    -------------------
                         (clock dbg_hub/inst/BSCANID.u_xsdbm_id/SWITCH_N_EXT_BSCAN.bscan_inst/SERIES7_BSCAN.bscan_inst/TCK rise edge)
                                                      0.000     0.000 r  
    BSCAN_X0Y0           BSCANE2                      0.000     0.000 r  dbg_hub/inst/BSCANID.u_xsdbm_id/SWITCH_N_EXT_BSCAN.bscan_inst/SERIES7_BSCAN.bscan_inst/TCK
                         net (fo=1, routed)           2.131     2.131    dbg_hub/inst/BSCANID.u_xsdbm_id/tck_bs
    BUFGCTRL_X0Y16       BUFG (Prop_bufg_I_O)         0.101     2.232 r  dbg_hub/inst/BSCANID.u_xsdbm_id/SWITCH_N_EXT_BSCAN.u_bufg_icon_tck/O
                         net (fo=482, routed)         1.965     4.197    dbg_hub/inst/BSCANID.u_xsdbm_id/SWITCH_N_EXT_BSCAN.bscan_switch/s_bscan_tck
    SLICE_X104Y119       FDRE                                         r  dbg_hub/inst/BSCANID.u_xsdbm_id/SWITCH_N_EXT_BSCAN.bscan_switch/state_reg[2]/C
  -------------------------------------------------------------------    -------------------
    SLICE_X104Y119       FDRE (Prop_fdre_C_Q)         0.478     4.675 r  dbg_hub/inst/BSCANID.u_xsdbm_id/SWITCH_N_EXT_BSCAN.bscan_switch/state_reg[2]/Q
                         net (fo=50, routed)          2.087     6.761    dbg_hub/inst/BSCANID.u_xsdbm_id/SWITCH_N_EXT_BSCAN.bscan_switch/state[2]
    SLICE_X110Y120       LUT4 (Prop_lut4_I2_O)        0.301     7.062 r  dbg_hub/inst/BSCANID.u_xsdbm_id/SWITCH_N_EXT_BSCAN.bscan_switch/curid_inferred_i_12/O
                         net (fo=2, routed)           1.007     8.069    dbg_hub/inst/BSCANID.u_xsdbm_id/SWITCH_N_EXT_BSCAN.bscan_switch/curid[20]
    SLICE_X108Y120       LUT6 (Prop_lut6_I1_O)        0.124     8.193 r  dbg_hub/inst/BSCANID.u_xsdbm_id/SWITCH_N_EXT_BSCAN.bscan_switch/state_temp[0]_i_8/O
                         net (fo=1, routed)           0.000     8.193    dbg_hub/inst/BSCANID.u_xsdbm_id/SWITCH_N_EXT_BSCAN.bscan_switch/state_temp[0]_i_8_n_0
    SLICE_X108Y120       CARRY4 (Prop_carry4_S[0]_CO[3])
                                                      0.513     8.706 f  dbg_hub/inst/BSCANID.u_xsdbm_id/SWITCH_N_EXT_BSCAN.bscan_switch/state_temp_reg[0]_i_3/CO[3]
                         net (fo=4, routed)           1.529    10.235    dbg_hub/inst/BSCANID.u_xsdbm_id/SWITCH_N_EXT_BSCAN.bscan_switch/state_temp_reg[0]_i_3_n_0
    SLICE_X103Y119       LUT5 (Prop_lut5_I1_O)        0.124    10.359 r  dbg_hub/inst/BSCANID.u_xsdbm_id/SWITCH_N_EXT_BSCAN.bscan_switch/portno_temp[5]_i_2/O
                         net (fo=7, routed)           0.342    10.701    dbg_hub/inst/BSCANID.u_xsdbm_id/SWITCH_N_EXT_BSCAN.bscan_switch/portno_temp[5]_i_2_n_0
    SLICE_X103Y118       LUT3 (Prop_lut3_I1_O)        0.124    10.825 r  dbg_hub/inst/BSCANID.u_xsdbm_id/SWITCH_N_EXT_BSCAN.bscan_switch/portno_temp[3]_i_1/O
                         net (fo=1, routed)           0.000    10.825    dbg_hub/inst/BSCANID.u_xsdbm_id/SWITCH_N_EXT_BSCAN.bscan_switch/portno_temp[3]_i_1_n_0
    SLICE_X103Y118       FDRE                                         r  dbg_hub/inst/BSCANID.u_xsdbm_id/SWITCH_N_EXT_BSCAN.bscan_switch/portno_temp_reg[3]/D
  -------------------------------------------------------------------    -------------------

                         (clock dbg_hub/inst/BSCANID.u_xsdbm_id/SWITCH_N_EXT_BSCAN.bscan_inst/SERIES7_BSCAN.bscan_inst/TCK rise edge)
                                                     33.000    33.000 r  
    BSCAN_X0Y0           BSCANE2                      0.000    33.000 r  dbg_hub/inst/BSCANID.u_xsdbm_id/SWITCH_N_EXT_BSCAN.bscan_inst/SERIES7_BSCAN.bscan_inst/TCK
                         net (fo=1, routed)           1.849    34.849    dbg_hub/inst/BSCANID.u_xsdbm_id/tck_bs
    BUFGCTRL_X0Y16       BUFG (Prop_bufg_I_O)         0.091    34.940 r  dbg_hub/inst/BSCANID.u_xsdbm_id/SWITCH_N_EXT_BSCAN.u_bufg_icon_tck/O
                         net (fo=482, routed)         1.773    36.713    dbg_hub/inst/BSCANID.u_xsdbm_id/SWITCH_N_EXT_BSCAN.bscan_switch/s_bscan_tck
    SLICE_X103Y118       FDRE                                         r  dbg_hub/inst/BSCANID.u_xsdbm_id/SWITCH_N_EXT_BSCAN.bscan_switch/portno_temp_reg[3]/C
                         clock pessimism              0.424    37.137    
                         clock uncertainty           -0.035    37.102    
    SLICE_X103Y118       FDRE (Setup_fdre_C_D)        0.031    37.133    dbg_hub/inst/BSCANID.u_xsdbm_id/SWITCH_N_EXT_BSCAN.bscan_switch/portno_temp_reg[3]
  -------------------------------------------------------------------
                         required time                         37.133    
                         arrival time                         -10.825    
  -------------------------------------------------------------------
                         slack                                 26.307    

Slack (MET) :             26.411ns  (required time - arrival time)
  Source:                 dbg_hub/inst/BSCANID.u_xsdbm_id/SWITCH_N_EXT_BSCAN.bscan_switch/state_reg[2]/C
                            (rising edge-triggered cell FDRE clocked by dbg_hub/inst/BSCANID.u_xsdbm_id/SWITCH_N_EXT_BSCAN.bscan_inst/SERIES7_BSCAN.bscan_inst/TCK  {rise@0.000ns fall@16.500ns period=33.000ns})
  Destination:            dbg_hub/inst/BSCANID.u_xsdbm_id/SWITCH_N_EXT_BSCAN.bscan_switch/state_temp_reg[1]/D
                            (rising edge-triggered cell FDRE clocked by dbg_hub/inst/BSCANID.u_xsdbm_id/SWITCH_N_EXT_BSCAN.bscan_inst/SERIES7_BSCAN.bscan_inst/TCK  {rise@0.000ns fall@16.500ns period=33.000ns})
  Path Group:             dbg_hub/inst/BSCANID.u_xsdbm_id/SWITCH_N_EXT_BSCAN.bscan_inst/SERIES7_BSCAN.bscan_inst/TCK
  Path Type:              Setup (Max at Slow Process Corner)
  Requirement:            33.000ns  (dbg_hub/inst/BSCANID.u_xsdbm_id/SWITCH_N_EXT_BSCAN.bscan_inst/SERIES7_BSCAN.bscan_inst/TCK rise@33.000ns - dbg_hub/inst/BSCANID.u_xsdbm_id/SWITCH_N_EXT_BSCAN.bscan_inst/SERIES7_BSCAN.bscan_inst/TCK rise@0.000ns)
  Data Path Delay:        6.561ns  (logic 1.664ns (25.363%)  route 4.897ns (74.637%))
  Logic Levels:           5  (CARRY4=1 LUT4=1 LUT6=3)
  Clock Path Skew:        -0.022ns (DCD - SCD + CPR)
    Destination Clock Delay (DCD):    3.712ns = ( 36.712 - 33.000 ) 
    Source Clock Delay      (SCD):    4.197ns
    Clock Pessimism Removal (CPR):    0.463ns
  Clock Uncertainty:      0.035ns  ((TSJ^2 + TIJ^2)^1/2 + DJ) / 2 + PE
    Total System Jitter     (TSJ):    0.071ns
    Total Input Jitter      (TIJ):    0.000ns
    Discrete Jitter          (DJ):    0.000ns
    Phase Error              (PE):    0.000ns

    Location             Delay type                Incr(ns)  Path(ns)    Netlist Resource(s)
  -------------------------------------------------------------------    -------------------
                         (clock dbg_hub/inst/BSCANID.u_xsdbm_id/SWITCH_N_EXT_BSCAN.bscan_inst/SERIES7_BSCAN.bscan_inst/TCK rise edge)
                                                      0.000     0.000 r  
    BSCAN_X0Y0           BSCANE2                      0.000     0.000 r  dbg_hub/inst/BSCANID.u_xsdbm_id/SWITCH_N_EXT_BSCAN.bscan_inst/SERIES7_BSCAN.bscan_inst/TCK
                         net (fo=1, routed)           2.131     2.131    dbg_hub/inst/BSCANID.u_xsdbm_id/tck_bs
    BUFGCTRL_X0Y16       BUFG (Prop_bufg_I_O)         0.101     2.232 r  dbg_hub/inst/BSCANID.u_xsdbm_id/SWITCH_N_EXT_BSCAN.u_bufg_icon_tck/O
                         net (fo=482, routed)         1.965     4.197    dbg_hub/inst/BSCANID.u_xsdbm_id/SWITCH_N_EXT_BSCAN.bscan_switch/s_bscan_tck
    SLICE_X104Y119       FDRE                                         r  dbg_hub/inst/BSCANID.u_xsdbm_id/SWITCH_N_EXT_BSCAN.bscan_switch/state_reg[2]/C
  -------------------------------------------------------------------    -------------------
    SLICE_X104Y119       FDRE (Prop_fdre_C_Q)         0.478     4.675 r  dbg_hub/inst/BSCANID.u_xsdbm_id/SWITCH_N_EXT_BSCAN.bscan_switch/state_reg[2]/Q
                         net (fo=50, routed)          2.087     6.761    dbg_hub/inst/BSCANID.u_xsdbm_id/SWITCH_N_EXT_BSCAN.bscan_switch/state[2]
    SLICE_X110Y120       LUT4 (Prop_lut4_I2_O)        0.301     7.062 r  dbg_hub/inst/BSCANID.u_xsdbm_id/SWITCH_N_EXT_BSCAN.bscan_switch/curid_inferred_i_12/O
                         net (fo=2, routed)           1.007     8.069    dbg_hub/inst/BSCANID.u_xsdbm_id/SWITCH_N_EXT_BSCAN.bscan_switch/curid[20]
    SLICE_X108Y120       LUT6 (Prop_lut6_I1_O)        0.124     8.193 r  dbg_hub/inst/BSCANID.u_xsdbm_id/SWITCH_N_EXT_BSCAN.bscan_switch/state_temp[0]_i_8/O
                         net (fo=1, routed)           0.000     8.193    dbg_hub/inst/BSCANID.u_xsdbm_id/SWITCH_N_EXT_BSCAN.bscan_switch/state_temp[0]_i_8_n_0
    SLICE_X108Y120       CARRY4 (Prop_carry4_S[0]_CO[3])
                                                      0.513     8.706 f  dbg_hub/inst/BSCANID.u_xsdbm_id/SWITCH_N_EXT_BSCAN.bscan_switch/state_temp_reg[0]_i_3/CO[3]
                         net (fo=4, routed)           1.370    10.077    dbg_hub/inst/BSCANID.u_xsdbm_id/SWITCH_N_EXT_BSCAN.bscan_switch/state_temp_reg[0]_i_3_n_0
    SLICE_X105Y119       LUT6 (Prop_lut6_I5_O)        0.124    10.201 f  dbg_hub/inst/BSCANID.u_xsdbm_id/SWITCH_N_EXT_BSCAN.bscan_switch/state_temp[1]_i_2/O
                         net (fo=1, routed)           0.433    10.634    dbg_hub/inst/BSCANID.u_xsdbm_id/SWITCH_N_EXT_BSCAN.bscan_switch/state_temp[1]_i_2_n_0
    SLICE_X105Y119       LUT6 (Prop_lut6_I5_O)        0.124    10.758 r  dbg_hub/inst/BSCANID.u_xsdbm_id/SWITCH_N_EXT_BSCAN.bscan_switch/state_temp[1]_i_1/O
                         net (fo=1, routed)           0.000    10.758    dbg_hub/inst/BSCANID.u_xsdbm_id/SWITCH_N_EXT_BSCAN.bscan_switch/state_temp[1]_i_1_n_0
    SLICE_X105Y119       FDRE                                         r  dbg_hub/inst/BSCANID.u_xsdbm_id/SWITCH_N_EXT_BSCAN.bscan_switch/state_temp_reg[1]/D
  -------------------------------------------------------------------    -------------------

                         (clock dbg_hub/inst/BSCANID.u_xsdbm_id/SWITCH_N_EXT_BSCAN.bscan_inst/SERIES7_BSCAN.bscan_inst/TCK rise edge)
                                                     33.000    33.000 r  
    BSCAN_X0Y0           BSCANE2                      0.000    33.000 r  dbg_hub/inst/BSCANID.u_xsdbm_id/SWITCH_N_EXT_BSCAN.bscan_inst/SERIES7_BSCAN.bscan_inst/TCK
                         net (fo=1, routed)           1.849    34.849    dbg_hub/inst/BSCANID.u_xsdbm_id/tck_bs
    BUFGCTRL_X0Y16       BUFG (Prop_bufg_I_O)         0.091    34.940 r  dbg_hub/inst/BSCANID.u_xsdbm_id/SWITCH_N_EXT_BSCAN.u_bufg_icon_tck/O
                         net (fo=482, routed)         1.772    36.712    dbg_hub/inst/BSCANID.u_xsdbm_id/SWITCH_N_EXT_BSCAN.bscan_switch/s_bscan_tck
    SLICE_X105Y119       FDRE                                         r  dbg_hub/inst/BSCANID.u_xsdbm_id/SWITCH_N_EXT_BSCAN.bscan_switch/state_temp_reg[1]/C
                         clock pessimism              0.463    37.175    
                         clock uncertainty           -0.035    37.140    
    SLICE_X105Y119       FDRE (Setup_fdre_C_D)        0.029    37.169    dbg_hub/inst/BSCANID.u_xsdbm_id/SWITCH_N_EXT_BSCAN.bscan_switch/state_temp_reg[1]
  -------------------------------------------------------------------
                         required time                         37.169    
                         arrival time                         -10.758    
  -------------------------------------------------------------------
                         slack                                 26.411    

Slack (MET) :             26.468ns  (required time - arrival time)
  Source:                 dbg_hub/inst/BSCANID.u_xsdbm_id/SWITCH_N_EXT_BSCAN.bscan_switch/state_reg[2]/C
                            (rising edge-triggered cell FDRE clocked by dbg_hub/inst/BSCANID.u_xsdbm_id/SWITCH_N_EXT_BSCAN.bscan_inst/SERIES7_BSCAN.bscan_inst/TCK  {rise@0.000ns fall@16.500ns period=33.000ns})
  Destination:            dbg_hub/inst/BSCANID.u_xsdbm_id/SWITCH_N_EXT_BSCAN.bscan_switch/portno_temp_reg[1]/D
                            (rising edge-triggered cell FDRE clocked by dbg_hub/inst/BSCANID.u_xsdbm_id/SWITCH_N_EXT_BSCAN.bscan_inst/SERIES7_BSCAN.bscan_inst/TCK  {rise@0.000ns fall@16.500ns period=33.000ns})
  Path Group:             dbg_hub/inst/BSCANID.u_xsdbm_id/SWITCH_N_EXT_BSCAN.bscan_inst/SERIES7_BSCAN.bscan_inst/TCK
  Path Type:              Setup (Max at Slow Process Corner)
  Requirement:            33.000ns  (dbg_hub/inst/BSCANID.u_xsdbm_id/SWITCH_N_EXT_BSCAN.bscan_inst/SERIES7_BSCAN.bscan_inst/TCK rise@33.000ns - dbg_hub/inst/BSCANID.u_xsdbm_id/SWITCH_N_EXT_BSCAN.bscan_inst/SERIES7_BSCAN.bscan_inst/TCK rise@0.000ns)
  Data Path Delay:        6.464ns  (logic 1.664ns (25.741%)  route 4.800ns (74.259%))
  Logic Levels:           5  (CARRY4=1 LUT3=1 LUT4=1 LUT5=1 LUT6=1)
  Clock Path Skew:        -0.061ns (DCD - SCD + CPR)
    Destination Clock Delay (DCD):    3.712ns = ( 36.712 - 33.000 ) 
    Source Clock Delay      (SCD):    4.197ns
    Clock Pessimism Removal (CPR):    0.424ns
  Clock Uncertainty:      0.035ns  ((TSJ^2 + TIJ^2)^1/2 + DJ) / 2 + PE
    Total System Jitter     (TSJ):    0.071ns
    Total Input Jitter      (TIJ):    0.000ns
    Discrete Jitter          (DJ):    0.000ns
    Phase Error              (PE):    0.000ns

    Location             Delay type                Incr(ns)  Path(ns)    Netlist Resource(s)
  -------------------------------------------------------------------    -------------------
                         (clock dbg_hub/inst/BSCANID.u_xsdbm_id/SWITCH_N_EXT_BSCAN.bscan_inst/SERIES7_BSCAN.bscan_inst/TCK rise edge)
                                                      0.000     0.000 r  
    BSCAN_X0Y0           BSCANE2                      0.000     0.000 r  dbg_hub/inst/BSCANID.u_xsdbm_id/SWITCH_N_EXT_BSCAN.bscan_inst/SERIES7_BSCAN.bscan_inst/TCK
                         net (fo=1, routed)           2.131     2.131    dbg_hub/inst/BSCANID.u_xsdbm_id/tck_bs
    BUFGCTRL_X0Y16       BUFG (Prop_bufg_I_O)         0.101     2.232 r  dbg_hub/inst/BSCANID.u_xsdbm_id/SWITCH_N_EXT_BSCAN.u_bufg_icon_tck/O
                         net (fo=482, routed)         1.965     4.197    dbg_hub/inst/BSCANID.u_xsdbm_id/SWITCH_N_EXT_BSCAN.bscan_switch/s_bscan_tck
    SLICE_X104Y119       FDRE                                         r  dbg_hub/inst/BSCANID.u_xsdbm_id/SWITCH_N_EXT_BSCAN.bscan_switch/state_reg[2]/C
  -------------------------------------------------------------------    -------------------
    SLICE_X104Y119       FDRE (Prop_fdre_C_Q)         0.478     4.675 r  dbg_hub/inst/BSCANID.u_xsdbm_id/SWITCH_N_EXT_BSCAN.bscan_switch/state_reg[2]/Q
                         net (fo=50, routed)          2.087     6.761    dbg_hub/inst/BSCANID.u_xsdbm_id/SWITCH_N_EXT_BSCAN.bscan_switch/state[2]
    SLICE_X110Y120       LUT4 (Prop_lut4_I2_O)        0.301     7.062 r  dbg_hub/inst/BSCANID.u_xsdbm_id/SWITCH_N_EXT_BSCAN.bscan_switch/curid_inferred_i_12/O
                         net (fo=2, routed)           1.007     8.069    dbg_hub/inst/BSCANID.u_xsdbm_id/SWITCH_N_EXT_BSCAN.bscan_switch/curid[20]
    SLICE_X108Y120       LUT6 (Prop_lut6_I1_O)        0.124     8.193 r  dbg_hub/inst/BSCANID.u_xsdbm_id/SWITCH_N_EXT_BSCAN.bscan_switch/state_temp[0]_i_8/O
                         net (fo=1, routed)           0.000     8.193    dbg_hub/inst/BSCANID.u_xsdbm_id/SWITCH_N_EXT_BSCAN.bscan_switch/state_temp[0]_i_8_n_0
    SLICE_X108Y120       CARRY4 (Prop_carry4_S[0]_CO[3])
                                                      0.513     8.706 f  dbg_hub/inst/BSCANID.u_xsdbm_id/SWITCH_N_EXT_BSCAN.bscan_switch/state_temp_reg[0]_i_3/CO[3]
                         net (fo=4, routed)           1.529    10.235    dbg_hub/inst/BSCANID.u_xsdbm_id/SWITCH_N_EXT_BSCAN.bscan_switch/state_temp_reg[0]_i_3_n_0
    SLICE_X103Y119       LUT5 (Prop_lut5_I1_O)        0.124    10.359 r  dbg_hub/inst/BSCANID.u_xsdbm_id/SWITCH_N_EXT_BSCAN.bscan_switch/portno_temp[5]_i_2/O
                         net (fo=7, routed)           0.178    10.537    dbg_hub/inst/BSCANID.u_xsdbm_id/SWITCH_N_EXT_BSCAN.bscan_switch/portno_temp[5]_i_2_n_0
    SLICE_X103Y119       LUT3 (Prop_lut3_I1_O)        0.124    10.661 r  dbg_hub/inst/BSCANID.u_xsdbm_id/SWITCH_N_EXT_BSCAN.bscan_switch/portno_temp[1]_i_1/O
                         net (fo=1, routed)           0.000    10.661    dbg_hub/inst/BSCANID.u_xsdbm_id/SWITCH_N_EXT_BSCAN.bscan_switch/portno_temp[1]_i_1_n_0
    SLICE_X103Y119       FDRE                                         r  dbg_hub/inst/BSCANID.u_xsdbm_id/SWITCH_N_EXT_BSCAN.bscan_switch/portno_temp_reg[1]/D
  -------------------------------------------------------------------    -------------------

                         (clock dbg_hub/inst/BSCANID.u_xsdbm_id/SWITCH_N_EXT_BSCAN.bscan_inst/SERIES7_BSCAN.bscan_inst/TCK rise edge)
                                                     33.000    33.000 r  
    BSCAN_X0Y0           BSCANE2                      0.000    33.000 r  dbg_hub/inst/BSCANID.u_xsdbm_id/SWITCH_N_EXT_BSCAN.bscan_inst/SERIES7_BSCAN.bscan_inst/TCK
                         net (fo=1, routed)           1.849    34.849    dbg_hub/inst/BSCANID.u_xsdbm_id/tck_bs
    BUFGCTRL_X0Y16       BUFG (Prop_bufg_I_O)         0.091    34.940 r  dbg_hub/inst/BSCANID.u_xsdbm_id/SWITCH_N_EXT_BSCAN.u_bufg_icon_tck/O
                         net (fo=482, routed)         1.772    36.712    dbg_hub/inst/BSCANID.u_xsdbm_id/SWITCH_N_EXT_BSCAN.bscan_switch/s_bscan_tck
    SLICE_X103Y119       FDRE                                         r  dbg_hub/inst/BSCANID.u_xsdbm_id/SWITCH_N_EXT_BSCAN.bscan_switch/portno_temp_reg[1]/C
                         clock pessimism              0.424    37.136    
                         clock uncertainty           -0.035    37.101    
    SLICE_X103Y119       FDRE (Setup_fdre_C_D)        0.029    37.130    dbg_hub/inst/BSCANID.u_xsdbm_id/SWITCH_N_EXT_BSCAN.bscan_switch/portno_temp_reg[1]
  -------------------------------------------------------------------
                         required time                         37.130    
                         arrival time                         -10.661    
  -------------------------------------------------------------------
                         slack                                 26.468    

Slack (MET) :             26.473ns  (required time - arrival time)
  Source:                 dbg_hub/inst/BSCANID.u_xsdbm_id/SWITCH_N_EXT_BSCAN.bscan_switch/state_reg[2]/C
                            (rising edge-triggered cell FDRE clocked by dbg_hub/inst/BSCANID.u_xsdbm_id/SWITCH_N_EXT_BSCAN.bscan_inst/SERIES7_BSCAN.bscan_inst/TCK  {rise@0.000ns fall@16.500ns period=33.000ns})
  Destination:            dbg_hub/inst/BSCANID.u_xsdbm_id/SWITCH_N_EXT_BSCAN.bscan_switch/portno_temp_reg[5]/D
                            (rising edge-triggered cell FDRE clocked by dbg_hub/inst/BSCANID.u_xsdbm_id/SWITCH_N_EXT_BSCAN.bscan_inst/SERIES7_BSCAN.bscan_inst/TCK  {rise@0.000ns fall@16.500ns period=33.000ns})
  Path Group:             dbg_hub/inst/BSCANID.u_xsdbm_id/SWITCH_N_EXT_BSCAN.bscan_inst/SERIES7_BSCAN.bscan_inst/TCK
  Path Type:              Setup (Max at Slow Process Corner)
  Requirement:            33.000ns  (dbg_hub/inst/BSCANID.u_xsdbm_id/SWITCH_N_EXT_BSCAN.bscan_inst/SERIES7_BSCAN.bscan_inst/TCK rise@33.000ns - dbg_hub/inst/BSCANID.u_xsdbm_id/SWITCH_N_EXT_BSCAN.bscan_inst/SERIES7_BSCAN.bscan_inst/TCK rise@0.000ns)
  Data Path Delay:        6.461ns  (logic 1.664ns (25.753%)  route 4.797ns (74.247%))
  Logic Levels:           5  (CARRY4=1 LUT3=1 LUT4=1 LUT5=1 LUT6=1)
  Clock Path Skew:        -0.061ns (DCD - SCD + CPR)
    Destination Clock Delay (DCD):    3.712ns = ( 36.712 - 33.000 ) 
    Source Clock Delay      (SCD):    4.197ns
    Clock Pessimism Removal (CPR):    0.424ns
  Clock Uncertainty:      0.035ns  ((TSJ^2 + TIJ^2)^1/2 + DJ) / 2 + PE
    Total System Jitter     (TSJ):    0.071ns
    Total Input Jitter      (TIJ):    0.000ns
    Discrete Jitter          (DJ):    0.000ns
    Phase Error              (PE):    0.000ns

    Location             Delay type                Incr(ns)  Path(ns)    Netlist Resource(s)
  -------------------------------------------------------------------    -------------------
                         (clock dbg_hub/inst/BSCANID.u_xsdbm_id/SWITCH_N_EXT_BSCAN.bscan_inst/SERIES7_BSCAN.bscan_inst/TCK rise edge)
                                                      0.000     0.000 r  
    BSCAN_X0Y0           BSCANE2                      0.000     0.000 r  dbg_hub/inst/BSCANID.u_xsdbm_id/SWITCH_N_EXT_BSCAN.bscan_inst/SERIES7_BSCAN.bscan_inst/TCK
                         net (fo=1, routed)           2.131     2.131    dbg_hub/inst/BSCANID.u_xsdbm_id/tck_bs
    BUFGCTRL_X0Y16       BUFG (Prop_bufg_I_O)         0.101     2.232 r  dbg_hub/inst/BSCANID.u_xsdbm_id/SWITCH_N_EXT_BSCAN.u_bufg_icon_tck/O
                         net (fo=482, routed)         1.965     4.197    dbg_hub/inst/BSCANID.u_xsdbm_id/SWITCH_N_EXT_BSCAN.bscan_switch/s_bscan_tck
    SLICE_X104Y119       FDRE                                         r  dbg_hub/inst/BSCANID.u_xsdbm_id/SWITCH_N_EXT_BSCAN.bscan_switch/state_reg[2]/C
  -------------------------------------------------------------------    -------------------
    SLICE_X104Y119       FDRE (Prop_fdre_C_Q)         0.478     4.675 r  dbg_hub/inst/BSCANID.u_xsdbm_id/SWITCH_N_EXT_BSCAN.bscan_switch/state_reg[2]/Q
                         net (fo=50, routed)          2.087     6.761    dbg_hub/inst/BSCANID.u_xsdbm_id/SWITCH_N_EXT_BSCAN.bscan_switch/state[2]
    SLICE_X110Y120       LUT4 (Prop_lut4_I2_O)        0.301     7.062 r  dbg_hub/inst/BSCANID.u_xsdbm_id/SWITCH_N_EXT_BSCAN.bscan_switch/curid_inferred_i_12/O
                         net (fo=2, routed)           1.007     8.069    dbg_hub/inst/BSCANID.u_xsdbm_id/SWITCH_N_EXT_BSCAN.bscan_switch/curid[20]
    SLICE_X108Y120       LUT6 (Prop_lut6_I1_O)        0.124     8.193 r  dbg_hub/inst/BSCANID.u_xsdbm_id/SWITCH_N_EXT_BSCAN.bscan_switch/state_temp[0]_i_8/O
                         net (fo=1, routed)           0.000     8.193    dbg_hub/inst/BSCANID.u_xsdbm_id/SWITCH_N_EXT_BSCAN.bscan_switch/state_temp[0]_i_8_n_0
    SLICE_X108Y120       CARRY4 (Prop_carry4_S[0]_CO[3])
                                                      0.513     8.706 f  dbg_hub/inst/BSCANID.u_xsdbm_id/SWITCH_N_EXT_BSCAN.bscan_switch/state_temp_reg[0]_i_3/CO[3]
                         net (fo=4, routed)           1.529    10.235    dbg_hub/inst/BSCANID.u_xsdbm_id/SWITCH_N_EXT_BSCAN.bscan_switch/state_temp_reg[0]_i_3_n_0
    SLICE_X103Y119       LUT5 (Prop_lut5_I1_O)        0.124    10.359 r  dbg_hub/inst/BSCANID.u_xsdbm_id/SWITCH_N_EXT_BSCAN.bscan_switch/portno_temp[5]_i_2/O
                         net (fo=7, routed)           0.175    10.534    dbg_hub/inst/BSCANID.u_xsdbm_id/SWITCH_N_EXT_BSCAN.bscan_switch/portno_temp[5]_i_2_n_0
    SLICE_X103Y119       LUT3 (Prop_lut3_I1_O)        0.124    10.658 r  dbg_hub/inst/BSCANID.u_xsdbm_id/SWITCH_N_EXT_BSCAN.bscan_switch/portno_temp[5]_i_1/O
                         net (fo=1, routed)           0.000    10.658    dbg_hub/inst/BSCANID.u_xsdbm_id/SWITCH_N_EXT_BSCAN.bscan_switch/portno_temp[5]_i_1_n_0
    SLICE_X103Y119       FDRE                                         r  dbg_hub/inst/BSCANID.u_xsdbm_id/SWITCH_N_EXT_BSCAN.bscan_switch/portno_temp_reg[5]/D
  -------------------------------------------------------------------    -------------------

                         (clock dbg_hub/inst/BSCANID.u_xsdbm_id/SWITCH_N_EXT_BSCAN.bscan_inst/SERIES7_BSCAN.bscan_inst/TCK rise edge)
                                                     33.000    33.000 r  
    BSCAN_X0Y0           BSCANE2                      0.000    33.000 r  dbg_hub/inst/BSCANID.u_xsdbm_id/SWITCH_N_EXT_BSCAN.bscan_inst/SERIES7_BSCAN.bscan_inst/TCK
                         net (fo=1, routed)           1.849    34.849    dbg_hub/inst/BSCANID.u_xsdbm_id/tck_bs
    BUFGCTRL_X0Y16       BUFG (Prop_bufg_I_O)         0.091    34.940 r  dbg_hub/inst/BSCANID.u_xsdbm_id/SWITCH_N_EXT_BSCAN.u_bufg_icon_tck/O
                         net (fo=482, routed)         1.772    36.712    dbg_hub/inst/BSCANID.u_xsdbm_id/SWITCH_N_EXT_BSCAN.bscan_switch/s_bscan_tck
    SLICE_X103Y119       FDRE                                         r  dbg_hub/inst/BSCANID.u_xsdbm_id/SWITCH_N_EXT_BSCAN.bscan_switch/portno_temp_reg[5]/C
                         clock pessimism              0.424    37.136    
                         clock uncertainty           -0.035    37.101    
    SLICE_X103Y119       FDRE (Setup_fdre_C_D)        0.031    37.132    dbg_hub/inst/BSCANID.u_xsdbm_id/SWITCH_N_EXT_BSCAN.bscan_switch/portno_temp_reg[5]
  -------------------------------------------------------------------
                         required time                         37.132    
                         arrival time                         -10.658    
  -------------------------------------------------------------------
                         slack                                 26.473    

Slack (MET) :             26.925ns  (required time - arrival time)
  Source:                 dbg_hub/inst/BSCANID.u_xsdbm_id/SWITCH_N_EXT_BSCAN.bscan_switch/state_reg[2]/C
                            (rising edge-triggered cell FDRE clocked by dbg_hub/inst/BSCANID.u_xsdbm_id/SWITCH_N_EXT_BSCAN.bscan_inst/SERIES7_BSCAN.bscan_inst/TCK  {rise@0.000ns fall@16.500ns period=33.000ns})
  Destination:            dbg_hub/inst/BSCANID.u_xsdbm_id/SWITCH_N_EXT_BSCAN.bscan_switch/state_temp_reg[0]/D
                            (rising edge-triggered cell FDRE clocked by dbg_hub/inst/BSCANID.u_xsdbm_id/SWITCH_N_EXT_BSCAN.bscan_inst/SERIES7_BSCAN.bscan_inst/TCK  {rise@0.000ns fall@16.500ns period=33.000ns})
  Path Group:             dbg_hub/inst/BSCANID.u_xsdbm_id/SWITCH_N_EXT_BSCAN.bscan_inst/SERIES7_BSCAN.bscan_inst/TCK
  Path Type:              Setup (Max at Slow Process Corner)
  Requirement:            33.000ns  (dbg_hub/inst/BSCANID.u_xsdbm_id/SWITCH_N_EXT_BSCAN.bscan_inst/SERIES7_BSCAN.bscan_inst/TCK rise@33.000ns - dbg_hub/inst/BSCANID.u_xsdbm_id/SWITCH_N_EXT_BSCAN.bscan_inst/SERIES7_BSCAN.bscan_inst/TCK rise@0.000ns)
  Data Path Delay:        6.117ns  (logic 1.664ns (27.202%)  route 4.453ns (72.798%))
  Logic Levels:           5  (CARRY4=1 LUT4=1 LUT6=3)
  Clock Path Skew:        0.000ns (DCD - SCD + CPR)
    Destination Clock Delay (DCD):    3.712ns = ( 36.712 - 33.000 ) 
    Source Clock Delay      (SCD):    4.197ns
    Clock Pessimism Removal (CPR):    0.485ns
  Clock Uncertainty:      0.035ns  ((TSJ^2 + TIJ^2)^1/2 + DJ) / 2 + PE
    Total System Jitter     (TSJ):    0.071ns
    Total Input Jitter      (TIJ):    0.000ns
    Discrete Jitter          (DJ):    0.000ns
    Phase Error              (PE):    0.000ns

    Location             Delay type                Incr(ns)  Path(ns)    Netlist Resource(s)
  -------------------------------------------------------------------    -------------------
                         (clock dbg_hub/inst/BSCANID.u_xsdbm_id/SWITCH_N_EXT_BSCAN.bscan_inst/SERIES7_BSCAN.bscan_inst/TCK rise edge)
                                                      0.000     0.000 r  
    BSCAN_X0Y0           BSCANE2                      0.000     0.000 r  dbg_hub/inst/BSCANID.u_xsdbm_id/SWITCH_N_EXT_BSCAN.bscan_inst/SERIES7_BSCAN.bscan_inst/TCK
                         net (fo=1, routed)           2.131     2.131    dbg_hub/inst/BSCANID.u_xsdbm_id/tck_bs
    BUFGCTRL_X0Y16       BUFG (Prop_bufg_I_O)         0.101     2.232 r  dbg_hub/inst/BSCANID.u_xsdbm_id/SWITCH_N_EXT_BSCAN.u_bufg_icon_tck/O
                         net (fo=482, routed)         1.965     4.197    dbg_hub/inst/BSCANID.u_xsdbm_id/SWITCH_N_EXT_BSCAN.bscan_switch/s_bscan_tck
    SLICE_X104Y119       FDRE                                         r  dbg_hub/inst/BSCANID.u_xsdbm_id/SWITCH_N_EXT_BSCAN.bscan_switch/state_reg[2]/C
  -------------------------------------------------------------------    -------------------
    SLICE_X104Y119       FDRE (Prop_fdre_C_Q)         0.478     4.675 r  dbg_hub/inst/BSCANID.u_xsdbm_id/SWITCH_N_EXT_BSCAN.bscan_switch/state_reg[2]/Q
                         net (fo=50, routed)          2.087     6.761    dbg_hub/inst/BSCANID.u_xsdbm_id/SWITCH_N_EXT_BSCAN.bscan_switch/state[2]
    SLICE_X110Y120       LUT4 (Prop_lut4_I2_O)        0.301     7.062 r  dbg_hub/inst/BSCANID.u_xsdbm_id/SWITCH_N_EXT_BSCAN.bscan_switch/curid_inferred_i_12/O
                         net (fo=2, routed)           1.007     8.069    dbg_hub/inst/BSCANID.u_xsdbm_id/SWITCH_N_EXT_BSCAN.bscan_switch/curid[20]
    SLICE_X108Y120       LUT6 (Prop_lut6_I1_O)        0.124     8.193 r  dbg_hub/inst/BSCANID.u_xsdbm_id/SWITCH_N_EXT_BSCAN.bscan_switch/state_temp[0]_i_8/O
                         net (fo=1, routed)           0.000     8.193    dbg_hub/inst/BSCANID.u_xsdbm_id/SWITCH_N_EXT_BSCAN.bscan_switch/state_temp[0]_i_8_n_0
    SLICE_X108Y120       CARRY4 (Prop_carry4_S[0]_CO[3])
                                                      0.513     8.706 f  dbg_hub/inst/BSCANID.u_xsdbm_id/SWITCH_N_EXT_BSCAN.bscan_switch/state_temp_reg[0]_i_3/CO[3]
                         net (fo=4, routed)           0.876     9.583    dbg_hub/inst/BSCANID.u_xsdbm_id/SWITCH_N_EXT_BSCAN.bscan_switch/state_temp_reg[0]_i_3_n_0
    SLICE_X104Y119       LUT6 (Prop_lut6_I0_O)        0.124     9.707 r  dbg_hub/inst/BSCANID.u_xsdbm_id/SWITCH_N_EXT_BSCAN.bscan_switch/state_temp[0]_i_2/O
                         net (fo=1, routed)           0.483    10.190    dbg_hub/inst/BSCANID.u_xsdbm_id/SWITCH_N_EXT_BSCAN.bscan_switch/state_temp[0]_i_2_n_0
    SLICE_X104Y119       LUT6 (Prop_lut6_I0_O)        0.124    10.314 r  dbg_hub/inst/BSCANID.u_xsdbm_id/SWITCH_N_EXT_BSCAN.bscan_switch/state_temp[0]_i_1/O
                         net (fo=1, routed)           0.000    10.314    dbg_hub/inst/BSCANID.u_xsdbm_id/SWITCH_N_EXT_BSCAN.bscan_switch/state_temp[0]_i_1_n_0
    SLICE_X104Y119       FDRE                                         r  dbg_hub/inst/BSCANID.u_xsdbm_id/SWITCH_N_EXT_BSCAN.bscan_switch/state_temp_reg[0]/D
  -------------------------------------------------------------------    -------------------

                         (clock dbg_hub/inst/BSCANID.u_xsdbm_id/SWITCH_N_EXT_BSCAN.bscan_inst/SERIES7_BSCAN.bscan_inst/TCK rise edge)
                                                     33.000    33.000 r  
    BSCAN_X0Y0           BSCANE2                      0.000    33.000 r  dbg_hub/inst/BSCANID.u_xsdbm_id/SWITCH_N_EXT_BSCAN.bscan_inst/SERIES7_BSCAN.bscan_inst/TCK
                         net (fo=1, routed)           1.849    34.849    dbg_hub/inst/BSCANID.u_xsdbm_id/tck_bs
    BUFGCTRL_X0Y16       BUFG (Prop_bufg_I_O)         0.091    34.940 r  dbg_hub/inst/BSCANID.u_xsdbm_id/SWITCH_N_EXT_BSCAN.u_bufg_icon_tck/O
                         net (fo=482, routed)         1.772    36.712    dbg_hub/inst/BSCANID.u_xsdbm_id/SWITCH_N_EXT_BSCAN.bscan_switch/s_bscan_tck
    SLICE_X104Y119       FDRE                                         r  dbg_hub/inst/BSCANID.u_xsdbm_id/SWITCH_N_EXT_BSCAN.bscan_switch/state_temp_reg[0]/C
                         clock pessimism              0.485    37.197    
                         clock uncertainty           -0.035    37.162    
    SLICE_X104Y119       FDRE (Setup_fdre_C_D)        0.077    37.239    dbg_hub/inst/BSCANID.u_xsdbm_id/SWITCH_N_EXT_BSCAN.bscan_switch/state_temp_reg[0]
  -------------------------------------------------------------------
                         required time                         37.239    
                         arrival time                         -10.314    
  -------------------------------------------------------------------
                         slack                                 26.925    

Slack (MET) :             27.921ns  (required time - arrival time)
  Source:                 dbg_hub/inst/BSCANID.u_xsdbm_id/CORE_XSDB.UUT_MASTER/U_ICON_INTERFACE/icn_cmd_en_reg[6]/C
                            (rising edge-triggered cell FDRE clocked by dbg_hub/inst/BSCANID.u_xsdbm_id/SWITCH_N_EXT_BSCAN.bscan_inst/SERIES7_BSCAN.bscan_inst/TCK  {rise@0.000ns fall@16.500ns period=33.000ns})
  Destination:            dbg_hub/inst/BSCANID.u_xsdbm_id/CORE_XSDB.UUT_MASTER/U_ICON_INTERFACE/U_CMD6_WR/U_WR_FIFO/SUBCORE_FIFO.xsdbm_v3_0_0_wrfifo_inst/inst_fifo_gen/gconvfifo.rf/grf.rf/gntv_or_sync_fifo.mem/gdm.dm_gen.dm/RAM_reg_0_15_6_11/RAMA/WE
                            (rising edge-triggered cell RAMD32 clocked by dbg_hub/inst/BSCANID.u_xsdbm_id/SWITCH_N_EXT_BSCAN.bscan_inst/SERIES7_BSCAN.bscan_inst/TCK  {rise@0.000ns fall@16.500ns period=33.000ns})
  Path Group:             dbg_hub/inst/BSCANID.u_xsdbm_id/SWITCH_N_EXT_BSCAN.bscan_inst/SERIES7_BSCAN.bscan_inst/TCK
  Path Type:              Setup (Max at Slow Process Corner)
  Requirement:            33.000ns  (dbg_hub/inst/BSCANID.u_xsdbm_id/SWITCH_N_EXT_BSCAN.bscan_inst/SERIES7_BSCAN.bscan_inst/TCK rise@33.000ns - dbg_hub/inst/BSCANID.u_xsdbm_id/SWITCH_N_EXT_BSCAN.bscan_inst/SERIES7_BSCAN.bscan_inst/TCK rise@0.000ns)
  Data Path Delay:        4.389ns  (logic 0.766ns (17.455%)  route 3.623ns (82.545%))
  Logic Levels:           2  (LUT2=1 LUT6=1)
  Clock Path Skew:        -0.122ns (DCD - SCD + CPR)
    Destination Clock Delay (DCD):    3.642ns = ( 36.642 - 33.000 ) 
    Source Clock Delay      (SCD):    4.188ns
    Clock Pessimism Removal (CPR):    0.424ns
  Clock Uncertainty:      0.035ns  ((TSJ^2 + TIJ^2)^1/2 + DJ) / 2 + PE
    Total System Jitter     (TSJ):    0.071ns
    Total Input Jitter      (TIJ):    0.000ns
    Discrete Jitter          (DJ):    0.000ns
    Phase Error              (PE):    0.000ns

    Location             Delay type                Incr(ns)  Path(ns)    Netlist Resource(s)
  -------------------------------------------------------------------    -------------------
                         (clock dbg_hub/inst/BSCANID.u_xsdbm_id/SWITCH_N_EXT_BSCAN.bscan_inst/SERIES7_BSCAN.bscan_inst/TCK rise edge)
                                                      0.000     0.000 r  
    BSCAN_X0Y0           BSCANE2                      0.000     0.000 r  dbg_hub/inst/BSCANID.u_xsdbm_id/SWITCH_N_EXT_BSCAN.bscan_inst/SERIES7_BSCAN.bscan_inst/TCK
                         net (fo=1, routed)           2.131     2.131    dbg_hub/inst/BSCANID.u_xsdbm_id/tck_bs
    BUFGCTRL_X0Y16       BUFG (Prop_bufg_I_O)         0.101     2.232 r  dbg_hub/inst/BSCANID.u_xsdbm_id/SWITCH_N_EXT_BSCAN.u_bufg_icon_tck/O
                         net (fo=482, routed)         1.956     4.188    dbg_hub/inst/BSCANID.u_xsdbm_id/CORE_XSDB.UUT_MASTER/U_ICON_INTERFACE/m_bscan_tck[0]
    SLICE_X94Y125        FDRE                                         r  dbg_hub/inst/BSCANID.u_xsdbm_id/CORE_XSDB.UUT_MASTER/U_ICON_INTERFACE/icn_cmd_en_reg[6]/C
  -------------------------------------------------------------------    -------------------
    SLICE_X94Y125        FDRE (Prop_fdre_C_Q)         0.518     4.706 r  dbg_hub/inst/BSCANID.u_xsdbm_id/CORE_XSDB.UUT_MASTER/U_ICON_INTERFACE/icn_cmd_en_reg[6]/Q
                         net (fo=25, routed)          1.323     6.029    dbg_hub/inst/BSCANID.u_xsdbm_id/CORE_XSDB.UUT_MASTER/U_ICON_INTERFACE/U_CMD6_WR/U_WR_FIFO/p_0_in
    SLICE_X81Y126        LUT6 (Prop_lut6_I0_O)        0.124     6.153 r  dbg_hub/inst/BSCANID.u_xsdbm_id/CORE_XSDB.UUT_MASTER/U_ICON_INTERFACE/U_CMD6_WR/U_WR_FIFO/SUBCORE_FIFO.xsdbm_v3_0_0_wrfifo_inst_i_1/O
                         net (fo=3, routed)           1.005     7.157    dbg_hub/inst/BSCANID.u_xsdbm_id/CORE_XSDB.UUT_MASTER/U_ICON_INTERFACE/U_CMD6_WR/U_WR_FIFO/SUBCORE_FIFO.xsdbm_v3_0_0_wrfifo_inst/inst_fifo_gen/gconvfifo.rf/grf.rf/gntv_or_sync_fifo.gl0.wr/gwas.wsts/wr_en
    SLICE_X81Y125        LUT2 (Prop_lut2_I0_O)        0.124     7.281 r  dbg_hub/inst/BSCANID.u_xsdbm_id/CORE_XSDB.UUT_MASTER/U_ICON_INTERFACE/U_CMD6_WR/U_WR_FIFO/SUBCORE_FIFO.xsdbm_v3_0_0_wrfifo_inst/inst_fifo_gen/gconvfifo.rf/grf.rf/gntv_or_sync_fifo.gl0.wr/gwas.wsts/gic0.gc0.count_d1[3]_i_1/O
                         net (fo=36, routed)          1.295     8.576    dbg_hub/inst/BSCANID.u_xsdbm_id/CORE_XSDB.UUT_MASTER/U_ICON_INTERFACE/U_CMD6_WR/U_WR_FIFO/SUBCORE_FIFO.xsdbm_v3_0_0_wrfifo_inst/inst_fifo_gen/gconvfifo.rf/grf.rf/gntv_or_sync_fifo.mem/gdm.dm_gen.dm/RAM_reg_0_15_6_11/WE
    SLICE_X62Y121        RAMD32                                       r  dbg_hub/inst/BSCANID.u_xsdbm_id/CORE_XSDB.UUT_MASTER/U_ICON_INTERFACE/U_CMD6_WR/U_WR_FIFO/SUBCORE_FIFO.xsdbm_v3_0_0_wrfifo_inst/inst_fifo_gen/gconvfifo.rf/grf.rf/gntv_or_sync_fifo.mem/gdm.dm_gen.dm/RAM_reg_0_15_6_11/RAMA/WE
  -------------------------------------------------------------------    -------------------

                         (clock dbg_hub/inst/BSCANID.u_xsdbm_id/SWITCH_N_EXT_BSCAN.bscan_inst/SERIES7_BSCAN.bscan_inst/TCK rise edge)
                                                     33.000    33.000 r  
    BSCAN_X0Y0           BSCANE2                      0.000    33.000 r  dbg_hub/inst/BSCANID.u_xsdbm_id/SWITCH_N_EXT_BSCAN.bscan_inst/SERIES7_BSCAN.bscan_inst/TCK
                         net (fo=1, routed)           1.849    34.849    dbg_hub/inst/BSCANID.u_xsdbm_id/tck_bs
    BUFGCTRL_X0Y16       BUFG (Prop_bufg_I_O)         0.091    34.940 r  dbg_hub/inst/BSCANID.u_xsdbm_id/SWITCH_N_EXT_BSCAN.u_bufg_icon_tck/O
                         net (fo=482, routed)         1.702    36.642    dbg_hub/inst/BSCANID.u_xsdbm_id/CORE_XSDB.UUT_MASTER/U_ICON_INTERFACE/U_CMD6_WR/U_WR_FIFO/SUBCORE_FIFO.xsdbm_v3_0_0_wrfifo_inst/inst_fifo_gen/gconvfifo.rf/grf.rf/gntv_or_sync_fifo.mem/gdm.dm_gen.dm/RAM_reg_0_15_6_11/WCLK
    SLICE_X62Y121        RAMD32                                       r  dbg_hub/inst/BSCANID.u_xsdbm_id/CORE_XSDB.UUT_MASTER/U_ICON_INTERFACE/U_CMD6_WR/U_WR_FIFO/SUBCORE_FIFO.xsdbm_v3_0_0_wrfifo_inst/inst_fifo_gen/gconvfifo.rf/grf.rf/gntv_or_sync_fifo.mem/gdm.dm_gen.dm/RAM_reg_0_15_6_11/RAMA/CLK
                         clock pessimism              0.424    37.066    
                         clock uncertainty           -0.035    37.031    
    SLICE_X62Y121        RAMD32 (Setup_ramd32_CLK_WE)
                                                     -0.533    36.498    dbg_hub/inst/BSCANID.u_xsdbm_id/CORE_XSDB.UUT_MASTER/U_ICON_INTERFACE/U_CMD6_WR/U_WR_FIFO/SUBCORE_FIFO.xsdbm_v3_0_0_wrfifo_inst/inst_fifo_gen/gconvfifo.rf/grf.rf/gntv_or_sync_fifo.mem/gdm.dm_gen.dm/RAM_reg_0_15_6_11/RAMA
  -------------------------------------------------------------------
                         required time                         36.498    
                         arrival time                          -8.576    
  -------------------------------------------------------------------
                         slack                                 27.921    





Min Delay Paths
--------------------------------------------------------------------------------------
Slack (MET) :             0.049ns  (arrival time - required time)
  Source:                 dbg_hub/inst/BSCANID.u_xsdbm_id/CORE_XSDB.UUT_MASTER/U_ICON_INTERFACE/U_CMD6_WR/shift_reg_in_reg[13]/C
                            (rising edge-triggered cell FDCE clocked by dbg_hub/inst/BSCANID.u_xsdbm_id/SWITCH_N_EXT_BSCAN.bscan_inst/SERIES7_BSCAN.bscan_inst/TCK  {rise@0.000ns fall@16.500ns period=33.000ns})
  Destination:            dbg_hub/inst/BSCANID.u_xsdbm_id/CORE_XSDB.UUT_MASTER/U_ICON_INTERFACE/U_CMD6_WR/U_WR_FIFO/SUBCORE_FIFO.xsdbm_v3_0_0_wrfifo_inst/inst_fifo_gen/gconvfifo.rf/grf.rf/gntv_or_sync_fifo.mem/gdm.dm_gen.dm/RAM_reg_0_15_12_15/RAMA/I
                            (rising edge-triggered cell RAMD32 clocked by dbg_hub/inst/BSCANID.u_xsdbm_id/SWITCH_N_EXT_BSCAN.bscan_inst/SERIES7_BSCAN.bscan_inst/TCK  {rise@0.000ns fall@16.500ns period=33.000ns})
  Path Group:             dbg_hub/inst/BSCANID.u_xsdbm_id/SWITCH_N_EXT_BSCAN.bscan_inst/SERIES7_BSCAN.bscan_inst/TCK
  Path Type:              Hold (Min at Fast Process Corner)
  Requirement:            0.000ns  (dbg_hub/inst/BSCANID.u_xsdbm_id/SWITCH_N_EXT_BSCAN.bscan_inst/SERIES7_BSCAN.bscan_inst/TCK rise@0.000ns - dbg_hub/inst/BSCANID.u_xsdbm_id/SWITCH_N_EXT_BSCAN.bscan_inst/SERIES7_BSCAN.bscan_inst/TCK rise@0.000ns)
  Data Path Delay:        0.209ns  (logic 0.141ns (67.433%)  route 0.068ns (32.567%))
  Logic Levels:           0  
  Clock Path Skew:        0.013ns (DCD - SCD - CPR)
    Destination Clock Delay (DCD):    2.026ns
    Source Clock Delay      (SCD):    1.633ns
    Clock Pessimism Removal (CPR):    0.380ns

    Location             Delay type                Incr(ns)  Path(ns)    Netlist Resource(s)
  -------------------------------------------------------------------    -------------------
                         (clock dbg_hub/inst/BSCANID.u_xsdbm_id/SWITCH_N_EXT_BSCAN.bscan_inst/SERIES7_BSCAN.bscan_inst/TCK rise edge)
                                                      0.000     0.000 r  
    BSCAN_X0Y0           BSCANE2                      0.000     0.000 r  dbg_hub/inst/BSCANID.u_xsdbm_id/SWITCH_N_EXT_BSCAN.bscan_inst/SERIES7_BSCAN.bscan_inst/TCK
                         net (fo=1, routed)           0.956     0.956    dbg_hub/inst/BSCANID.u_xsdbm_id/tck_bs
    BUFGCTRL_X0Y16       BUFG (Prop_bufg_I_O)         0.026     0.982 r  dbg_hub/inst/BSCANID.u_xsdbm_id/SWITCH_N_EXT_BSCAN.u_bufg_icon_tck/O
                         net (fo=482, routed)         0.651     1.633    dbg_hub/inst/BSCANID.u_xsdbm_id/CORE_XSDB.UUT_MASTER/U_ICON_INTERFACE/U_CMD6_WR/m_bscan_tck[0]
    SLICE_X67Y121        FDCE                                         r  dbg_hub/inst/BSCANID.u_xsdbm_id/CORE_XSDB.UUT_MASTER/U_ICON_INTERFACE/U_CMD6_WR/shift_reg_in_reg[13]/C
  -------------------------------------------------------------------    -------------------
    SLICE_X67Y121        FDCE (Prop_fdce_C_Q)         0.141     1.774 r  dbg_hub/inst/BSCANID.u_xsdbm_id/CORE_XSDB.UUT_MASTER/U_ICON_INTERFACE/U_CMD6_WR/shift_reg_in_reg[13]/Q
                         net (fo=2, routed)           0.068     1.842    dbg_hub/inst/BSCANID.u_xsdbm_id/CORE_XSDB.UUT_MASTER/U_ICON_INTERFACE/U_CMD6_WR/U_WR_FIFO/SUBCORE_FIFO.xsdbm_v3_0_0_wrfifo_inst/inst_fifo_gen/gconvfifo.rf/grf.rf/gntv_or_sync_fifo.mem/gdm.dm_gen.dm/RAM_reg_0_15_12_15/DIA0
    SLICE_X66Y121        RAMD32                                       r  dbg_hub/inst/BSCANID.u_xsdbm_id/CORE_XSDB.UUT_MASTER/U_ICON_INTERFACE/U_CMD6_WR/U_WR_FIFO/SUBCORE_FIFO.xsdbm_v3_0_0_wrfifo_inst/inst_fifo_gen/gconvfifo.rf/grf.rf/gntv_or_sync_fifo.mem/gdm.dm_gen.dm/RAM_reg_0_15_12_15/RAMA/I
  -------------------------------------------------------------------    -------------------

                         (clock dbg_hub/inst/BSCANID.u_xsdbm_id/SWITCH_N_EXT_BSCAN.bscan_inst/SERIES7_BSCAN.bscan_inst/TCK rise edge)
                                                      0.000     0.000 r  
    BSCAN_X0Y0           BSCANE2                      0.000     0.000 r  dbg_hub/inst/BSCANID.u_xsdbm_id/SWITCH_N_EXT_BSCAN.bscan_inst/SERIES7_BSCAN.bscan_inst/TCK
                         net (fo=1, routed)           1.075     1.075    dbg_hub/inst/BSCANID.u_xsdbm_id/tck_bs
    BUFGCTRL_X0Y16       BUFG (Prop_bufg_I_O)         0.029     1.104 r  dbg_hub/inst/BSCANID.u_xsdbm_id/SWITCH_N_EXT_BSCAN.u_bufg_icon_tck/O
                         net (fo=482, routed)         0.922     2.026    dbg_hub/inst/BSCANID.u_xsdbm_id/CORE_XSDB.UUT_MASTER/U_ICON_INTERFACE/U_CMD6_WR/U_WR_FIFO/SUBCORE_FIFO.xsdbm_v3_0_0_wrfifo_inst/inst_fifo_gen/gconvfifo.rf/grf.rf/gntv_or_sync_fifo.mem/gdm.dm_gen.dm/RAM_reg_0_15_12_15/WCLK
    SLICE_X66Y121        RAMD32                                       r  dbg_hub/inst/BSCANID.u_xsdbm_id/CORE_XSDB.UUT_MASTER/U_ICON_INTERFACE/U_CMD6_WR/U_WR_FIFO/SUBCORE_FIFO.xsdbm_v3_0_0_wrfifo_inst/inst_fifo_gen/gconvfifo.rf/grf.rf/gntv_or_sync_fifo.mem/gdm.dm_gen.dm/RAM_reg_0_15_12_15/RAMA/CLK
                         clock pessimism             -0.380     1.646    
    SLICE_X66Y121        RAMD32 (Hold_ramd32_CLK_I)
                                                      0.147     1.793    dbg_hub/inst/BSCANID.u_xsdbm_id/CORE_XSDB.UUT_MASTER/U_ICON_INTERFACE/U_CMD6_WR/U_WR_FIFO/SUBCORE_FIFO.xsdbm_v3_0_0_wrfifo_inst/inst_fifo_gen/gconvfifo.rf/grf.rf/gntv_or_sync_fifo.mem/gdm.dm_gen.dm/RAM_reg_0_15_12_15/RAMA
  -------------------------------------------------------------------
                         required time                         -1.793    
                         arrival time                           1.842    
  -------------------------------------------------------------------
                         slack                                  0.049    

Slack (MET) :             0.111ns  (arrival time - required time)
  Source:                 dbg_hub/inst/BSCANID.u_xsdbm_id/CORE_XSDB.UUT_MASTER/U_ICON_INTERFACE/U_CMD6_WR/shift_reg_in_reg[10]/C
                            (rising edge-triggered cell FDCE clocked by dbg_hub/inst/BSCANID.u_xsdbm_id/SWITCH_N_EXT_BSCAN.bscan_inst/SERIES7_BSCAN.bscan_inst/TCK  {rise@0.000ns fall@16.500ns period=33.000ns})
  Destination:            dbg_hub/inst/BSCANID.u_xsdbm_id/CORE_XSDB.UUT_MASTER/U_ICON_INTERFACE/U_CMD6_WR/U_WR_FIFO/SUBCORE_FIFO.xsdbm_v3_0_0_wrfifo_inst/inst_fifo_gen/gconvfifo.rf/grf.rf/gntv_or_sync_fifo.mem/gdm.dm_gen.dm/RAM_reg_0_15_6_11/RAMB_D1/I
                            (rising edge-triggered cell RAMD32 clocked by dbg_hub/inst/BSCANID.u_xsdbm_id/SWITCH_N_EXT_BSCAN.bscan_inst/SERIES7_BSCAN.bscan_inst/TCK  {rise@0.000ns fall@16.500ns period=33.000ns})
  Path Group:             dbg_hub/inst/BSCANID.u_xsdbm_id/SWITCH_N_EXT_BSCAN.bscan_inst/SERIES7_BSCAN.bscan_inst/TCK
  Path Type:              Hold (Min at Fast Process Corner)
  Requirement:            0.000ns  (dbg_hub/inst/BSCANID.u_xsdbm_id/SWITCH_N_EXT_BSCAN.bscan_inst/SERIES7_BSCAN.bscan_inst/TCK rise@0.000ns - dbg_hub/inst/BSCANID.u_xsdbm_id/SWITCH_N_EXT_BSCAN.bscan_inst/SERIES7_BSCAN.bscan_inst/TCK rise@0.000ns)
  Data Path Delay:        0.268ns  (logic 0.141ns (52.557%)  route 0.127ns (47.443%))
  Logic Levels:           0  
  Clock Path Skew:        0.033ns (DCD - SCD - CPR)
    Destination Clock Delay (DCD):    2.026ns
    Source Clock Delay      (SCD):    1.633ns
    Clock Pessimism Removal (CPR):    0.360ns

    Location             Delay type                Incr(ns)  Path(ns)    Netlist Resource(s)
  -------------------------------------------------------------------    -------------------
                         (clock dbg_hub/inst/BSCANID.u_xsdbm_id/SWITCH_N_EXT_BSCAN.bscan_inst/SERIES7_BSCAN.bscan_inst/TCK rise edge)
                                                      0.000     0.000 r  
    BSCAN_X0Y0           BSCANE2                      0.000     0.000 r  dbg_hub/inst/BSCANID.u_xsdbm_id/SWITCH_N_EXT_BSCAN.bscan_inst/SERIES7_BSCAN.bscan_inst/TCK
                         net (fo=1, routed)           0.956     0.956    dbg_hub/inst/BSCANID.u_xsdbm_id/tck_bs
    BUFGCTRL_X0Y16       BUFG (Prop_bufg_I_O)         0.026     0.982 r  dbg_hub/inst/BSCANID.u_xsdbm_id/SWITCH_N_EXT_BSCAN.u_bufg_icon_tck/O
                         net (fo=482, routed)         0.651     1.633    dbg_hub/inst/BSCANID.u_xsdbm_id/CORE_XSDB.UUT_MASTER/U_ICON_INTERFACE/U_CMD6_WR/m_bscan_tck[0]
    SLICE_X65Y121        FDCE                                         r  dbg_hub/inst/BSCANID.u_xsdbm_id/CORE_XSDB.UUT_MASTER/U_ICON_INTERFACE/U_CMD6_WR/shift_reg_in_reg[10]/C
  -------------------------------------------------------------------    -------------------
    SLICE_X65Y121        FDCE (Prop_fdce_C_Q)         0.141     1.774 r  dbg_hub/inst/BSCANID.u_xsdbm_id/CORE_XSDB.UUT_MASTER/U_ICON_INTERFACE/U_CMD6_WR/shift_reg_in_reg[10]/Q
                         net (fo=2, routed)           0.127     1.901    dbg_hub/inst/BSCANID.u_xsdbm_id/CORE_XSDB.UUT_MASTER/U_ICON_INTERFACE/U_CMD6_WR/U_WR_FIFO/SUBCORE_FIFO.xsdbm_v3_0_0_wrfifo_inst/inst_fifo_gen/gconvfifo.rf/grf.rf/gntv_or_sync_fifo.mem/gdm.dm_gen.dm/RAM_reg_0_15_6_11/DIB1
    SLICE_X62Y121        RAMD32                                       r  dbg_hub/inst/BSCANID.u_xsdbm_id/CORE_XSDB.UUT_MASTER/U_ICON_INTERFACE/U_CMD6_WR/U_WR_FIFO/SUBCORE_FIFO.xsdbm_v3_0_0_wrfifo_inst/inst_fifo_gen/gconvfifo.rf/grf.rf/gntv_or_sync_fifo.mem/gdm.dm_gen.dm/RAM_reg_0_15_6_11/RAMB_D1/I
  -------------------------------------------------------------------    -------------------

                         (clock dbg_hub/inst/BSCANID.u_xsdbm_id/SWITCH_N_EXT_BSCAN.bscan_inst/SERIES7_BSCAN.bscan_inst/TCK rise edge)
                                                      0.000     0.000 r  
    BSCAN_X0Y0           BSCANE2                      0.000     0.000 r  dbg_hub/inst/BSCANID.u_xsdbm_id/SWITCH_N_EXT_BSCAN.bscan_inst/SERIES7_BSCAN.bscan_inst/TCK
                         net (fo=1, routed)           1.075     1.075    dbg_hub/inst/BSCANID.u_xsdbm_id/tck_bs
    BUFGCTRL_X0Y16       BUFG (Prop_bufg_I_O)         0.029     1.104 r  dbg_hub/inst/BSCANID.u_xsdbm_id/SWITCH_N_EXT_BSCAN.u_bufg_icon_tck/O
                         net (fo=482, routed)         0.922     2.026    dbg_hub/inst/BSCANID.u_xsdbm_id/CORE_XSDB.UUT_MASTER/U_ICON_INTERFACE/U_CMD6_WR/U_WR_FIFO/SUBCORE_FIFO.xsdbm_v3_0_0_wrfifo_inst/inst_fifo_gen/gconvfifo.rf/grf.rf/gntv_or_sync_fifo.mem/gdm.dm_gen.dm/RAM_reg_0_15_6_11/WCLK
    SLICE_X62Y121        RAMD32                                       r  dbg_hub/inst/BSCANID.u_xsdbm_id/CORE_XSDB.UUT_MASTER/U_ICON_INTERFACE/U_CMD6_WR/U_WR_FIFO/SUBCORE_FIFO.xsdbm_v3_0_0_wrfifo_inst/inst_fifo_gen/gconvfifo.rf/grf.rf/gntv_or_sync_fifo.mem/gdm.dm_gen.dm/RAM_reg_0_15_6_11/RAMB_D1/CLK
                         clock pessimism             -0.360     1.666    
    SLICE_X62Y121        RAMD32 (Hold_ramd32_CLK_I)
                                                      0.124     1.790    dbg_hub/inst/BSCANID.u_xsdbm_id/CORE_XSDB.UUT_MASTER/U_ICON_INTERFACE/U_CMD6_WR/U_WR_FIFO/SUBCORE_FIFO.xsdbm_v3_0_0_wrfifo_inst/inst_fifo_gen/gconvfifo.rf/grf.rf/gntv_or_sync_fifo.mem/gdm.dm_gen.dm/RAM_reg_0_15_6_11/RAMB_D1
  -------------------------------------------------------------------
                         required time                         -1.790    
                         arrival time                           1.901    
  -------------------------------------------------------------------
                         slack                                  0.111    

Slack (MET) :             0.121ns  (arrival time - required time)
  Source:                 dbg_hub/inst/BSCANID.u_xsdbm_id/CORE_XSDB.UUT_MASTER/U_ICON_INTERFACE/U_CMD4/shift_reg_in_reg[17]/C
                            (rising edge-triggered cell FDRE clocked by dbg_hub/inst/BSCANID.u_xsdbm_id/SWITCH_N_EXT_BSCAN.bscan_inst/SERIES7_BSCAN.bscan_inst/TCK  {rise@0.000ns fall@16.500ns period=33.000ns})
  Destination:            dbg_hub/inst/BSCANID.u_xsdbm_id/CORE_XSDB.UUT_MASTER/U_ICON_INTERFACE/U_CMD4/shift_reg_in_reg[16]/D
                            (rising edge-triggered cell FDRE clocked by dbg_hub/inst/BSCANID.u_xsdbm_id/SWITCH_N_EXT_BSCAN.bscan_inst/SERIES7_BSCAN.bscan_inst/TCK  {rise@0.000ns fall@16.500ns period=33.000ns})
  Path Group:             dbg_hub/inst/BSCANID.u_xsdbm_id/SWITCH_N_EXT_BSCAN.bscan_inst/SERIES7_BSCAN.bscan_inst/TCK
  Path Type:              Hold (Min at Fast Process Corner)
  Requirement:            0.000ns  (dbg_hub/inst/BSCANID.u_xsdbm_id/SWITCH_N_EXT_BSCAN.bscan_inst/SERIES7_BSCAN.bscan_inst/TCK rise@0.000ns - dbg_hub/inst/BSCANID.u_xsdbm_id/SWITCH_N_EXT_BSCAN.bscan_inst/SERIES7_BSCAN.bscan_inst/TCK rise@0.000ns)
  Data Path Delay:        0.197ns  (logic 0.141ns (71.611%)  route 0.056ns (28.389%))
  Logic Levels:           0  
  Clock Path Skew:        0.000ns (DCD - SCD - CPR)
    Destination Clock Delay (DCD):    2.030ns
    Source Clock Delay      (SCD):    1.637ns
    Clock Pessimism Removal (CPR):    0.393ns

    Location             Delay type                Incr(ns)  Path(ns)    Netlist Resource(s)
  -------------------------------------------------------------------    -------------------
                         (clock dbg_hub/inst/BSCANID.u_xsdbm_id/SWITCH_N_EXT_BSCAN.bscan_inst/SERIES7_BSCAN.bscan_inst/TCK rise edge)
                                                      0.000     0.000 r  
    BSCAN_X0Y0           BSCANE2                      0.000     0.000 r  dbg_hub/inst/BSCANID.u_xsdbm_id/SWITCH_N_EXT_BSCAN.bscan_inst/SERIES7_BSCAN.bscan_inst/TCK
                         net (fo=1, routed)           0.956     0.956    dbg_hub/inst/BSCANID.u_xsdbm_id/tck_bs
    BUFGCTRL_X0Y16       BUFG (Prop_bufg_I_O)         0.026     0.982 r  dbg_hub/inst/BSCANID.u_xsdbm_id/SWITCH_N_EXT_BSCAN.u_bufg_icon_tck/O
                         net (fo=482, routed)         0.655     1.637    dbg_hub/inst/BSCANID.u_xsdbm_id/CORE_XSDB.UUT_MASTER/U_ICON_INTERFACE/U_CMD4/m_bscan_tck[0]
    SLICE_X89Y122        FDRE                                         r  dbg_hub/inst/BSCANID.u_xsdbm_id/CORE_XSDB.UUT_MASTER/U_ICON_INTERFACE/U_CMD4/shift_reg_in_reg[17]/C
  -------------------------------------------------------------------    -------------------
    SLICE_X89Y122        FDRE (Prop_fdre_C_Q)         0.141     1.778 r  dbg_hub/inst/BSCANID.u_xsdbm_id/CORE_XSDB.UUT_MASTER/U_ICON_INTERFACE/U_CMD4/shift_reg_in_reg[17]/Q
                         net (fo=2, routed)           0.056     1.834    dbg_hub/inst/BSCANID.u_xsdbm_id/CORE_XSDB.UUT_MASTER/U_ICON_INTERFACE/U_CMD4/shift_reg_in[17]
    SLICE_X89Y122        FDRE                                         r  dbg_hub/inst/BSCANID.u_xsdbm_id/CORE_XSDB.UUT_MASTER/U_ICON_INTERFACE/U_CMD4/shift_reg_in_reg[16]/D
  -------------------------------------------------------------------    -------------------

                         (clock dbg_hub/inst/BSCANID.u_xsdbm_id/SWITCH_N_EXT_BSCAN.bscan_inst/SERIES7_BSCAN.bscan_inst/TCK rise edge)
                                                      0.000     0.000 r  
    BSCAN_X0Y0           BSCANE2                      0.000     0.000 r  dbg_hub/inst/BSCANID.u_xsdbm_id/SWITCH_N_EXT_BSCAN.bscan_inst/SERIES7_BSCAN.bscan_inst/TCK
                         net (fo=1, routed)           1.075     1.075    dbg_hub/inst/BSCANID.u_xsdbm_id/tck_bs
    BUFGCTRL_X0Y16       BUFG (Prop_bufg_I_O)         0.029     1.104 r  dbg_hub/inst/BSCANID.u_xsdbm_id/SWITCH_N_EXT_BSCAN.u_bufg_icon_tck/O
                         net (fo=482, routed)         0.926     2.030    dbg_hub/inst/BSCANID.u_xsdbm_id/CORE_XSDB.UUT_MASTER/U_ICON_INTERFACE/U_CMD4/m_bscan_tck[0]
    SLICE_X89Y122        FDRE                                         r  dbg_hub/inst/BSCANID.u_xsdbm_id/CORE_XSDB.UUT_MASTER/U_ICON_INTERFACE/U_CMD4/shift_reg_in_reg[16]/C
                         clock pessimism             -0.393     1.637    
    SLICE_X89Y122        FDRE (Hold_fdre_C_D)         0.076     1.713    dbg_hub/inst/BSCANID.u_xsdbm_id/CORE_XSDB.UUT_MASTER/U_ICON_INTERFACE/U_CMD4/shift_reg_in_reg[16]
  -------------------------------------------------------------------
                         required time                         -1.713    
                         arrival time                           1.834    
  -------------------------------------------------------------------
                         slack                                  0.121    

Slack (MET) :             0.122ns  (arrival time - required time)
  Source:                 dbg_hub/inst/BSCANID.u_xsdbm_id/CORE_XSDB.UUT_MASTER/U_ICON_INTERFACE/U_CMD4/shift_reg_in_reg[13]/C
                            (rising edge-triggered cell FDRE clocked by dbg_hub/inst/BSCANID.u_xsdbm_id/SWITCH_N_EXT_BSCAN.bscan_inst/SERIES7_BSCAN.bscan_inst/TCK  {rise@0.000ns fall@16.500ns period=33.000ns})
  Destination:            dbg_hub/inst/BSCANID.u_xsdbm_id/CORE_XSDB.UUT_MASTER/U_ICON_INTERFACE/U_CMD4/shift_reg_in_reg[12]/D
                            (rising edge-triggered cell FDRE clocked by dbg_hub/inst/BSCANID.u_xsdbm_id/SWITCH_N_EXT_BSCAN.bscan_inst/SERIES7_BSCAN.bscan_inst/TCK  {rise@0.000ns fall@16.500ns period=33.000ns})
  Path Group:             dbg_hub/inst/BSCANID.u_xsdbm_id/SWITCH_N_EXT_BSCAN.bscan_inst/SERIES7_BSCAN.bscan_inst/TCK
  Path Type:              Hold (Min at Fast Process Corner)
  Requirement:            0.000ns  (dbg_hub/inst/BSCANID.u_xsdbm_id/SWITCH_N_EXT_BSCAN.bscan_inst/SERIES7_BSCAN.bscan_inst/TCK rise@0.000ns - dbg_hub/inst/BSCANID.u_xsdbm_id/SWITCH_N_EXT_BSCAN.bscan_inst/SERIES7_BSCAN.bscan_inst/TCK rise@0.000ns)
  Data Path Delay:        0.197ns  (logic 0.141ns (71.611%)  route 0.056ns (28.389%))
  Logic Levels:           0  
  Clock Path Skew:        0.000ns (DCD - SCD - CPR)
    Destination Clock Delay (DCD):    2.030ns
    Source Clock Delay      (SCD):    1.637ns
    Clock Pessimism Removal (CPR):    0.393ns

    Location             Delay type                Incr(ns)  Path(ns)    Netlist Resource(s)
  -------------------------------------------------------------------    -------------------
                         (clock dbg_hub/inst/BSCANID.u_xsdbm_id/SWITCH_N_EXT_BSCAN.bscan_inst/SERIES7_BSCAN.bscan_inst/TCK rise edge)
                                                      0.000     0.000 r  
    BSCAN_X0Y0           BSCANE2                      0.000     0.000 r  dbg_hub/inst/BSCANID.u_xsdbm_id/SWITCH_N_EXT_BSCAN.bscan_inst/SERIES7_BSCAN.bscan_inst/TCK
                         net (fo=1, routed)           0.956     0.956    dbg_hub/inst/BSCANID.u_xsdbm_id/tck_bs
    BUFGCTRL_X0Y16       BUFG (Prop_bufg_I_O)         0.026     0.982 r  dbg_hub/inst/BSCANID.u_xsdbm_id/SWITCH_N_EXT_BSCAN.u_bufg_icon_tck/O
                         net (fo=482, routed)         0.655     1.637    dbg_hub/inst/BSCANID.u_xsdbm_id/CORE_XSDB.UUT_MASTER/U_ICON_INTERFACE/U_CMD4/m_bscan_tck[0]
    SLICE_X89Y122        FDRE                                         r  dbg_hub/inst/BSCANID.u_xsdbm_id/CORE_XSDB.UUT_MASTER/U_ICON_INTERFACE/U_CMD4/shift_reg_in_reg[13]/C
  -------------------------------------------------------------------    -------------------
    SLICE_X89Y122        FDRE (Prop_fdre_C_Q)         0.141     1.778 r  dbg_hub/inst/BSCANID.u_xsdbm_id/CORE_XSDB.UUT_MASTER/U_ICON_INTERFACE/U_CMD4/shift_reg_in_reg[13]/Q
                         net (fo=2, routed)           0.056     1.834    dbg_hub/inst/BSCANID.u_xsdbm_id/CORE_XSDB.UUT_MASTER/U_ICON_INTERFACE/U_CMD4/shift_reg_in[13]
    SLICE_X89Y122        FDRE                                         r  dbg_hub/inst/BSCANID.u_xsdbm_id/CORE_XSDB.UUT_MASTER/U_ICON_INTERFACE/U_CMD4/shift_reg_in_reg[12]/D
  -------------------------------------------------------------------    -------------------

                         (clock dbg_hub/inst/BSCANID.u_xsdbm_id/SWITCH_N_EXT_BSCAN.bscan_inst/SERIES7_BSCAN.bscan_inst/TCK rise edge)
                                                      0.000     0.000 r  
    BSCAN_X0Y0           BSCANE2                      0.000     0.000 r  dbg_hub/inst/BSCANID.u_xsdbm_id/SWITCH_N_EXT_BSCAN.bscan_inst/SERIES7_BSCAN.bscan_inst/TCK
                         net (fo=1, routed)           1.075     1.075    dbg_hub/inst/BSCANID.u_xsdbm_id/tck_bs
    BUFGCTRL_X0Y16       BUFG (Prop_bufg_I_O)         0.029     1.104 r  dbg_hub/inst/BSCANID.u_xsdbm_id/SWITCH_N_EXT_BSCAN.u_bufg_icon_tck/O
                         net (fo=482, routed)         0.926     2.030    dbg_hub/inst/BSCANID.u_xsdbm_id/CORE_XSDB.UUT_MASTER/U_ICON_INTERFACE/U_CMD4/m_bscan_tck[0]
    SLICE_X89Y122        FDRE                                         r  dbg_hub/inst/BSCANID.u_xsdbm_id/CORE_XSDB.UUT_MASTER/U_ICON_INTERFACE/U_CMD4/shift_reg_in_reg[12]/C
                         clock pessimism             -0.393     1.637    
    SLICE_X89Y122        FDRE (Hold_fdre_C_D)         0.075     1.712    dbg_hub/inst/BSCANID.u_xsdbm_id/CORE_XSDB.UUT_MASTER/U_ICON_INTERFACE/U_CMD4/shift_reg_in_reg[12]
  -------------------------------------------------------------------
                         required time                         -1.712    
                         arrival time                           1.834    
  -------------------------------------------------------------------
                         slack                                  0.122    

Slack (MET) :             0.122ns  (arrival time - required time)
  Source:                 dbg_hub/inst/BSCANID.u_xsdbm_id/CORE_XSDB.UUT_MASTER/U_ICON_INTERFACE/U_CMD6_RD/U_RD_FIFO/SUBCORE_FIFO.xsdbm_v3_0_0_rdfifo_inst/inst_fifo_gen/gconvfifo.rf/grf.rf/rstblk/ngwrdrst.grst.g7serrst.rst_rd_reg1_reg/C
                            (rising edge-triggered cell FDPE clocked by dbg_hub/inst/BSCANID.u_xsdbm_id/SWITCH_N_EXT_BSCAN.bscan_inst/SERIES7_BSCAN.bscan_inst/TCK  {rise@0.000ns fall@16.500ns period=33.000ns})
  Destination:            dbg_hub/inst/BSCANID.u_xsdbm_id/CORE_XSDB.UUT_MASTER/U_ICON_INTERFACE/U_CMD6_RD/U_RD_FIFO/SUBCORE_FIFO.xsdbm_v3_0_0_rdfifo_inst/inst_fifo_gen/gconvfifo.rf/grf.rf/rstblk/ngwrdrst.grst.g7serrst.rst_rd_reg2_reg/D
                            (rising edge-triggered cell FDPE clocked by dbg_hub/inst/BSCANID.u_xsdbm_id/SWITCH_N_EXT_BSCAN.bscan_inst/SERIES7_BSCAN.bscan_inst/TCK  {rise@0.000ns fall@16.500ns period=33.000ns})
  Path Group:             dbg_hub/inst/BSCANID.u_xsdbm_id/SWITCH_N_EXT_BSCAN.bscan_inst/SERIES7_BSCAN.bscan_inst/TCK
  Path Type:              Hold (Min at Fast Process Corner)
  Requirement:            0.000ns  (dbg_hub/inst/BSCANID.u_xsdbm_id/SWITCH_N_EXT_BSCAN.bscan_inst/SERIES7_BSCAN.bscan_inst/TCK rise@0.000ns - dbg_hub/inst/BSCANID.u_xsdbm_id/SWITCH_N_EXT_BSCAN.bscan_inst/SERIES7_BSCAN.bscan_inst/TCK rise@0.000ns)
  Data Path Delay:        0.197ns  (logic 0.141ns (71.611%)  route 0.056ns (28.389%))
  Logic Levels:           0  
  Clock Path Skew:        0.000ns (DCD - SCD - CPR)
    Destination Clock Delay (DCD):    2.031ns
    Source Clock Delay      (SCD):    1.638ns
    Clock Pessimism Removal (CPR):    0.393ns

    Location             Delay type                Incr(ns)  Path(ns)    Netlist Resource(s)
  -------------------------------------------------------------------    -------------------
                         (clock dbg_hub/inst/BSCANID.u_xsdbm_id/SWITCH_N_EXT_BSCAN.bscan_inst/SERIES7_BSCAN.bscan_inst/TCK rise edge)
                                                      0.000     0.000 r  
    BSCAN_X0Y0           BSCANE2                      0.000     0.000 r  dbg_hub/inst/BSCANID.u_xsdbm_id/SWITCH_N_EXT_BSCAN.bscan_inst/SERIES7_BSCAN.bscan_inst/TCK
                         net (fo=1, routed)           0.956     0.956    dbg_hub/inst/BSCANID.u_xsdbm_id/tck_bs
    BUFGCTRL_X0Y16       BUFG (Prop_bufg_I_O)         0.026     0.982 r  dbg_hub/inst/BSCANID.u_xsdbm_id/SWITCH_N_EXT_BSCAN.u_bufg_icon_tck/O
                         net (fo=482, routed)         0.656     1.638    dbg_hub/inst/BSCANID.u_xsdbm_id/CORE_XSDB.UUT_MASTER/U_ICON_INTERFACE/U_CMD6_RD/U_RD_FIFO/SUBCORE_FIFO.xsdbm_v3_0_0_rdfifo_inst/inst_fifo_gen/gconvfifo.rf/grf.rf/rstblk/rd_clk
    SLICE_X61Y133        FDPE                                         r  dbg_hub/inst/BSCANID.u_xsdbm_id/CORE_XSDB.UUT_MASTER/U_ICON_INTERFACE/U_CMD6_RD/U_RD_FIFO/SUBCORE_FIFO.xsdbm_v3_0_0_rdfifo_inst/inst_fifo_gen/gconvfifo.rf/grf.rf/rstblk/ngwrdrst.grst.g7serrst.rst_rd_reg1_reg/C
  -------------------------------------------------------------------    -------------------
    SLICE_X61Y133        FDPE (Prop_fdpe_C_Q)         0.141     1.779 r  dbg_hub/inst/BSCANID.u_xsdbm_id/CORE_XSDB.UUT_MASTER/U_ICON_INTERFACE/U_CMD6_RD/U_RD_FIFO/SUBCORE_FIFO.xsdbm_v3_0_0_rdfifo_inst/inst_fifo_gen/gconvfifo.rf/grf.rf/rstblk/ngwrdrst.grst.g7serrst.rst_rd_reg1_reg/Q
                         net (fo=1, routed)           0.056     1.835    dbg_hub/inst/BSCANID.u_xsdbm_id/CORE_XSDB.UUT_MASTER/U_ICON_INTERFACE/U_CMD6_RD/U_RD_FIFO/SUBCORE_FIFO.xsdbm_v3_0_0_rdfifo_inst/inst_fifo_gen/gconvfifo.rf/grf.rf/rstblk/rst_rd_reg1
    SLICE_X61Y133        FDPE                                         r  dbg_hub/inst/BSCANID.u_xsdbm_id/CORE_XSDB.UUT_MASTER/U_ICON_INTERFACE/U_CMD6_RD/U_RD_FIFO/SUBCORE_FIFO.xsdbm_v3_0_0_rdfifo_inst/inst_fifo_gen/gconvfifo.rf/grf.rf/rstblk/ngwrdrst.grst.g7serrst.rst_rd_reg2_reg/D
  -------------------------------------------------------------------    -------------------

                         (clock dbg_hub/inst/BSCANID.u_xsdbm_id/SWITCH_N_EXT_BSCAN.bscan_inst/SERIES7_BSCAN.bscan_inst/TCK rise edge)
                                                      0.000     0.000 r  
    BSCAN_X0Y0           BSCANE2                      0.000     0.000 r  dbg_hub/inst/BSCANID.u_xsdbm_id/SWITCH_N_EXT_BSCAN.bscan_inst/SERIES7_BSCAN.bscan_inst/TCK
                         net (fo=1, routed)           1.075     1.075    dbg_hub/inst/BSCANID.u_xsdbm_id/tck_bs
    BUFGCTRL_X0Y16       BUFG (Prop_bufg_I_O)         0.029     1.104 r  dbg_hub/inst/BSCANID.u_xsdbm_id/SWITCH_N_EXT_BSCAN.u_bufg_icon_tck/O
                         net (fo=482, routed)         0.927     2.031    dbg_hub/inst/BSCANID.u_xsdbm_id/CORE_XSDB.UUT_MASTER/U_ICON_INTERFACE/U_CMD6_RD/U_RD_FIFO/SUBCORE_FIFO.xsdbm_v3_0_0_rdfifo_inst/inst_fifo_gen/gconvfifo.rf/grf.rf/rstblk/rd_clk
    SLICE_X61Y133        FDPE                                         r  dbg_hub/inst/BSCANID.u_xsdbm_id/CORE_XSDB.UUT_MASTER/U_ICON_INTERFACE/U_CMD6_RD/U_RD_FIFO/SUBCORE_FIFO.xsdbm_v3_0_0_rdfifo_inst/inst_fifo_gen/gconvfifo.rf/grf.rf/rstblk/ngwrdrst.grst.g7serrst.rst_rd_reg2_reg/C
                         clock pessimism             -0.393     1.638    
    SLICE_X61Y133        FDPE (Hold_fdpe_C_D)         0.075     1.713    dbg_hub/inst/BSCANID.u_xsdbm_id/CORE_XSDB.UUT_MASTER/U_ICON_INTERFACE/U_CMD6_RD/U_RD_FIFO/SUBCORE_FIFO.xsdbm_v3_0_0_rdfifo_inst/inst_fifo_gen/gconvfifo.rf/grf.rf/rstblk/ngwrdrst.grst.g7serrst.rst_rd_reg2_reg
  -------------------------------------------------------------------
                         required time                         -1.713    
                         arrival time                           1.835    
  -------------------------------------------------------------------
                         slack                                  0.122    

Slack (MET) :             0.122ns  (arrival time - required time)
  Source:                 dbg_hub/inst/BSCANID.u_xsdbm_id/CORE_XSDB.UUT_MASTER/U_ICON_INTERFACE/U_CMD6_WR/U_WR_FIFO/SUBCORE_FIFO.xsdbm_v3_0_0_wrfifo_inst/inst_fifo_gen/gconvfifo.rf/grf.rf/gntv_or_sync_fifo.gcx.clkx/gnxpm_cdc.gsync_stage[1].wr_stg_inst/Q_reg_reg[0]/C
                            (rising edge-triggered cell FDCE clocked by dbg_hub/inst/BSCANID.u_xsdbm_id/SWITCH_N_EXT_BSCAN.bscan_inst/SERIES7_BSCAN.bscan_inst/TCK  {rise@0.000ns fall@16.500ns period=33.000ns})
  Destination:            dbg_hub/inst/BSCANID.u_xsdbm_id/CORE_XSDB.UUT_MASTER/U_ICON_INTERFACE/U_CMD6_WR/U_WR_FIFO/SUBCORE_FIFO.xsdbm_v3_0_0_wrfifo_inst/inst_fifo_gen/gconvfifo.rf/grf.rf/gntv_or_sync_fifo.gcx.clkx/gnxpm_cdc.gsync_stage[2].wr_stg_inst/Q_reg_reg[0]/D
                            (rising edge-triggered cell FDCE clocked by dbg_hub/inst/BSCANID.u_xsdbm_id/SWITCH_N_EXT_BSCAN.bscan_inst/SERIES7_BSCAN.bscan_inst/TCK  {rise@0.000ns fall@16.500ns period=33.000ns})
  Path Group:             dbg_hub/inst/BSCANID.u_xsdbm_id/SWITCH_N_EXT_BSCAN.bscan_inst/SERIES7_BSCAN.bscan_inst/TCK
  Path Type:              Hold (Min at Fast Process Corner)
  Requirement:            0.000ns  (dbg_hub/inst/BSCANID.u_xsdbm_id/SWITCH_N_EXT_BSCAN.bscan_inst/SERIES7_BSCAN.bscan_inst/TCK rise@0.000ns - dbg_hub/inst/BSCANID.u_xsdbm_id/SWITCH_N_EXT_BSCAN.bscan_inst/SERIES7_BSCAN.bscan_inst/TCK rise@0.000ns)
  Data Path Delay:        0.197ns  (logic 0.141ns (71.611%)  route 0.056ns (28.389%))
  Logic Levels:           0  
  Clock Path Skew:        0.000ns (DCD - SCD - CPR)
    Destination Clock Delay (DCD):    2.029ns
    Source Clock Delay      (SCD):    1.637ns
    Clock Pessimism Removal (CPR):    0.392ns

    Location             Delay type                Incr(ns)  Path(ns)    Netlist Resource(s)
  -------------------------------------------------------------------    -------------------
                         (clock dbg_hub/inst/BSCANID.u_xsdbm_id/SWITCH_N_EXT_BSCAN.bscan_inst/SERIES7_BSCAN.bscan_inst/TCK rise edge)
                                                      0.000     0.000 r  
    BSCAN_X0Y0           BSCANE2                      0.000     0.000 r  dbg_hub/inst/BSCANID.u_xsdbm_id/SWITCH_N_EXT_BSCAN.bscan_inst/SERIES7_BSCAN.bscan_inst/TCK
                         net (fo=1, routed)           0.956     0.956    dbg_hub/inst/BSCANID.u_xsdbm_id/tck_bs
    BUFGCTRL_X0Y16       BUFG (Prop_bufg_I_O)         0.026     0.982 r  dbg_hub/inst/BSCANID.u_xsdbm_id/SWITCH_N_EXT_BSCAN.u_bufg_icon_tck/O
                         net (fo=482, routed)         0.655     1.637    dbg_hub/inst/BSCANID.u_xsdbm_id/CORE_XSDB.UUT_MASTER/U_ICON_INTERFACE/U_CMD6_WR/U_WR_FIFO/SUBCORE_FIFO.xsdbm_v3_0_0_wrfifo_inst/inst_fifo_gen/gconvfifo.rf/grf.rf/gntv_or_sync_fifo.gcx.clkx/gnxpm_cdc.gsync_stage[1].wr_stg_inst/wr_clk
    SLICE_X81Y122        FDCE                                         r  dbg_hub/inst/BSCANID.u_xsdbm_id/CORE_XSDB.UUT_MASTER/U_ICON_INTERFACE/U_CMD6_WR/U_WR_FIFO/SUBCORE_FIFO.xsdbm_v3_0_0_wrfifo_inst/inst_fifo_gen/gconvfifo.rf/grf.rf/gntv_or_sync_fifo.gcx.clkx/gnxpm_cdc.gsync_stage[1].wr_stg_inst/Q_reg_reg[0]/C
  -------------------------------------------------------------------    -------------------
    SLICE_X81Y122        FDCE (Prop_fdce_C_Q)         0.141     1.778 r  dbg_hub/inst/BSCANID.u_xsdbm_id/CORE_XSDB.UUT_MASTER/U_ICON_INTERFACE/U_CMD6_WR/U_WR_FIFO/SUBCORE_FIFO.xsdbm_v3_0_0_wrfifo_inst/inst_fifo_gen/gconvfifo.rf/grf.rf/gntv_or_sync_fifo.gcx.clkx/gnxpm_cdc.gsync_stage[1].wr_stg_inst/Q_reg_reg[0]/Q
                         net (fo=1, routed)           0.056     1.834    dbg_hub/inst/BSCANID.u_xsdbm_id/CORE_XSDB.UUT_MASTER/U_ICON_INTERFACE/U_CMD6_WR/U_WR_FIFO/SUBCORE_FIFO.xsdbm_v3_0_0_wrfifo_inst/inst_fifo_gen/gconvfifo.rf/grf.rf/gntv_or_sync_fifo.gcx.clkx/gnxpm_cdc.gsync_stage[2].wr_stg_inst/Q_reg_reg[3]_0[0]
    SLICE_X81Y122        FDCE                                         r  dbg_hub/inst/BSCANID.u_xsdbm_id/CORE_XSDB.UUT_MASTER/U_ICON_INTERFACE/U_CMD6_WR/U_WR_FIFO/SUBCORE_FIFO.xsdbm_v3_0_0_wrfifo_inst/inst_fifo_gen/gconvfifo.rf/grf.rf/gntv_or_sync_fifo.gcx.clkx/gnxpm_cdc.gsync_stage[2].wr_stg_inst/Q_reg_reg[0]/D
  -------------------------------------------------------------------    -------------------

                         (clock dbg_hub/inst/BSCANID.u_xsdbm_id/SWITCH_N_EXT_BSCAN.bscan_inst/SERIES7_BSCAN.bscan_inst/TCK rise edge)
                                                      0.000     0.000 r  
    BSCAN_X0Y0           BSCANE2                      0.000     0.000 r  dbg_hub/inst/BSCANID.u_xsdbm_id/SWITCH_N_EXT_BSCAN.bscan_inst/SERIES7_BSCAN.bscan_inst/TCK
                         net (fo=1, routed)           1.075     1.075    dbg_hub/inst/BSCANID.u_xsdbm_id/tck_bs
    BUFGCTRL_X0Y16       BUFG (Prop_bufg_I_O)         0.029     1.104 r  dbg_hub/inst/BSCANID.u_xsdbm_id/SWITCH_N_EXT_BSCAN.u_bufg_icon_tck/O
                         net (fo=482, routed)         0.925     2.029    dbg_hub/inst/BSCANID.u_xsdbm_id/CORE_XSDB.UUT_MASTER/U_ICON_INTERFACE/U_CMD6_WR/U_WR_FIFO/SUBCORE_FIFO.xsdbm_v3_0_0_wrfifo_inst/inst_fifo_gen/gconvfifo.rf/grf.rf/gntv_or_sync_fifo.gcx.clkx/gnxpm_cdc.gsync_stage[2].wr_stg_inst/wr_clk
    SLICE_X81Y122        FDCE                                         r  dbg_hub/inst/BSCANID.u_xsdbm_id/CORE_XSDB.UUT_MASTER/U_ICON_INTERFACE/U_CMD6_WR/U_WR_FIFO/SUBCORE_FIFO.xsdbm_v3_0_0_wrfifo_inst/inst_fifo_gen/gconvfifo.rf/grf.rf/gntv_or_sync_fifo.gcx.clkx/gnxpm_cdc.gsync_stage[2].wr_stg_inst/Q_reg_reg[0]/C
                         clock pessimism             -0.392     1.637    
    SLICE_X81Y122        FDCE (Hold_fdce_C_D)         0.075     1.712    dbg_hub/inst/BSCANID.u_xsdbm_id/CORE_XSDB.UUT_MASTER/U_ICON_INTERFACE/U_CMD6_WR/U_WR_FIFO/SUBCORE_FIFO.xsdbm_v3_0_0_wrfifo_inst/inst_fifo_gen/gconvfifo.rf/grf.rf/gntv_or_sync_fifo.gcx.clkx/gnxpm_cdc.gsync_stage[2].wr_stg_inst/Q_reg_reg[0]
  -------------------------------------------------------------------
                         required time                         -1.712    
                         arrival time                           1.834    
  -------------------------------------------------------------------
                         slack                                  0.122    

Slack (MET) :             0.122ns  (arrival time - required time)
  Source:                 dbg_hub/inst/BSCANID.u_xsdbm_id/CORE_XSDB.UUT_MASTER/U_ICON_INTERFACE/U_CMD4/shift_reg_in_reg[21]/C
                            (rising edge-triggered cell FDRE clocked by dbg_hub/inst/BSCANID.u_xsdbm_id/SWITCH_N_EXT_BSCAN.bscan_inst/SERIES7_BSCAN.bscan_inst/TCK  {rise@0.000ns fall@16.500ns period=33.000ns})
  Destination:            dbg_hub/inst/BSCANID.u_xsdbm_id/CORE_XSDB.UUT_MASTER/U_ICON_INTERFACE/U_CMD4/shift_reg_in_reg[20]/D
                            (rising edge-triggered cell FDRE clocked by dbg_hub/inst/BSCANID.u_xsdbm_id/SWITCH_N_EXT_BSCAN.bscan_inst/SERIES7_BSCAN.bscan_inst/TCK  {rise@0.000ns fall@16.500ns period=33.000ns})
  Path Group:             dbg_hub/inst/BSCANID.u_xsdbm_id/SWITCH_N_EXT_BSCAN.bscan_inst/SERIES7_BSCAN.bscan_inst/TCK
  Path Type:              Hold (Min at Fast Process Corner)
  Requirement:            0.000ns  (dbg_hub/inst/BSCANID.u_xsdbm_id/SWITCH_N_EXT_BSCAN.bscan_inst/SERIES7_BSCAN.bscan_inst/TCK rise@0.000ns - dbg_hub/inst/BSCANID.u_xsdbm_id/SWITCH_N_EXT_BSCAN.bscan_inst/SERIES7_BSCAN.bscan_inst/TCK rise@0.000ns)
  Data Path Delay:        0.197ns  (logic 0.141ns (71.611%)  route 0.056ns (28.389%))
  Logic Levels:           0  
  Clock Path Skew:        0.000ns (DCD - SCD - CPR)
    Destination Clock Delay (DCD):    2.031ns
    Source Clock Delay      (SCD):    1.637ns
    Clock Pessimism Removal (CPR):    0.394ns

    Location             Delay type                Incr(ns)  Path(ns)    Netlist Resource(s)
  -------------------------------------------------------------------    -------------------
                         (clock dbg_hub/inst/BSCANID.u_xsdbm_id/SWITCH_N_EXT_BSCAN.bscan_inst/SERIES7_BSCAN.bscan_inst/TCK rise edge)
                                                      0.000     0.000 r  
    BSCAN_X0Y0           BSCANE2                      0.000     0.000 r  dbg_hub/inst/BSCANID.u_xsdbm_id/SWITCH_N_EXT_BSCAN.bscan_inst/SERIES7_BSCAN.bscan_inst/TCK
                         net (fo=1, routed)           0.956     0.956    dbg_hub/inst/BSCANID.u_xsdbm_id/tck_bs
    BUFGCTRL_X0Y16       BUFG (Prop_bufg_I_O)         0.026     0.982 r  dbg_hub/inst/BSCANID.u_xsdbm_id/SWITCH_N_EXT_BSCAN.u_bufg_icon_tck/O
                         net (fo=482, routed)         0.655     1.637    dbg_hub/inst/BSCANID.u_xsdbm_id/CORE_XSDB.UUT_MASTER/U_ICON_INTERFACE/U_CMD4/m_bscan_tck[0]
    SLICE_X89Y121        FDRE                                         r  dbg_hub/inst/BSCANID.u_xsdbm_id/CORE_XSDB.UUT_MASTER/U_ICON_INTERFACE/U_CMD4/shift_reg_in_reg[21]/C
  -------------------------------------------------------------------    -------------------
    SLICE_X89Y121        FDRE (Prop_fdre_C_Q)         0.141     1.778 r  dbg_hub/inst/BSCANID.u_xsdbm_id/CORE_XSDB.UUT_MASTER/U_ICON_INTERFACE/U_CMD4/shift_reg_in_reg[21]/Q
                         net (fo=2, routed)           0.056     1.834    dbg_hub/inst/BSCANID.u_xsdbm_id/CORE_XSDB.UUT_MASTER/U_ICON_INTERFACE/U_CMD4/shift_reg_in[21]
    SLICE_X89Y121        FDRE                                         r  dbg_hub/inst/BSCANID.u_xsdbm_id/CORE_XSDB.UUT_MASTER/U_ICON_INTERFACE/U_CMD4/shift_reg_in_reg[20]/D
  -------------------------------------------------------------------    -------------------

                         (clock dbg_hub/inst/BSCANID.u_xsdbm_id/SWITCH_N_EXT_BSCAN.bscan_inst/SERIES7_BSCAN.bscan_inst/TCK rise edge)
                                                      0.000     0.000 r  
    BSCAN_X0Y0           BSCANE2                      0.000     0.000 r  dbg_hub/inst/BSCANID.u_xsdbm_id/SWITCH_N_EXT_BSCAN.bscan_inst/SERIES7_BSCAN.bscan_inst/TCK
                         net (fo=1, routed)           1.075     1.075    dbg_hub/inst/BSCANID.u_xsdbm_id/tck_bs
    BUFGCTRL_X0Y16       BUFG (Prop_bufg_I_O)         0.029     1.104 r  dbg_hub/inst/BSCANID.u_xsdbm_id/SWITCH_N_EXT_BSCAN.u_bufg_icon_tck/O
                         net (fo=482, routed)         0.927     2.031    dbg_hub/inst/BSCANID.u_xsdbm_id/CORE_XSDB.UUT_MASTER/U_ICON_INTERFACE/U_CMD4/m_bscan_tck[0]
    SLICE_X89Y121        FDRE                                         r  dbg_hub/inst/BSCANID.u_xsdbm_id/CORE_XSDB.UUT_MASTER/U_ICON_INTERFACE/U_CMD4/shift_reg_in_reg[20]/C
                         clock pessimism             -0.394     1.637    
    SLICE_X89Y121        FDRE (Hold_fdre_C_D)         0.075     1.712    dbg_hub/inst/BSCANID.u_xsdbm_id/CORE_XSDB.UUT_MASTER/U_ICON_INTERFACE/U_CMD4/shift_reg_in_reg[20]
  -------------------------------------------------------------------
                         required time                         -1.712    
                         arrival time                           1.834    
  -------------------------------------------------------------------
                         slack                                  0.122    

Slack (MET) :             0.123ns  (arrival time - required time)
  Source:                 dbg_hub/inst/BSCANID.u_xsdbm_id/CORE_XSDB.UUT_MASTER/U_ICON_INTERFACE/U_CMD6_WR/shift_reg_in_reg[12]/C
                            (rising edge-triggered cell FDCE clocked by dbg_hub/inst/BSCANID.u_xsdbm_id/SWITCH_N_EXT_BSCAN.bscan_inst/SERIES7_BSCAN.bscan_inst/TCK  {rise@0.000ns fall@16.500ns period=33.000ns})
  Destination:            dbg_hub/inst/BSCANID.u_xsdbm_id/CORE_XSDB.UUT_MASTER/U_ICON_INTERFACE/U_CMD6_WR/U_WR_FIFO/SUBCORE_FIFO.xsdbm_v3_0_0_wrfifo_inst/inst_fifo_gen/gconvfifo.rf/grf.rf/gntv_or_sync_fifo.mem/gdm.dm_gen.dm/RAM_reg_0_15_6_11/RAMC_D1/I
                            (rising edge-triggered cell RAMD32 clocked by dbg_hub/inst/BSCANID.u_xsdbm_id/SWITCH_N_EXT_BSCAN.bscan_inst/SERIES7_BSCAN.bscan_inst/TCK  {rise@0.000ns fall@16.500ns period=33.000ns})
  Path Group:             dbg_hub/inst/BSCANID.u_xsdbm_id/SWITCH_N_EXT_BSCAN.bscan_inst/SERIES7_BSCAN.bscan_inst/TCK
  Path Type:              Hold (Min at Fast Process Corner)
  Requirement:            0.000ns  (dbg_hub/inst/BSCANID.u_xsdbm_id/SWITCH_N_EXT_BSCAN.bscan_inst/SERIES7_BSCAN.bscan_inst/TCK rise@0.000ns - dbg_hub/inst/BSCANID.u_xsdbm_id/SWITCH_N_EXT_BSCAN.bscan_inst/SERIES7_BSCAN.bscan_inst/TCK rise@0.000ns)
  Data Path Delay:        0.270ns  (logic 0.141ns (52.306%)  route 0.129ns (47.694%))
  Logic Levels:           0  
  Clock Path Skew:        0.033ns (DCD - SCD - CPR)
    Destination Clock Delay (DCD):    2.026ns
    Source Clock Delay      (SCD):    1.633ns
    Clock Pessimism Removal (CPR):    0.360ns

    Location             Delay type                Incr(ns)  Path(ns)    Netlist Resource(s)
  -------------------------------------------------------------------    -------------------
                         (clock dbg_hub/inst/BSCANID.u_xsdbm_id/SWITCH_N_EXT_BSCAN.bscan_inst/SERIES7_BSCAN.bscan_inst/TCK rise edge)
                                                      0.000     0.000 r  
    BSCAN_X0Y0           BSCANE2                      0.000     0.000 r  dbg_hub/inst/BSCANID.u_xsdbm_id/SWITCH_N_EXT_BSCAN.bscan_inst/SERIES7_BSCAN.bscan_inst/TCK
                         net (fo=1, routed)           0.956     0.956    dbg_hub/inst/BSCANID.u_xsdbm_id/tck_bs
    BUFGCTRL_X0Y16       BUFG (Prop_bufg_I_O)         0.026     0.982 r  dbg_hub/inst/BSCANID.u_xsdbm_id/SWITCH_N_EXT_BSCAN.u_bufg_icon_tck/O
                         net (fo=482, routed)         0.651     1.633    dbg_hub/inst/BSCANID.u_xsdbm_id/CORE_XSDB.UUT_MASTER/U_ICON_INTERFACE/U_CMD6_WR/m_bscan_tck[0]
    SLICE_X65Y121        FDCE                                         r  dbg_hub/inst/BSCANID.u_xsdbm_id/CORE_XSDB.UUT_MASTER/U_ICON_INTERFACE/U_CMD6_WR/shift_reg_in_reg[12]/C
  -------------------------------------------------------------------    -------------------
    SLICE_X65Y121        FDCE (Prop_fdce_C_Q)         0.141     1.774 r  dbg_hub/inst/BSCANID.u_xsdbm_id/CORE_XSDB.UUT_MASTER/U_ICON_INTERFACE/U_CMD6_WR/shift_reg_in_reg[12]/Q
                         net (fo=2, routed)           0.129     1.903    dbg_hub/inst/BSCANID.u_xsdbm_id/CORE_XSDB.UUT_MASTER/U_ICON_INTERFACE/U_CMD6_WR/U_WR_FIFO/SUBCORE_FIFO.xsdbm_v3_0_0_wrfifo_inst/inst_fifo_gen/gconvfifo.rf/grf.rf/gntv_or_sync_fifo.mem/gdm.dm_gen.dm/RAM_reg_0_15_6_11/DIC1
    SLICE_X62Y121        RAMD32                                       r  dbg_hub/inst/BSCANID.u_xsdbm_id/CORE_XSDB.UUT_MASTER/U_ICON_INTERFACE/U_CMD6_WR/U_WR_FIFO/SUBCORE_FIFO.xsdbm_v3_0_0_wrfifo_inst/inst_fifo_gen/gconvfifo.rf/grf.rf/gntv_or_sync_fifo.mem/gdm.dm_gen.dm/RAM_reg_0_15_6_11/RAMC_D1/I
  -------------------------------------------------------------------    -------------------

                         (clock dbg_hub/inst/BSCANID.u_xsdbm_id/SWITCH_N_EXT_BSCAN.bscan_inst/SERIES7_BSCAN.bscan_inst/TCK rise edge)
                                                      0.000     0.000 r  
    BSCAN_X0Y0           BSCANE2                      0.000     0.000 r  dbg_hub/inst/BSCANID.u_xsdbm_id/SWITCH_N_EXT_BSCAN.bscan_inst/SERIES7_BSCAN.bscan_inst/TCK
                         net (fo=1, routed)           1.075     1.075    dbg_hub/inst/BSCANID.u_xsdbm_id/tck_bs
    BUFGCTRL_X0Y16       BUFG (Prop_bufg_I_O)         0.029     1.104 r  dbg_hub/inst/BSCANID.u_xsdbm_id/SWITCH_N_EXT_BSCAN.u_bufg_icon_tck/O
                         net (fo=482, routed)         0.922     2.026    dbg_hub/inst/BSCANID.u_xsdbm_id/CORE_XSDB.UUT_MASTER/U_ICON_INTERFACE/U_CMD6_WR/U_WR_FIFO/SUBCORE_FIFO.xsdbm_v3_0_0_wrfifo_inst/inst_fifo_gen/gconvfifo.rf/grf.rf/gntv_or_sync_fifo.mem/gdm.dm_gen.dm/RAM_reg_0_15_6_11/WCLK
    SLICE_X62Y121        RAMD32                                       r  dbg_hub/inst/BSCANID.u_xsdbm_id/CORE_XSDB.UUT_MASTER/U_ICON_INTERFACE/U_CMD6_WR/U_WR_FIFO/SUBCORE_FIFO.xsdbm_v3_0_0_wrfifo_inst/inst_fifo_gen/gconvfifo.rf/grf.rf/gntv_or_sync_fifo.mem/gdm.dm_gen.dm/RAM_reg_0_15_6_11/RAMC_D1/CLK
                         clock pessimism             -0.360     1.666    
    SLICE_X62Y121        RAMD32 (Hold_ramd32_CLK_I)
                                                      0.114     1.780    dbg_hub/inst/BSCANID.u_xsdbm_id/CORE_XSDB.UUT_MASTER/U_ICON_INTERFACE/U_CMD6_WR/U_WR_FIFO/SUBCORE_FIFO.xsdbm_v3_0_0_wrfifo_inst/inst_fifo_gen/gconvfifo.rf/grf.rf/gntv_or_sync_fifo.mem/gdm.dm_gen.dm/RAM_reg_0_15_6_11/RAMC_D1
  -------------------------------------------------------------------
                         required time                         -1.780    
                         arrival time                           1.903    
  -------------------------------------------------------------------
                         slack                                  0.123    

Slack (MET) :             0.126ns  (arrival time - required time)
  Source:                 dbg_hub/inst/BSCANID.u_xsdbm_id/CORE_XSDB.UUT_MASTER/U_ICON_INTERFACE/U_CMD6_WR/U_WR_FIFO/SUBCORE_FIFO.xsdbm_v3_0_0_wrfifo_inst/inst_fifo_gen/gconvfifo.rf/grf.rf/gntv_or_sync_fifo.gcx.clkx/gnxpm_cdc.gsync_stage[1].wr_stg_inst/Q_reg_reg[2]/C
                            (rising edge-triggered cell FDCE clocked by dbg_hub/inst/BSCANID.u_xsdbm_id/SWITCH_N_EXT_BSCAN.bscan_inst/SERIES7_BSCAN.bscan_inst/TCK  {rise@0.000ns fall@16.500ns period=33.000ns})
  Destination:            dbg_hub/inst/BSCANID.u_xsdbm_id/CORE_XSDB.UUT_MASTER/U_ICON_INTERFACE/U_CMD6_WR/U_WR_FIFO/SUBCORE_FIFO.xsdbm_v3_0_0_wrfifo_inst/inst_fifo_gen/gconvfifo.rf/grf.rf/gntv_or_sync_fifo.gcx.clkx/gnxpm_cdc.gsync_stage[2].wr_stg_inst/Q_reg_reg[2]/D
                            (rising edge-triggered cell FDCE clocked by dbg_hub/inst/BSCANID.u_xsdbm_id/SWITCH_N_EXT_BSCAN.bscan_inst/SERIES7_BSCAN.bscan_inst/TCK  {rise@0.000ns fall@16.500ns period=33.000ns})
  Path Group:             dbg_hub/inst/BSCANID.u_xsdbm_id/SWITCH_N_EXT_BSCAN.bscan_inst/SERIES7_BSCAN.bscan_inst/TCK
  Path Type:              Hold (Min at Fast Process Corner)
  Requirement:            0.000ns  (dbg_hub/inst/BSCANID.u_xsdbm_id/SWITCH_N_EXT_BSCAN.bscan_inst/SERIES7_BSCAN.bscan_inst/TCK rise@0.000ns - dbg_hub/inst/BSCANID.u_xsdbm_id/SWITCH_N_EXT_BSCAN.bscan_inst/SERIES7_BSCAN.bscan_inst/TCK rise@0.000ns)
  Data Path Delay:        0.197ns  (logic 0.141ns (71.611%)  route 0.056ns (28.389%))
  Logic Levels:           0  
  Clock Path Skew:        0.000ns (DCD - SCD - CPR)
    Destination Clock Delay (DCD):    2.029ns
    Source Clock Delay      (SCD):    1.637ns
    Clock Pessimism Removal (CPR):    0.392ns

    Location             Delay type                Incr(ns)  Path(ns)    Netlist Resource(s)
  -------------------------------------------------------------------    -------------------
                         (clock dbg_hub/inst/BSCANID.u_xsdbm_id/SWITCH_N_EXT_BSCAN.bscan_inst/SERIES7_BSCAN.bscan_inst/TCK rise edge)
                                                      0.000     0.000 r  
    BSCAN_X0Y0           BSCANE2                      0.000     0.000 r  dbg_hub/inst/BSCANID.u_xsdbm_id/SWITCH_N_EXT_BSCAN.bscan_inst/SERIES7_BSCAN.bscan_inst/TCK
                         net (fo=1, routed)           0.956     0.956    dbg_hub/inst/BSCANID.u_xsdbm_id/tck_bs
    BUFGCTRL_X0Y16       BUFG (Prop_bufg_I_O)         0.026     0.982 r  dbg_hub/inst/BSCANID.u_xsdbm_id/SWITCH_N_EXT_BSCAN.u_bufg_icon_tck/O
                         net (fo=482, routed)         0.655     1.637    dbg_hub/inst/BSCANID.u_xsdbm_id/CORE_XSDB.UUT_MASTER/U_ICON_INTERFACE/U_CMD6_WR/U_WR_FIFO/SUBCORE_FIFO.xsdbm_v3_0_0_wrfifo_inst/inst_fifo_gen/gconvfifo.rf/grf.rf/gntv_or_sync_fifo.gcx.clkx/gnxpm_cdc.gsync_stage[1].wr_stg_inst/wr_clk
    SLICE_X81Y122        FDCE                                         r  dbg_hub/inst/BSCANID.u_xsdbm_id/CORE_XSDB.UUT_MASTER/U_ICON_INTERFACE/U_CMD6_WR/U_WR_FIFO/SUBCORE_FIFO.xsdbm_v3_0_0_wrfifo_inst/inst_fifo_gen/gconvfifo.rf/grf.rf/gntv_or_sync_fifo.gcx.clkx/gnxpm_cdc.gsync_stage[1].wr_stg_inst/Q_reg_reg[2]/C
  -------------------------------------------------------------------    -------------------
    SLICE_X81Y122        FDCE (Prop_fdce_C_Q)         0.141     1.778 r  dbg_hub/inst/BSCANID.u_xsdbm_id/CORE_XSDB.UUT_MASTER/U_ICON_INTERFACE/U_CMD6_WR/U_WR_FIFO/SUBCORE_FIFO.xsdbm_v3_0_0_wrfifo_inst/inst_fifo_gen/gconvfifo.rf/grf.rf/gntv_or_sync_fifo.gcx.clkx/gnxpm_cdc.gsync_stage[1].wr_stg_inst/Q_reg_reg[2]/Q
                         net (fo=1, routed)           0.056     1.834    dbg_hub/inst/BSCANID.u_xsdbm_id/CORE_XSDB.UUT_MASTER/U_ICON_INTERFACE/U_CMD6_WR/U_WR_FIFO/SUBCORE_FIFO.xsdbm_v3_0_0_wrfifo_inst/inst_fifo_gen/gconvfifo.rf/grf.rf/gntv_or_sync_fifo.gcx.clkx/gnxpm_cdc.gsync_stage[2].wr_stg_inst/Q_reg_reg[3]_0[2]
    SLICE_X81Y122        FDCE                                         r  dbg_hub/inst/BSCANID.u_xsdbm_id/CORE_XSDB.UUT_MASTER/U_ICON_INTERFACE/U_CMD6_WR/U_WR_FIFO/SUBCORE_FIFO.xsdbm_v3_0_0_wrfifo_inst/inst_fifo_gen/gconvfifo.rf/grf.rf/gntv_or_sync_fifo.gcx.clkx/gnxpm_cdc.gsync_stage[2].wr_stg_inst/Q_reg_reg[2]/D
  -------------------------------------------------------------------    -------------------

                         (clock dbg_hub/inst/BSCANID.u_xsdbm_id/SWITCH_N_EXT_BSCAN.bscan_inst/SERIES7_BSCAN.bscan_inst/TCK rise edge)
                                                      0.000     0.000 r  
    BSCAN_X0Y0           BSCANE2                      0.000     0.000 r  dbg_hub/inst/BSCANID.u_xsdbm_id/SWITCH_N_EXT_BSCAN.bscan_inst/SERIES7_BSCAN.bscan_inst/TCK
                         net (fo=1, routed)           1.075     1.075    dbg_hub/inst/BSCANID.u_xsdbm_id/tck_bs
    BUFGCTRL_X0Y16       BUFG (Prop_bufg_I_O)         0.029     1.104 r  dbg_hub/inst/BSCANID.u_xsdbm_id/SWITCH_N_EXT_BSCAN.u_bufg_icon_tck/O
                         net (fo=482, routed)         0.925     2.029    dbg_hub/inst/BSCANID.u_xsdbm_id/CORE_XSDB.UUT_MASTER/U_ICON_INTERFACE/U_CMD6_WR/U_WR_FIFO/SUBCORE_FIFO.xsdbm_v3_0_0_wrfifo_inst/inst_fifo_gen/gconvfifo.rf/grf.rf/gntv_or_sync_fifo.gcx.clkx/gnxpm_cdc.gsync_stage[2].wr_stg_inst/wr_clk
    SLICE_X81Y122        FDCE                                         r  dbg_hub/inst/BSCANID.u_xsdbm_id/CORE_XSDB.UUT_MASTER/U_ICON_INTERFACE/U_CMD6_WR/U_WR_FIFO/SUBCORE_FIFO.xsdbm_v3_0_0_wrfifo_inst/inst_fifo_gen/gconvfifo.rf/grf.rf/gntv_or_sync_fifo.gcx.clkx/gnxpm_cdc.gsync_stage[2].wr_stg_inst/Q_reg_reg[2]/C
                         clock pessimism             -0.392     1.637    
    SLICE_X81Y122        FDCE (Hold_fdce_C_D)         0.071     1.708    dbg_hub/inst/BSCANID.u_xsdbm_id/CORE_XSDB.UUT_MASTER/U_ICON_INTERFACE/U_CMD6_WR/U_WR_FIFO/SUBCORE_FIFO.xsdbm_v3_0_0_wrfifo_inst/inst_fifo_gen/gconvfifo.rf/grf.rf/gntv_or_sync_fifo.gcx.clkx/gnxpm_cdc.gsync_stage[2].wr_stg_inst/Q_reg_reg[2]
  -------------------------------------------------------------------
                         required time                         -1.708    
                         arrival time                           1.834    
  -------------------------------------------------------------------
                         slack                                  0.126    

Slack (MET) :             0.126ns  (arrival time - required time)
  Source:                 dbg_hub/inst/BSCANID.u_xsdbm_id/CORE_XSDB.UUT_MASTER/U_ICON_INTERFACE/U_CMD4/shift_reg_in_reg[23]/C
                            (rising edge-triggered cell FDRE clocked by dbg_hub/inst/BSCANID.u_xsdbm_id/SWITCH_N_EXT_BSCAN.bscan_inst/SERIES7_BSCAN.bscan_inst/TCK  {rise@0.000ns fall@16.500ns period=33.000ns})
  Destination:            dbg_hub/inst/BSCANID.u_xsdbm_id/CORE_XSDB.UUT_MASTER/U_ICON_INTERFACE/U_CMD4/shift_reg_in_reg[22]/D
                            (rising edge-triggered cell FDRE clocked by dbg_hub/inst/BSCANID.u_xsdbm_id/SWITCH_N_EXT_BSCAN.bscan_inst/SERIES7_BSCAN.bscan_inst/TCK  {rise@0.000ns fall@16.500ns period=33.000ns})
  Path Group:             dbg_hub/inst/BSCANID.u_xsdbm_id/SWITCH_N_EXT_BSCAN.bscan_inst/SERIES7_BSCAN.bscan_inst/TCK
  Path Type:              Hold (Min at Fast Process Corner)
  Requirement:            0.000ns  (dbg_hub/inst/BSCANID.u_xsdbm_id/SWITCH_N_EXT_BSCAN.bscan_inst/SERIES7_BSCAN.bscan_inst/TCK rise@0.000ns - dbg_hub/inst/BSCANID.u_xsdbm_id/SWITCH_N_EXT_BSCAN.bscan_inst/SERIES7_BSCAN.bscan_inst/TCK rise@0.000ns)
  Data Path Delay:        0.197ns  (logic 0.141ns (71.611%)  route 0.056ns (28.389%))
  Logic Levels:           0  
  Clock Path Skew:        0.000ns (DCD - SCD - CPR)
    Destination Clock Delay (DCD):    2.031ns
    Source Clock Delay      (SCD):    1.637ns
    Clock Pessimism Removal (CPR):    0.394ns

    Location             Delay type                Incr(ns)  Path(ns)    Netlist Resource(s)
  -------------------------------------------------------------------    -------------------
                         (clock dbg_hub/inst/BSCANID.u_xsdbm_id/SWITCH_N_EXT_BSCAN.bscan_inst/SERIES7_BSCAN.bscan_inst/TCK rise edge)
                                                      0.000     0.000 r  
    BSCAN_X0Y0           BSCANE2                      0.000     0.000 r  dbg_hub/inst/BSCANID.u_xsdbm_id/SWITCH_N_EXT_BSCAN.bscan_inst/SERIES7_BSCAN.bscan_inst/TCK
                         net (fo=1, routed)           0.956     0.956    dbg_hub/inst/BSCANID.u_xsdbm_id/tck_bs
    BUFGCTRL_X0Y16       BUFG (Prop_bufg_I_O)         0.026     0.982 r  dbg_hub/inst/BSCANID.u_xsdbm_id/SWITCH_N_EXT_BSCAN.u_bufg_icon_tck/O
                         net (fo=482, routed)         0.655     1.637    dbg_hub/inst/BSCANID.u_xsdbm_id/CORE_XSDB.UUT_MASTER/U_ICON_INTERFACE/U_CMD4/m_bscan_tck[0]
    SLICE_X89Y121        FDRE                                         r  dbg_hub/inst/BSCANID.u_xsdbm_id/CORE_XSDB.UUT_MASTER/U_ICON_INTERFACE/U_CMD4/shift_reg_in_reg[23]/C
  -------------------------------------------------------------------    -------------------
    SLICE_X89Y121        FDRE (Prop_fdre_C_Q)         0.141     1.778 r  dbg_hub/inst/BSCANID.u_xsdbm_id/CORE_XSDB.UUT_MASTER/U_ICON_INTERFACE/U_CMD4/shift_reg_in_reg[23]/Q
                         net (fo=2, routed)           0.056     1.834    dbg_hub/inst/BSCANID.u_xsdbm_id/CORE_XSDB.UUT_MASTER/U_ICON_INTERFACE/U_CMD4/shift_reg_in[23]
    SLICE_X89Y121        FDRE                                         r  dbg_hub/inst/BSCANID.u_xsdbm_id/CORE_XSDB.UUT_MASTER/U_ICON_INTERFACE/U_CMD4/shift_reg_in_reg[22]/D
  -------------------------------------------------------------------    -------------------

                         (clock dbg_hub/inst/BSCANID.u_xsdbm_id/SWITCH_N_EXT_BSCAN.bscan_inst/SERIES7_BSCAN.bscan_inst/TCK rise edge)
                                                      0.000     0.000 r  
    BSCAN_X0Y0           BSCANE2                      0.000     0.000 r  dbg_hub/inst/BSCANID.u_xsdbm_id/SWITCH_N_EXT_BSCAN.bscan_inst/SERIES7_BSCAN.bscan_inst/TCK
                         net (fo=1, routed)           1.075     1.075    dbg_hub/inst/BSCANID.u_xsdbm_id/tck_bs
    BUFGCTRL_X0Y16       BUFG (Prop_bufg_I_O)         0.029     1.104 r  dbg_hub/inst/BSCANID.u_xsdbm_id/SWITCH_N_EXT_BSCAN.u_bufg_icon_tck/O
                         net (fo=482, routed)         0.927     2.031    dbg_hub/inst/BSCANID.u_xsdbm_id/CORE_XSDB.UUT_MASTER/U_ICON_INTERFACE/U_CMD4/m_bscan_tck[0]
    SLICE_X89Y121        FDRE                                         r  dbg_hub/inst/BSCANID.u_xsdbm_id/CORE_XSDB.UUT_MASTER/U_ICON_INTERFACE/U_CMD4/shift_reg_in_reg[22]/C
                         clock pessimism             -0.394     1.637    
    SLICE_X89Y121        FDRE (Hold_fdre_C_D)         0.071     1.708    dbg_hub/inst/BSCANID.u_xsdbm_id/CORE_XSDB.UUT_MASTER/U_ICON_INTERFACE/U_CMD4/shift_reg_in_reg[22]
  -------------------------------------------------------------------
                         required time                         -1.708    
                         arrival time                           1.834    
  -------------------------------------------------------------------
                         slack                                  0.126    





Pulse Width Checks
--------------------------------------------------------------------------------------
Clock Name:         dbg_hub/inst/BSCANID.u_xsdbm_id/SWITCH_N_EXT_BSCAN.bscan_inst/SERIES7_BSCAN.bscan_inst/TCK
Waveform(ns):       { 0.000 16.500 }
Period(ns):         33.000
Sources:            { dbg_hub/inst/BSCANID.u_xsdbm_id/SWITCH_N_EXT_BSCAN.bscan_inst/SERIES7_BSCAN.bscan_inst/TCK }

Check Type        Corner  Lib Pin     Reference Pin  Required(ns)  Actual(ns)  Slack(ns)  Location        Pin
Min Period        n/a     BUFG/I      n/a            2.155         33.000      30.845     BUFGCTRL_X0Y16  dbg_hub/inst/BSCANID.u_xsdbm_id/SWITCH_N_EXT_BSCAN.u_bufg_icon_tck/I
Min Period        n/a     FDRE/C      n/a            1.000         33.000      32.000     SLICE_X91Y123   dbg_hub/inst/BSCANID.u_xsdbm_id/CORE_XSDB.UUT_MASTER/U_ICON_INTERFACE/U_CMD1/icn_cmd_din_temp_reg/C
Min Period        n/a     FDRE/C      n/a            1.000         33.000      32.000     SLICE_X91Y123   dbg_hub/inst/BSCANID.u_xsdbm_id/CORE_XSDB.UUT_MASTER/U_ICON_INTERFACE/U_CMD1/icn_cmd_en_temp_reg/C
Min Period        n/a     FDRE/C      n/a            1.000         33.000      32.000     SLICE_X90Y123   dbg_hub/inst/BSCANID.u_xsdbm_id/CORE_XSDB.UUT_MASTER/U_ICON_INTERFACE/U_CMD1/shift_reg_in_reg[0]/C
Min Period        n/a     FDRE/C      n/a            1.000         33.000      32.000     SLICE_X90Y123   dbg_hub/inst/BSCANID.u_xsdbm_id/CORE_XSDB.UUT_MASTER/U_ICON_INTERFACE/U_CMD1/shift_reg_in_reg[1]/C
Min Period        n/a     FDRE/C      n/a            1.000         33.000      32.000     SLICE_X90Y129   dbg_hub/inst/BSCANID.u_xsdbm_id/CORE_XSDB.UUT_MASTER/U_ICON_INTERFACE/U_CMD2/icn_cmd_din_temp_reg/C
Min Period        n/a     FDRE/C      n/a            1.000         33.000      32.000     SLICE_X90Y129   dbg_hub/inst/BSCANID.u_xsdbm_id/CORE_XSDB.UUT_MASTER/U_ICON_INTERFACE/U_CMD2/icn_cmd_en_temp_reg/C
Min Period        n/a     FDRE/C      n/a            1.000         33.000      32.000     SLICE_X90Y129   dbg_hub/inst/BSCANID.u_xsdbm_id/CORE_XSDB.UUT_MASTER/U_ICON_INTERFACE/U_CMD2/shift_en_reg/C
Min Period        n/a     FDRE/C      n/a            1.000         33.000      32.000     SLICE_X90Y130   dbg_hub/inst/BSCANID.u_xsdbm_id/CORE_XSDB.UUT_MASTER/U_ICON_INTERFACE/U_CMD2/shift_reg_in_reg[0]/C
Min Period        n/a     FDRE/C      n/a            1.000         33.000      32.000     SLICE_X90Y130   dbg_hub/inst/BSCANID.u_xsdbm_id/CORE_XSDB.UUT_MASTER/U_ICON_INTERFACE/U_CMD2/shift_reg_in_reg[1]/C
Low Pulse Width   Fast    RAMD32/CLK  n/a            1.250         16.500      15.250     SLICE_X66Y122   dbg_hub/inst/BSCANID.u_xsdbm_id/CORE_XSDB.UUT_MASTER/U_ICON_INTERFACE/U_CMD6_WR/U_WR_FIFO/SUBCORE_FIFO.xsdbm_v3_0_0_wrfifo_inst/inst_fifo_gen/gconvfifo.rf/grf.rf/gntv_or_sync_fifo.mem/gdm.dm_gen.dm/RAM_reg_0_15_0_5/RAMA/CLK
Low Pulse Width   Fast    RAMD32/CLK  n/a            1.250         16.500      15.250     SLICE_X66Y122   dbg_hub/inst/BSCANID.u_xsdbm_id/CORE_XSDB.UUT_MASTER/U_ICON_INTERFACE/U_CMD6_WR/U_WR_FIFO/SUBCORE_FIFO.xsdbm_v3_0_0_wrfifo_inst/inst_fifo_gen/gconvfifo.rf/grf.rf/gntv_or_sync_fifo.mem/gdm.dm_gen.dm/RAM_reg_0_15_0_5/RAMA_D1/CLK
Low Pulse Width   Fast    RAMD32/CLK  n/a            1.250         16.500      15.250     SLICE_X66Y122   dbg_hub/inst/BSCANID.u_xsdbm_id/CORE_XSDB.UUT_MASTER/U_ICON_INTERFACE/U_CMD6_WR/U_WR_FIFO/SUBCORE_FIFO.xsdbm_v3_0_0_wrfifo_inst/inst_fifo_gen/gconvfifo.rf/grf.rf/gntv_or_sync_fifo.mem/gdm.dm_gen.dm/RAM_reg_0_15_0_5/RAMB/CLK
Low Pulse Width   Fast    RAMD32/CLK  n/a            1.250         16.500      15.250     SLICE_X66Y122   dbg_hub/inst/BSCANID.u_xsdbm_id/CORE_XSDB.UUT_MASTER/U_ICON_INTERFACE/U_CMD6_WR/U_WR_FIFO/SUBCORE_FIFO.xsdbm_v3_0_0_wrfifo_inst/inst_fifo_gen/gconvfifo.rf/grf.rf/gntv_or_sync_fifo.mem/gdm.dm_gen.dm/RAM_reg_0_15_0_5/RAMB_D1/CLK
Low Pulse Width   Fast    RAMD32/CLK  n/a            1.250         16.500      15.250     SLICE_X66Y122   dbg_hub/inst/BSCANID.u_xsdbm_id/CORE_XSDB.UUT_MASTER/U_ICON_INTERFACE/U_CMD6_WR/U_WR_FIFO/SUBCORE_FIFO.xsdbm_v3_0_0_wrfifo_inst/inst_fifo_gen/gconvfifo.rf/grf.rf/gntv_or_sync_fifo.mem/gdm.dm_gen.dm/RAM_reg_0_15_0_5/RAMC/CLK
Low Pulse Width   Fast    RAMD32/CLK  n/a            1.250         16.500      15.250     SLICE_X66Y122   dbg_hub/inst/BSCANID.u_xsdbm_id/CORE_XSDB.UUT_MASTER/U_ICON_INTERFACE/U_CMD6_WR/U_WR_FIFO/SUBCORE_FIFO.xsdbm_v3_0_0_wrfifo_inst/inst_fifo_gen/gconvfifo.rf/grf.rf/gntv_or_sync_fifo.mem/gdm.dm_gen.dm/RAM_reg_0_15_0_5/RAMC_D1/CLK
Low Pulse Width   Fast    RAMS32/CLK  n/a            1.250         16.500      15.250     SLICE_X66Y122   dbg_hub/inst/BSCANID.u_xsdbm_id/CORE_XSDB.UUT_MASTER/U_ICON_INTERFACE/U_CMD6_WR/U_WR_FIFO/SUBCORE_FIFO.xsdbm_v3_0_0_wrfifo_inst/inst_fifo_gen/gconvfifo.rf/grf.rf/gntv_or_sync_fifo.mem/gdm.dm_gen.dm/RAM_reg_0_15_0_5/RAMD/CLK
Low Pulse Width   Fast    RAMS32/CLK  n/a            1.250         16.500      15.250     SLICE_X66Y122   dbg_hub/inst/BSCANID.u_xsdbm_id/CORE_XSDB.UUT_MASTER/U_ICON_INTERFACE/U_CMD6_WR/U_WR_FIFO/SUBCORE_FIFO.xsdbm_v3_0_0_wrfifo_inst/inst_fifo_gen/gconvfifo.rf/grf.rf/gntv_or_sync_fifo.mem/gdm.dm_gen.dm/RAM_reg_0_15_0_5/RAMD_D1/CLK
Low Pulse Width   Fast    RAMD32/CLK  n/a            1.250         16.500      15.250     SLICE_X66Y121   dbg_hub/inst/BSCANID.u_xsdbm_id/CORE_XSDB.UUT_MASTER/U_ICON_INTERFACE/U_CMD6_WR/U_WR_FIFO/SUBCORE_FIFO.xsdbm_v3_0_0_wrfifo_inst/inst_fifo_gen/gconvfifo.rf/grf.rf/gntv_or_sync_fifo.mem/gdm.dm_gen.dm/RAM_reg_0_15_12_15/RAMA/CLK
Low Pulse Width   Fast    RAMD32/CLK  n/a            1.250         16.500      15.250     SLICE_X66Y121   dbg_hub/inst/BSCANID.u_xsdbm_id/CORE_XSDB.UUT_MASTER/U_ICON_INTERFACE/U_CMD6_WR/U_WR_FIFO/SUBCORE_FIFO.xsdbm_v3_0_0_wrfifo_inst/inst_fifo_gen/gconvfifo.rf/grf.rf/gntv_or_sync_fifo.mem/gdm.dm_gen.dm/RAM_reg_0_15_12_15/RAMA_D1/CLK
High Pulse Width  Slow    RAMD32/CLK  n/a            1.250         16.500      15.250     SLICE_X66Y121   dbg_hub/inst/BSCANID.u_xsdbm_id/CORE_XSDB.UUT_MASTER/U_ICON_INTERFACE/U_CMD6_WR/U_WR_FIFO/SUBCORE_FIFO.xsdbm_v3_0_0_wrfifo_inst/inst_fifo_gen/gconvfifo.rf/grf.rf/gntv_or_sync_fifo.mem/gdm.dm_gen.dm/RAM_reg_0_15_12_15/RAMA/CLK
High Pulse Width  Slow    RAMD32/CLK  n/a            1.250         16.500      15.250     SLICE_X66Y121   dbg_hub/inst/BSCANID.u_xsdbm_id/CORE_XSDB.UUT_MASTER/U_ICON_INTERFACE/U_CMD6_WR/U_WR_FIFO/SUBCORE_FIFO.xsdbm_v3_0_0_wrfifo_inst/inst_fifo_gen/gconvfifo.rf/grf.rf/gntv_or_sync_fifo.mem/gdm.dm_gen.dm/RAM_reg_0_15_12_15/RAMA_D1/CLK
High Pulse Width  Slow    RAMD32/CLK  n/a            1.250         16.500      15.250     SLICE_X66Y121   dbg_hub/inst/BSCANID.u_xsdbm_id/CORE_XSDB.UUT_MASTER/U_ICON_INTERFACE/U_CMD6_WR/U_WR_FIFO/SUBCORE_FIFO.xsdbm_v3_0_0_wrfifo_inst/inst_fifo_gen/gconvfifo.rf/grf.rf/gntv_or_sync_fifo.mem/gdm.dm_gen.dm/RAM_reg_0_15_12_15/RAMB/CLK
High Pulse Width  Slow    RAMD32/CLK  n/a            1.250         16.500      15.250     SLICE_X66Y121   dbg_hub/inst/BSCANID.u_xsdbm_id/CORE_XSDB.UUT_MASTER/U_ICON_INTERFACE/U_CMD6_WR/U_WR_FIFO/SUBCORE_FIFO.xsdbm_v3_0_0_wrfifo_inst/inst_fifo_gen/gconvfifo.rf/grf.rf/gntv_or_sync_fifo.mem/gdm.dm_gen.dm/RAM_reg_0_15_12_15/RAMB_D1/CLK
High Pulse Width  Slow    RAMD32/CLK  n/a            1.250         16.500      15.250     SLICE_X66Y121   dbg_hub/inst/BSCANID.u_xsdbm_id/CORE_XSDB.UUT_MASTER/U_ICON_INTERFACE/U_CMD6_WR/U_WR_FIFO/SUBCORE_FIFO.xsdbm_v3_0_0_wrfifo_inst/inst_fifo_gen/gconvfifo.rf/grf.rf/gntv_or_sync_fifo.mem/gdm.dm_gen.dm/RAM_reg_0_15_12_15/RAMC/CLK
High Pulse Width  Slow    RAMD32/CLK  n/a            1.250         16.500      15.250     SLICE_X66Y121   dbg_hub/inst/BSCANID.u_xsdbm_id/CORE_XSDB.UUT_MASTER/U_ICON_INTERFACE/U_CMD6_WR/U_WR_FIFO/SUBCORE_FIFO.xsdbm_v3_0_0_wrfifo_inst/inst_fifo_gen/gconvfifo.rf/grf.rf/gntv_or_sync_fifo.mem/gdm.dm_gen.dm/RAM_reg_0_15_12_15/RAMC_D1/CLK
High Pulse Width  Slow    RAMS32/CLK  n/a            1.250         16.500      15.250     SLICE_X66Y121   dbg_hub/inst/BSCANID.u_xsdbm_id/CORE_XSDB.UUT_MASTER/U_ICON_INTERFACE/U_CMD6_WR/U_WR_FIFO/SUBCORE_FIFO.xsdbm_v3_0_0_wrfifo_inst/inst_fifo_gen/gconvfifo.rf/grf.rf/gntv_or_sync_fifo.mem/gdm.dm_gen.dm/RAM_reg_0_15_12_15/RAMD/CLK
High Pulse Width  Slow    RAMS32/CLK  n/a            1.250         16.500      15.250     SLICE_X66Y121   dbg_hub/inst/BSCANID.u_xsdbm_id/CORE_XSDB.UUT_MASTER/U_ICON_INTERFACE/U_CMD6_WR/U_WR_FIFO/SUBCORE_FIFO.xsdbm_v3_0_0_wrfifo_inst/inst_fifo_gen/gconvfifo.rf/grf.rf/gntv_or_sync_fifo.mem/gdm.dm_gen.dm/RAM_reg_0_15_12_15/RAMD_D1/CLK
High Pulse Width  Slow    RAMD32/CLK  n/a            1.250         16.500      15.250     SLICE_X62Y121   dbg_hub/inst/BSCANID.u_xsdbm_id/CORE_XSDB.UUT_MASTER/U_ICON_INTERFACE/U_CMD6_WR/U_WR_FIFO/SUBCORE_FIFO.xsdbm_v3_0_0_wrfifo_inst/inst_fifo_gen/gconvfifo.rf/grf.rf/gntv_or_sync_fifo.mem/gdm.dm_gen.dm/RAM_reg_0_15_6_11/RAMA/CLK
High Pulse Width  Slow    RAMD32/CLK  n/a            1.250         16.500      15.250     SLICE_X62Y121   dbg_hub/inst/BSCANID.u_xsdbm_id/CORE_XSDB.UUT_MASTER/U_ICON_INTERFACE/U_CMD6_WR/U_WR_FIFO/SUBCORE_FIFO.xsdbm_v3_0_0_wrfifo_inst/inst_fifo_gen/gconvfifo.rf/grf.rf/gntv_or_sync_fifo.mem/gdm.dm_gen.dm/RAM_reg_0_15_6_11/RAMA_D1/CLK



---------------------------------------------------------------------------------------------------
From Clock:  dbg_hub/inst/BSCANID.u_xsdbm_id/SWITCH_N_EXT_BSCAN.bscan_inst/SERIES7_BSCAN.bscan_inst/TCK
  To Clock:  clk_fpga_0

Setup :            0  Failing Endpoints,  Worst Slack       31.658ns,  Total Violation        0.000ns
Hold  :           NA  Failing Endpoints,  Worst Slack           NA  ,  Total Violation           NA
---------------------------------------------------------------------------------------------------


Max Delay Paths
--------------------------------------------------------------------------------------
Slack (MET) :             31.658ns  (required time - arrival time)
  Source:                 dbg_hub/inst/BSCANID.u_xsdbm_id/CORE_XSDB.UUT_MASTER/U_ICON_INTERFACE/U_CMD6_RD/U_RD_FIFO/SUBCORE_FIFO.xsdbm_v3_0_0_rdfifo_inst/inst_fifo_gen/gconvfifo.rf/grf.rf/gntv_or_sync_fifo.gcx.clkx/gnxpm_cdc.rd_pntr_gc_reg[1]/C
                            (rising edge-triggered cell FDCE clocked by dbg_hub/inst/BSCANID.u_xsdbm_id/SWITCH_N_EXT_BSCAN.bscan_inst/SERIES7_BSCAN.bscan_inst/TCK  {rise@0.000ns fall@16.500ns period=33.000ns})
  Destination:            dbg_hub/inst/BSCANID.u_xsdbm_id/CORE_XSDB.UUT_MASTER/U_ICON_INTERFACE/U_CMD6_RD/U_RD_FIFO/SUBCORE_FIFO.xsdbm_v3_0_0_rdfifo_inst/inst_fifo_gen/gconvfifo.rf/grf.rf/gntv_or_sync_fifo.gcx.clkx/gnxpm_cdc.gsync_stage[1].wr_stg_inst/Q_reg_reg[1]/D
                            (rising edge-triggered cell FDCE clocked by clk_fpga_0  {rise@0.000ns fall@5.000ns period=10.000ns})
  Path Group:             clk_fpga_0
  Path Type:              Setup (Max at Slow Process Corner)
  Requirement:            33.000ns  (MaxDelay Path 33.000ns)
  Data Path Delay:        1.237ns  (logic 0.456ns (36.869%)  route 0.781ns (63.131%))
  Logic Levels:           0  
  Timing Exception:       MaxDelay Path 33.000ns -datapath_only

    Location             Delay type                Incr(ns)  Path(ns)    Netlist Resource(s)
  -------------------------------------------------------------------    -------------------
    SLICE_X60Y130                                     0.000     0.000 r  dbg_hub/inst/BSCANID.u_xsdbm_id/CORE_XSDB.UUT_MASTER/U_ICON_INTERFACE/U_CMD6_RD/U_RD_FIFO/SUBCORE_FIFO.xsdbm_v3_0_0_rdfifo_inst/inst_fifo_gen/gconvfifo.rf/grf.rf/gntv_or_sync_fifo.gcx.clkx/gnxpm_cdc.rd_pntr_gc_reg[1]/C
    SLICE_X60Y130        FDCE (Prop_fdce_C_Q)         0.456     0.456 r  dbg_hub/inst/BSCANID.u_xsdbm_id/CORE_XSDB.UUT_MASTER/U_ICON_INTERFACE/U_CMD6_RD/U_RD_FIFO/SUBCORE_FIFO.xsdbm_v3_0_0_rdfifo_inst/inst_fifo_gen/gconvfifo.rf/grf.rf/gntv_or_sync_fifo.gcx.clkx/gnxpm_cdc.rd_pntr_gc_reg[1]/Q
                         net (fo=1, routed)           0.781     1.237    dbg_hub/inst/BSCANID.u_xsdbm_id/CORE_XSDB.UUT_MASTER/U_ICON_INTERFACE/U_CMD6_RD/U_RD_FIFO/SUBCORE_FIFO.xsdbm_v3_0_0_rdfifo_inst/inst_fifo_gen/gconvfifo.rf/grf.rf/gntv_or_sync_fifo.gcx.clkx/gnxpm_cdc.gsync_stage[1].wr_stg_inst/Q[1]
    SLICE_X64Y130        FDCE                                         r  dbg_hub/inst/BSCANID.u_xsdbm_id/CORE_XSDB.UUT_MASTER/U_ICON_INTERFACE/U_CMD6_RD/U_RD_FIFO/SUBCORE_FIFO.xsdbm_v3_0_0_rdfifo_inst/inst_fifo_gen/gconvfifo.rf/grf.rf/gntv_or_sync_fifo.gcx.clkx/gnxpm_cdc.gsync_stage[1].wr_stg_inst/Q_reg_reg[1]/D
  -------------------------------------------------------------------    -------------------

                         max delay                   33.000    33.000    
    SLICE_X64Y130        FDCE (Setup_fdce_C_D)       -0.105    32.895    dbg_hub/inst/BSCANID.u_xsdbm_id/CORE_XSDB.UUT_MASTER/U_ICON_INTERFACE/U_CMD6_RD/U_RD_FIFO/SUBCORE_FIFO.xsdbm_v3_0_0_rdfifo_inst/inst_fifo_gen/gconvfifo.rf/grf.rf/gntv_or_sync_fifo.gcx.clkx/gnxpm_cdc.gsync_stage[1].wr_stg_inst/Q_reg_reg[1]
  -------------------------------------------------------------------
                         required time                         32.895    
                         arrival time                          -1.237    
  -------------------------------------------------------------------
                         slack                                 31.658    

Slack (MET) :             31.866ns  (required time - arrival time)
  Source:                 dbg_hub/inst/BSCANID.u_xsdbm_id/CORE_XSDB.UUT_MASTER/U_ICON_INTERFACE/U_CMD6_RD/U_RD_FIFO/SUBCORE_FIFO.xsdbm_v3_0_0_rdfifo_inst/inst_fifo_gen/gconvfifo.rf/grf.rf/gntv_or_sync_fifo.gcx.clkx/gnxpm_cdc.rd_pntr_gc_reg[0]/C
                            (rising edge-triggered cell FDCE clocked by dbg_hub/inst/BSCANID.u_xsdbm_id/SWITCH_N_EXT_BSCAN.bscan_inst/SERIES7_BSCAN.bscan_inst/TCK  {rise@0.000ns fall@16.500ns period=33.000ns})
  Destination:            dbg_hub/inst/BSCANID.u_xsdbm_id/CORE_XSDB.UUT_MASTER/U_ICON_INTERFACE/U_CMD6_RD/U_RD_FIFO/SUBCORE_FIFO.xsdbm_v3_0_0_rdfifo_inst/inst_fifo_gen/gconvfifo.rf/grf.rf/gntv_or_sync_fifo.gcx.clkx/gnxpm_cdc.gsync_stage[1].wr_stg_inst/Q_reg_reg[0]/D
                            (rising edge-triggered cell FDCE clocked by clk_fpga_0  {rise@0.000ns fall@5.000ns period=10.000ns})
  Path Group:             clk_fpga_0
  Path Type:              Setup (Max at Slow Process Corner)
  Requirement:            33.000ns  (MaxDelay Path 33.000ns)
  Data Path Delay:        1.039ns  (logic 0.456ns (43.882%)  route 0.583ns (56.118%))
  Logic Levels:           0  
  Timing Exception:       MaxDelay Path 33.000ns -datapath_only

    Location             Delay type                Incr(ns)  Path(ns)    Netlist Resource(s)
  -------------------------------------------------------------------    -------------------
    SLICE_X61Y130                                     0.000     0.000 r  dbg_hub/inst/BSCANID.u_xsdbm_id/CORE_XSDB.UUT_MASTER/U_ICON_INTERFACE/U_CMD6_RD/U_RD_FIFO/SUBCORE_FIFO.xsdbm_v3_0_0_rdfifo_inst/inst_fifo_gen/gconvfifo.rf/grf.rf/gntv_or_sync_fifo.gcx.clkx/gnxpm_cdc.rd_pntr_gc_reg[0]/C
    SLICE_X61Y130        FDCE (Prop_fdce_C_Q)         0.456     0.456 r  dbg_hub/inst/BSCANID.u_xsdbm_id/CORE_XSDB.UUT_MASTER/U_ICON_INTERFACE/U_CMD6_RD/U_RD_FIFO/SUBCORE_FIFO.xsdbm_v3_0_0_rdfifo_inst/inst_fifo_gen/gconvfifo.rf/grf.rf/gntv_or_sync_fifo.gcx.clkx/gnxpm_cdc.rd_pntr_gc_reg[0]/Q
                         net (fo=1, routed)           0.583     1.039    dbg_hub/inst/BSCANID.u_xsdbm_id/CORE_XSDB.UUT_MASTER/U_ICON_INTERFACE/U_CMD6_RD/U_RD_FIFO/SUBCORE_FIFO.xsdbm_v3_0_0_rdfifo_inst/inst_fifo_gen/gconvfifo.rf/grf.rf/gntv_or_sync_fifo.gcx.clkx/gnxpm_cdc.gsync_stage[1].wr_stg_inst/Q[0]
    SLICE_X64Y131        FDCE                                         r  dbg_hub/inst/BSCANID.u_xsdbm_id/CORE_XSDB.UUT_MASTER/U_ICON_INTERFACE/U_CMD6_RD/U_RD_FIFO/SUBCORE_FIFO.xsdbm_v3_0_0_rdfifo_inst/inst_fifo_gen/gconvfifo.rf/grf.rf/gntv_or_sync_fifo.gcx.clkx/gnxpm_cdc.gsync_stage[1].wr_stg_inst/Q_reg_reg[0]/D
  -------------------------------------------------------------------    -------------------

                         max delay                   33.000    33.000    
    SLICE_X64Y131        FDCE (Setup_fdce_C_D)       -0.095    32.905    dbg_hub/inst/BSCANID.u_xsdbm_id/CORE_XSDB.UUT_MASTER/U_ICON_INTERFACE/U_CMD6_RD/U_RD_FIFO/SUBCORE_FIFO.xsdbm_v3_0_0_rdfifo_inst/inst_fifo_gen/gconvfifo.rf/grf.rf/gntv_or_sync_fifo.gcx.clkx/gnxpm_cdc.gsync_stage[1].wr_stg_inst/Q_reg_reg[0]
  -------------------------------------------------------------------
                         required time                         32.905    
                         arrival time                          -1.039    
  -------------------------------------------------------------------
                         slack                                 31.866    

Slack (MET) :             31.874ns  (required time - arrival time)
  Source:                 dbg_hub/inst/BSCANID.u_xsdbm_id/CORE_XSDB.UUT_MASTER/U_ICON_INTERFACE/U_CMD6_RD/U_RD_FIFO/SUBCORE_FIFO.xsdbm_v3_0_0_rdfifo_inst/inst_fifo_gen/gconvfifo.rf/grf.rf/gntv_or_sync_fifo.gcx.clkx/gnxpm_cdc.rd_pntr_gc_reg[2]/C
                            (rising edge-triggered cell FDCE clocked by dbg_hub/inst/BSCANID.u_xsdbm_id/SWITCH_N_EXT_BSCAN.bscan_inst/SERIES7_BSCAN.bscan_inst/TCK  {rise@0.000ns fall@16.500ns period=33.000ns})
  Destination:            dbg_hub/inst/BSCANID.u_xsdbm_id/CORE_XSDB.UUT_MASTER/U_ICON_INTERFACE/U_CMD6_RD/U_RD_FIFO/SUBCORE_FIFO.xsdbm_v3_0_0_rdfifo_inst/inst_fifo_gen/gconvfifo.rf/grf.rf/gntv_or_sync_fifo.gcx.clkx/gnxpm_cdc.gsync_stage[1].wr_stg_inst/Q_reg_reg[2]/D
                            (rising edge-triggered cell FDCE clocked by clk_fpga_0  {rise@0.000ns fall@5.000ns period=10.000ns})
  Path Group:             clk_fpga_0
  Path Type:              Setup (Max at Slow Process Corner)
  Requirement:            33.000ns  (MaxDelay Path 33.000ns)
  Data Path Delay:        1.033ns  (logic 0.456ns (44.134%)  route 0.577ns (55.866%))
  Logic Levels:           0  
  Timing Exception:       MaxDelay Path 33.000ns -datapath_only

    Location             Delay type                Incr(ns)  Path(ns)    Netlist Resource(s)
  -------------------------------------------------------------------    -------------------
    SLICE_X61Y131                                     0.000     0.000 r  dbg_hub/inst/BSCANID.u_xsdbm_id/CORE_XSDB.UUT_MASTER/U_ICON_INTERFACE/U_CMD6_RD/U_RD_FIFO/SUBCORE_FIFO.xsdbm_v3_0_0_rdfifo_inst/inst_fifo_gen/gconvfifo.rf/grf.rf/gntv_or_sync_fifo.gcx.clkx/gnxpm_cdc.rd_pntr_gc_reg[2]/C
    SLICE_X61Y131        FDCE (Prop_fdce_C_Q)         0.456     0.456 r  dbg_hub/inst/BSCANID.u_xsdbm_id/CORE_XSDB.UUT_MASTER/U_ICON_INTERFACE/U_CMD6_RD/U_RD_FIFO/SUBCORE_FIFO.xsdbm_v3_0_0_rdfifo_inst/inst_fifo_gen/gconvfifo.rf/grf.rf/gntv_or_sync_fifo.gcx.clkx/gnxpm_cdc.rd_pntr_gc_reg[2]/Q
                         net (fo=1, routed)           0.577     1.033    dbg_hub/inst/BSCANID.u_xsdbm_id/CORE_XSDB.UUT_MASTER/U_ICON_INTERFACE/U_CMD6_RD/U_RD_FIFO/SUBCORE_FIFO.xsdbm_v3_0_0_rdfifo_inst/inst_fifo_gen/gconvfifo.rf/grf.rf/gntv_or_sync_fifo.gcx.clkx/gnxpm_cdc.gsync_stage[1].wr_stg_inst/Q[2]
    SLICE_X64Y131        FDCE                                         r  dbg_hub/inst/BSCANID.u_xsdbm_id/CORE_XSDB.UUT_MASTER/U_ICON_INTERFACE/U_CMD6_RD/U_RD_FIFO/SUBCORE_FIFO.xsdbm_v3_0_0_rdfifo_inst/inst_fifo_gen/gconvfifo.rf/grf.rf/gntv_or_sync_fifo.gcx.clkx/gnxpm_cdc.gsync_stage[1].wr_stg_inst/Q_reg_reg[2]/D
  -------------------------------------------------------------------    -------------------

                         max delay                   33.000    33.000    
    SLICE_X64Y131        FDCE (Setup_fdce_C_D)       -0.093    32.907    dbg_hub/inst/BSCANID.u_xsdbm_id/CORE_XSDB.UUT_MASTER/U_ICON_INTERFACE/U_CMD6_RD/U_RD_FIFO/SUBCORE_FIFO.xsdbm_v3_0_0_rdfifo_inst/inst_fifo_gen/gconvfifo.rf/grf.rf/gntv_or_sync_fifo.gcx.clkx/gnxpm_cdc.gsync_stage[1].wr_stg_inst/Q_reg_reg[2]
  -------------------------------------------------------------------
                         required time                         32.907    
                         arrival time                          -1.033    
  -------------------------------------------------------------------
                         slack                                 31.874    

Slack (MET) :             31.891ns  (required time - arrival time)
  Source:                 dbg_hub/inst/BSCANID.u_xsdbm_id/CORE_XSDB.UUT_MASTER/U_ICON_INTERFACE/U_CMD6_WR/U_WR_FIFO/SUBCORE_FIFO.xsdbm_v3_0_0_wrfifo_inst/inst_fifo_gen/gconvfifo.rf/grf.rf/gntv_or_sync_fifo.gcx.clkx/gnxpm_cdc.wr_pntr_gc_reg[0]/C
                            (rising edge-triggered cell FDCE clocked by dbg_hub/inst/BSCANID.u_xsdbm_id/SWITCH_N_EXT_BSCAN.bscan_inst/SERIES7_BSCAN.bscan_inst/TCK  {rise@0.000ns fall@16.500ns period=33.000ns})
  Destination:            dbg_hub/inst/BSCANID.u_xsdbm_id/CORE_XSDB.UUT_MASTER/U_ICON_INTERFACE/U_CMD6_WR/U_WR_FIFO/SUBCORE_FIFO.xsdbm_v3_0_0_wrfifo_inst/inst_fifo_gen/gconvfifo.rf/grf.rf/gntv_or_sync_fifo.gcx.clkx/gnxpm_cdc.gsync_stage[1].rd_stg_inst/Q_reg_reg[0]/D
                            (rising edge-triggered cell FDCE clocked by clk_fpga_0  {rise@0.000ns fall@5.000ns period=10.000ns})
  Path Group:             clk_fpga_0
  Path Type:              Setup (Max at Slow Process Corner)
  Requirement:            33.000ns  (MaxDelay Path 33.000ns)
  Data Path Delay:        1.062ns  (logic 0.456ns (42.952%)  route 0.606ns (57.048%))
  Logic Levels:           0  
  Timing Exception:       MaxDelay Path 33.000ns -datapath_only

    Location             Delay type                Incr(ns)  Path(ns)    Netlist Resource(s)
  -------------------------------------------------------------------    -------------------
    SLICE_X81Y122                                     0.000     0.000 r  dbg_hub/inst/BSCANID.u_xsdbm_id/CORE_XSDB.UUT_MASTER/U_ICON_INTERFACE/U_CMD6_WR/U_WR_FIFO/SUBCORE_FIFO.xsdbm_v3_0_0_wrfifo_inst/inst_fifo_gen/gconvfifo.rf/grf.rf/gntv_or_sync_fifo.gcx.clkx/gnxpm_cdc.wr_pntr_gc_reg[0]/C
    SLICE_X81Y122        FDCE (Prop_fdce_C_Q)         0.456     0.456 r  dbg_hub/inst/BSCANID.u_xsdbm_id/CORE_XSDB.UUT_MASTER/U_ICON_INTERFACE/U_CMD6_WR/U_WR_FIFO/SUBCORE_FIFO.xsdbm_v3_0_0_wrfifo_inst/inst_fifo_gen/gconvfifo.rf/grf.rf/gntv_or_sync_fifo.gcx.clkx/gnxpm_cdc.wr_pntr_gc_reg[0]/Q
                         net (fo=1, routed)           0.606     1.062    dbg_hub/inst/BSCANID.u_xsdbm_id/CORE_XSDB.UUT_MASTER/U_ICON_INTERFACE/U_CMD6_WR/U_WR_FIFO/SUBCORE_FIFO.xsdbm_v3_0_0_wrfifo_inst/inst_fifo_gen/gconvfifo.rf/grf.rf/gntv_or_sync_fifo.gcx.clkx/gnxpm_cdc.gsync_stage[1].rd_stg_inst/Q[0]
    SLICE_X82Y121        FDCE                                         r  dbg_hub/inst/BSCANID.u_xsdbm_id/CORE_XSDB.UUT_MASTER/U_ICON_INTERFACE/U_CMD6_WR/U_WR_FIFO/SUBCORE_FIFO.xsdbm_v3_0_0_wrfifo_inst/inst_fifo_gen/gconvfifo.rf/grf.rf/gntv_or_sync_fifo.gcx.clkx/gnxpm_cdc.gsync_stage[1].rd_stg_inst/Q_reg_reg[0]/D
  -------------------------------------------------------------------    -------------------

                         max delay                   33.000    33.000    
    SLICE_X82Y121        FDCE (Setup_fdce_C_D)       -0.047    32.953    dbg_hub/inst/BSCANID.u_xsdbm_id/CORE_XSDB.UUT_MASTER/U_ICON_INTERFACE/U_CMD6_WR/U_WR_FIFO/SUBCORE_FIFO.xsdbm_v3_0_0_wrfifo_inst/inst_fifo_gen/gconvfifo.rf/grf.rf/gntv_or_sync_fifo.gcx.clkx/gnxpm_cdc.gsync_stage[1].rd_stg_inst/Q_reg_reg[0]
  -------------------------------------------------------------------
                         required time                         32.953    
                         arrival time                          -1.062    
  -------------------------------------------------------------------
                         slack                                 31.891    

Slack (MET) :             31.910ns  (required time - arrival time)
  Source:                 dbg_hub/inst/BSCANID.u_xsdbm_id/CORE_XSDB.UUT_MASTER/U_ICON_INTERFACE/U_CMD6_WR/U_WR_FIFO/SUBCORE_FIFO.xsdbm_v3_0_0_wrfifo_inst/inst_fifo_gen/gconvfifo.rf/grf.rf/gntv_or_sync_fifo.gcx.clkx/gnxpm_cdc.wr_pntr_gc_reg[2]/C
                            (rising edge-triggered cell FDCE clocked by dbg_hub/inst/BSCANID.u_xsdbm_id/SWITCH_N_EXT_BSCAN.bscan_inst/SERIES7_BSCAN.bscan_inst/TCK  {rise@0.000ns fall@16.500ns period=33.000ns})
  Destination:            dbg_hub/inst/BSCANID.u_xsdbm_id/CORE_XSDB.UUT_MASTER/U_ICON_INTERFACE/U_CMD6_WR/U_WR_FIFO/SUBCORE_FIFO.xsdbm_v3_0_0_wrfifo_inst/inst_fifo_gen/gconvfifo.rf/grf.rf/gntv_or_sync_fifo.gcx.clkx/gnxpm_cdc.gsync_stage[1].rd_stg_inst/Q_reg_reg[2]/D
                            (rising edge-triggered cell FDCE clocked by clk_fpga_0  {rise@0.000ns fall@5.000ns period=10.000ns})
  Path Group:             clk_fpga_0
  Path Type:              Setup (Max at Slow Process Corner)
  Requirement:            33.000ns  (MaxDelay Path 33.000ns)
  Data Path Delay:        0.872ns  (logic 0.419ns (48.037%)  route 0.453ns (51.963%))
  Logic Levels:           0  
  Timing Exception:       MaxDelay Path 33.000ns -datapath_only

    Location             Delay type                Incr(ns)  Path(ns)    Netlist Resource(s)
  -------------------------------------------------------------------    -------------------
    SLICE_X81Y122                                     0.000     0.000 r  dbg_hub/inst/BSCANID.u_xsdbm_id/CORE_XSDB.UUT_MASTER/U_ICON_INTERFACE/U_CMD6_WR/U_WR_FIFO/SUBCORE_FIFO.xsdbm_v3_0_0_wrfifo_inst/inst_fifo_gen/gconvfifo.rf/grf.rf/gntv_or_sync_fifo.gcx.clkx/gnxpm_cdc.wr_pntr_gc_reg[2]/C
    SLICE_X81Y122        FDCE (Prop_fdce_C_Q)         0.419     0.419 r  dbg_hub/inst/BSCANID.u_xsdbm_id/CORE_XSDB.UUT_MASTER/U_ICON_INTERFACE/U_CMD6_WR/U_WR_FIFO/SUBCORE_FIFO.xsdbm_v3_0_0_wrfifo_inst/inst_fifo_gen/gconvfifo.rf/grf.rf/gntv_or_sync_fifo.gcx.clkx/gnxpm_cdc.wr_pntr_gc_reg[2]/Q
                         net (fo=1, routed)           0.453     0.872    dbg_hub/inst/BSCANID.u_xsdbm_id/CORE_XSDB.UUT_MASTER/U_ICON_INTERFACE/U_CMD6_WR/U_WR_FIFO/SUBCORE_FIFO.xsdbm_v3_0_0_wrfifo_inst/inst_fifo_gen/gconvfifo.rf/grf.rf/gntv_or_sync_fifo.gcx.clkx/gnxpm_cdc.gsync_stage[1].rd_stg_inst/Q[2]
    SLICE_X82Y121        FDCE                                         r  dbg_hub/inst/BSCANID.u_xsdbm_id/CORE_XSDB.UUT_MASTER/U_ICON_INTERFACE/U_CMD6_WR/U_WR_FIFO/SUBCORE_FIFO.xsdbm_v3_0_0_wrfifo_inst/inst_fifo_gen/gconvfifo.rf/grf.rf/gntv_or_sync_fifo.gcx.clkx/gnxpm_cdc.gsync_stage[1].rd_stg_inst/Q_reg_reg[2]/D
  -------------------------------------------------------------------    -------------------

                         max delay                   33.000    33.000    
    SLICE_X82Y121        FDCE (Setup_fdce_C_D)       -0.218    32.782    dbg_hub/inst/BSCANID.u_xsdbm_id/CORE_XSDB.UUT_MASTER/U_ICON_INTERFACE/U_CMD6_WR/U_WR_FIFO/SUBCORE_FIFO.xsdbm_v3_0_0_wrfifo_inst/inst_fifo_gen/gconvfifo.rf/grf.rf/gntv_or_sync_fifo.gcx.clkx/gnxpm_cdc.gsync_stage[1].rd_stg_inst/Q_reg_reg[2]
  -------------------------------------------------------------------
                         required time                         32.782    
                         arrival time                          -0.872    
  -------------------------------------------------------------------
                         slack                                 31.910    

Slack (MET) :             32.010ns  (required time - arrival time)
  Source:                 dbg_hub/inst/BSCANID.u_xsdbm_id/CORE_XSDB.UUT_MASTER/U_ICON_INTERFACE/U_CMD6_RD/U_RD_FIFO/SUBCORE_FIFO.xsdbm_v3_0_0_rdfifo_inst/inst_fifo_gen/gconvfifo.rf/grf.rf/gntv_or_sync_fifo.gcx.clkx/gnxpm_cdc.rd_pntr_gc_reg[3]/C
                            (rising edge-triggered cell FDCE clocked by dbg_hub/inst/BSCANID.u_xsdbm_id/SWITCH_N_EXT_BSCAN.bscan_inst/SERIES7_BSCAN.bscan_inst/TCK  {rise@0.000ns fall@16.500ns period=33.000ns})
  Destination:            dbg_hub/inst/BSCANID.u_xsdbm_id/CORE_XSDB.UUT_MASTER/U_ICON_INTERFACE/U_CMD6_RD/U_RD_FIFO/SUBCORE_FIFO.xsdbm_v3_0_0_rdfifo_inst/inst_fifo_gen/gconvfifo.rf/grf.rf/gntv_or_sync_fifo.gcx.clkx/gnxpm_cdc.gsync_stage[1].wr_stg_inst/Q_reg_reg[3]/D
                            (rising edge-triggered cell FDCE clocked by clk_fpga_0  {rise@0.000ns fall@5.000ns period=10.000ns})
  Path Group:             clk_fpga_0
  Path Type:              Setup (Max at Slow Process Corner)
  Requirement:            33.000ns  (MaxDelay Path 33.000ns)
  Data Path Delay:        0.897ns  (logic 0.456ns (50.834%)  route 0.441ns (49.166%))
  Logic Levels:           0  
  Timing Exception:       MaxDelay Path 33.000ns -datapath_only

    Location             Delay type                Incr(ns)  Path(ns)    Netlist Resource(s)
  -------------------------------------------------------------------    -------------------
    SLICE_X61Y131                                     0.000     0.000 r  dbg_hub/inst/BSCANID.u_xsdbm_id/CORE_XSDB.UUT_MASTER/U_ICON_INTERFACE/U_CMD6_RD/U_RD_FIFO/SUBCORE_FIFO.xsdbm_v3_0_0_rdfifo_inst/inst_fifo_gen/gconvfifo.rf/grf.rf/gntv_or_sync_fifo.gcx.clkx/gnxpm_cdc.rd_pntr_gc_reg[3]/C
    SLICE_X61Y131        FDCE (Prop_fdce_C_Q)         0.456     0.456 r  dbg_hub/inst/BSCANID.u_xsdbm_id/CORE_XSDB.UUT_MASTER/U_ICON_INTERFACE/U_CMD6_RD/U_RD_FIFO/SUBCORE_FIFO.xsdbm_v3_0_0_rdfifo_inst/inst_fifo_gen/gconvfifo.rf/grf.rf/gntv_or_sync_fifo.gcx.clkx/gnxpm_cdc.rd_pntr_gc_reg[3]/Q
                         net (fo=1, routed)           0.441     0.897    dbg_hub/inst/BSCANID.u_xsdbm_id/CORE_XSDB.UUT_MASTER/U_ICON_INTERFACE/U_CMD6_RD/U_RD_FIFO/SUBCORE_FIFO.xsdbm_v3_0_0_rdfifo_inst/inst_fifo_gen/gconvfifo.rf/grf.rf/gntv_or_sync_fifo.gcx.clkx/gnxpm_cdc.gsync_stage[1].wr_stg_inst/Q[3]
    SLICE_X64Y131        FDCE                                         r  dbg_hub/inst/BSCANID.u_xsdbm_id/CORE_XSDB.UUT_MASTER/U_ICON_INTERFACE/U_CMD6_RD/U_RD_FIFO/SUBCORE_FIFO.xsdbm_v3_0_0_rdfifo_inst/inst_fifo_gen/gconvfifo.rf/grf.rf/gntv_or_sync_fifo.gcx.clkx/gnxpm_cdc.gsync_stage[1].wr_stg_inst/Q_reg_reg[3]/D
  -------------------------------------------------------------------    -------------------

                         max delay                   33.000    33.000    
    SLICE_X64Y131        FDCE (Setup_fdce_C_D)       -0.093    32.907    dbg_hub/inst/BSCANID.u_xsdbm_id/CORE_XSDB.UUT_MASTER/U_ICON_INTERFACE/U_CMD6_RD/U_RD_FIFO/SUBCORE_FIFO.xsdbm_v3_0_0_rdfifo_inst/inst_fifo_gen/gconvfifo.rf/grf.rf/gntv_or_sync_fifo.gcx.clkx/gnxpm_cdc.gsync_stage[1].wr_stg_inst/Q_reg_reg[3]
  -------------------------------------------------------------------
                         required time                         32.907    
                         arrival time                          -0.897    
  -------------------------------------------------------------------
                         slack                                 32.010    

Slack (MET) :             32.041ns  (required time - arrival time)
  Source:                 dbg_hub/inst/BSCANID.u_xsdbm_id/CORE_XSDB.UUT_MASTER/U_ICON_INTERFACE/U_CMD6_WR/U_WR_FIFO/SUBCORE_FIFO.xsdbm_v3_0_0_wrfifo_inst/inst_fifo_gen/gconvfifo.rf/grf.rf/gntv_or_sync_fifo.gcx.clkx/gnxpm_cdc.wr_pntr_gc_reg[1]/C
                            (rising edge-triggered cell FDCE clocked by dbg_hub/inst/BSCANID.u_xsdbm_id/SWITCH_N_EXT_BSCAN.bscan_inst/SERIES7_BSCAN.bscan_inst/TCK  {rise@0.000ns fall@16.500ns period=33.000ns})
  Destination:            dbg_hub/inst/BSCANID.u_xsdbm_id/CORE_XSDB.UUT_MASTER/U_ICON_INTERFACE/U_CMD6_WR/U_WR_FIFO/SUBCORE_FIFO.xsdbm_v3_0_0_wrfifo_inst/inst_fifo_gen/gconvfifo.rf/grf.rf/gntv_or_sync_fifo.gcx.clkx/gnxpm_cdc.gsync_stage[1].rd_stg_inst/Q_reg_reg[1]/D
                            (rising edge-triggered cell FDCE clocked by clk_fpga_0  {rise@0.000ns fall@5.000ns period=10.000ns})
  Path Group:             clk_fpga_0
  Path Type:              Setup (Max at Slow Process Corner)
  Requirement:            33.000ns  (MaxDelay Path 33.000ns)
  Data Path Delay:        0.912ns  (logic 0.456ns (50.013%)  route 0.456ns (49.987%))
  Logic Levels:           0  
  Timing Exception:       MaxDelay Path 33.000ns -datapath_only

    Location             Delay type                Incr(ns)  Path(ns)    Netlist Resource(s)
  -------------------------------------------------------------------    -------------------
    SLICE_X81Y122                                     0.000     0.000 r  dbg_hub/inst/BSCANID.u_xsdbm_id/CORE_XSDB.UUT_MASTER/U_ICON_INTERFACE/U_CMD6_WR/U_WR_FIFO/SUBCORE_FIFO.xsdbm_v3_0_0_wrfifo_inst/inst_fifo_gen/gconvfifo.rf/grf.rf/gntv_or_sync_fifo.gcx.clkx/gnxpm_cdc.wr_pntr_gc_reg[1]/C
    SLICE_X81Y122        FDCE (Prop_fdce_C_Q)         0.456     0.456 r  dbg_hub/inst/BSCANID.u_xsdbm_id/CORE_XSDB.UUT_MASTER/U_ICON_INTERFACE/U_CMD6_WR/U_WR_FIFO/SUBCORE_FIFO.xsdbm_v3_0_0_wrfifo_inst/inst_fifo_gen/gconvfifo.rf/grf.rf/gntv_or_sync_fifo.gcx.clkx/gnxpm_cdc.wr_pntr_gc_reg[1]/Q
                         net (fo=1, routed)           0.456     0.912    dbg_hub/inst/BSCANID.u_xsdbm_id/CORE_XSDB.UUT_MASTER/U_ICON_INTERFACE/U_CMD6_WR/U_WR_FIFO/SUBCORE_FIFO.xsdbm_v3_0_0_wrfifo_inst/inst_fifo_gen/gconvfifo.rf/grf.rf/gntv_or_sync_fifo.gcx.clkx/gnxpm_cdc.gsync_stage[1].rd_stg_inst/Q[1]
    SLICE_X82Y122        FDCE                                         r  dbg_hub/inst/BSCANID.u_xsdbm_id/CORE_XSDB.UUT_MASTER/U_ICON_INTERFACE/U_CMD6_WR/U_WR_FIFO/SUBCORE_FIFO.xsdbm_v3_0_0_wrfifo_inst/inst_fifo_gen/gconvfifo.rf/grf.rf/gntv_or_sync_fifo.gcx.clkx/gnxpm_cdc.gsync_stage[1].rd_stg_inst/Q_reg_reg[1]/D
  -------------------------------------------------------------------    -------------------

                         max delay                   33.000    33.000    
    SLICE_X82Y122        FDCE (Setup_fdce_C_D)       -0.047    32.953    dbg_hub/inst/BSCANID.u_xsdbm_id/CORE_XSDB.UUT_MASTER/U_ICON_INTERFACE/U_CMD6_WR/U_WR_FIFO/SUBCORE_FIFO.xsdbm_v3_0_0_wrfifo_inst/inst_fifo_gen/gconvfifo.rf/grf.rf/gntv_or_sync_fifo.gcx.clkx/gnxpm_cdc.gsync_stage[1].rd_stg_inst/Q_reg_reg[1]
  -------------------------------------------------------------------
                         required time                         32.953    
                         arrival time                          -0.912    
  -------------------------------------------------------------------
                         slack                                 32.041    

Slack (MET) :             32.049ns  (required time - arrival time)
  Source:                 dbg_hub/inst/BSCANID.u_xsdbm_id/CORE_XSDB.UUT_MASTER/U_ICON_INTERFACE/U_CMD6_WR/U_WR_FIFO/SUBCORE_FIFO.xsdbm_v3_0_0_wrfifo_inst/inst_fifo_gen/gconvfifo.rf/grf.rf/gntv_or_sync_fifo.gcx.clkx/gnxpm_cdc.wr_pntr_gc_reg[3]/C
                            (rising edge-triggered cell FDCE clocked by dbg_hub/inst/BSCANID.u_xsdbm_id/SWITCH_N_EXT_BSCAN.bscan_inst/SERIES7_BSCAN.bscan_inst/TCK  {rise@0.000ns fall@16.500ns period=33.000ns})
  Destination:            dbg_hub/inst/BSCANID.u_xsdbm_id/CORE_XSDB.UUT_MASTER/U_ICON_INTERFACE/U_CMD6_WR/U_WR_FIFO/SUBCORE_FIFO.xsdbm_v3_0_0_wrfifo_inst/inst_fifo_gen/gconvfifo.rf/grf.rf/gntv_or_sync_fifo.gcx.clkx/gnxpm_cdc.gsync_stage[1].rd_stg_inst/Q_reg_reg[3]/D
                            (rising edge-triggered cell FDCE clocked by clk_fpga_0  {rise@0.000ns fall@5.000ns period=10.000ns})
  Path Group:             clk_fpga_0
  Path Type:              Setup (Max at Slow Process Corner)
  Requirement:            33.000ns  (MaxDelay Path 33.000ns)
  Data Path Delay:        0.908ns  (logic 0.456ns (50.247%)  route 0.452ns (49.753%))
  Logic Levels:           0  
  Timing Exception:       MaxDelay Path 33.000ns -datapath_only

    Location             Delay type                Incr(ns)  Path(ns)    Netlist Resource(s)
  -------------------------------------------------------------------    -------------------
    SLICE_X80Y122                                     0.000     0.000 r  dbg_hub/inst/BSCANID.u_xsdbm_id/CORE_XSDB.UUT_MASTER/U_ICON_INTERFACE/U_CMD6_WR/U_WR_FIFO/SUBCORE_FIFO.xsdbm_v3_0_0_wrfifo_inst/inst_fifo_gen/gconvfifo.rf/grf.rf/gntv_or_sync_fifo.gcx.clkx/gnxpm_cdc.wr_pntr_gc_reg[3]/C
    SLICE_X80Y122        FDCE (Prop_fdce_C_Q)         0.456     0.456 r  dbg_hub/inst/BSCANID.u_xsdbm_id/CORE_XSDB.UUT_MASTER/U_ICON_INTERFACE/U_CMD6_WR/U_WR_FIFO/SUBCORE_FIFO.xsdbm_v3_0_0_wrfifo_inst/inst_fifo_gen/gconvfifo.rf/grf.rf/gntv_or_sync_fifo.gcx.clkx/gnxpm_cdc.wr_pntr_gc_reg[3]/Q
                         net (fo=1, routed)           0.452     0.908    dbg_hub/inst/BSCANID.u_xsdbm_id/CORE_XSDB.UUT_MASTER/U_ICON_INTERFACE/U_CMD6_WR/U_WR_FIFO/SUBCORE_FIFO.xsdbm_v3_0_0_wrfifo_inst/inst_fifo_gen/gconvfifo.rf/grf.rf/gntv_or_sync_fifo.gcx.clkx/gnxpm_cdc.gsync_stage[1].rd_stg_inst/Q[3]
    SLICE_X82Y122        FDCE                                         r  dbg_hub/inst/BSCANID.u_xsdbm_id/CORE_XSDB.UUT_MASTER/U_ICON_INTERFACE/U_CMD6_WR/U_WR_FIFO/SUBCORE_FIFO.xsdbm_v3_0_0_wrfifo_inst/inst_fifo_gen/gconvfifo.rf/grf.rf/gntv_or_sync_fifo.gcx.clkx/gnxpm_cdc.gsync_stage[1].rd_stg_inst/Q_reg_reg[3]/D
  -------------------------------------------------------------------    -------------------

                         max delay                   33.000    33.000    
    SLICE_X82Y122        FDCE (Setup_fdce_C_D)       -0.043    32.957    dbg_hub/inst/BSCANID.u_xsdbm_id/CORE_XSDB.UUT_MASTER/U_ICON_INTERFACE/U_CMD6_WR/U_WR_FIFO/SUBCORE_FIFO.xsdbm_v3_0_0_wrfifo_inst/inst_fifo_gen/gconvfifo.rf/grf.rf/gntv_or_sync_fifo.gcx.clkx/gnxpm_cdc.gsync_stage[1].rd_stg_inst/Q_reg_reg[3]
  -------------------------------------------------------------------
                         required time                         32.957    
                         arrival time                          -0.908    
  -------------------------------------------------------------------
                         slack                                 32.049    





---------------------------------------------------------------------------------------------------
From Clock:  clk_fpga_0
  To Clock:  dbg_hub/inst/BSCANID.u_xsdbm_id/SWITCH_N_EXT_BSCAN.bscan_inst/SERIES7_BSCAN.bscan_inst/TCK

Setup :            0  Failing Endpoints,  Worst Slack        8.624ns,  Total Violation        0.000ns
Hold  :           NA  Failing Endpoints,  Worst Slack           NA  ,  Total Violation           NA
---------------------------------------------------------------------------------------------------


Max Delay Paths
--------------------------------------------------------------------------------------
Slack (MET) :             8.624ns  (required time - arrival time)
  Source:                 dbg_hub/inst/BSCANID.u_xsdbm_id/CORE_XSDB.UUT_MASTER/U_ICON_INTERFACE/U_CMD6_WR/U_WR_FIFO/SUBCORE_FIFO.xsdbm_v3_0_0_wrfifo_inst/inst_fifo_gen/gconvfifo.rf/grf.rf/gntv_or_sync_fifo.gcx.clkx/gnxpm_cdc.rd_pntr_gc_reg[2]/C
                            (rising edge-triggered cell FDCE clocked by clk_fpga_0  {rise@0.000ns fall@5.000ns period=10.000ns})
  Destination:            dbg_hub/inst/BSCANID.u_xsdbm_id/CORE_XSDB.UUT_MASTER/U_ICON_INTERFACE/U_CMD6_WR/U_WR_FIFO/SUBCORE_FIFO.xsdbm_v3_0_0_wrfifo_inst/inst_fifo_gen/gconvfifo.rf/grf.rf/gntv_or_sync_fifo.gcx.clkx/gnxpm_cdc.gsync_stage[1].wr_stg_inst/Q_reg_reg[2]/D
                            (rising edge-triggered cell FDCE clocked by dbg_hub/inst/BSCANID.u_xsdbm_id/SWITCH_N_EXT_BSCAN.bscan_inst/SERIES7_BSCAN.bscan_inst/TCK  {rise@0.000ns fall@16.500ns period=33.000ns})
  Path Group:             dbg_hub/inst/BSCANID.u_xsdbm_id/SWITCH_N_EXT_BSCAN.bscan_inst/SERIES7_BSCAN.bscan_inst/TCK
  Path Type:              Setup (Max at Slow Process Corner)
  Requirement:            10.000ns  (MaxDelay Path 10.000ns)
  Data Path Delay:        1.111ns  (logic 0.478ns (43.012%)  route 0.633ns (56.988%))
  Logic Levels:           0  
  Timing Exception:       MaxDelay Path 10.000ns -datapath_only

    Location             Delay type                Incr(ns)  Path(ns)    Netlist Resource(s)
  -------------------------------------------------------------------    -------------------
    SLICE_X82Y122                                     0.000     0.000 r  dbg_hub/inst/BSCANID.u_xsdbm_id/CORE_XSDB.UUT_MASTER/U_ICON_INTERFACE/U_CMD6_WR/U_WR_FIFO/SUBCORE_FIFO.xsdbm_v3_0_0_wrfifo_inst/inst_fifo_gen/gconvfifo.rf/grf.rf/gntv_or_sync_fifo.gcx.clkx/gnxpm_cdc.rd_pntr_gc_reg[2]/C
    SLICE_X82Y122        FDCE (Prop_fdce_C_Q)         0.478     0.478 r  dbg_hub/inst/BSCANID.u_xsdbm_id/CORE_XSDB.UUT_MASTER/U_ICON_INTERFACE/U_CMD6_WR/U_WR_FIFO/SUBCORE_FIFO.xsdbm_v3_0_0_wrfifo_inst/inst_fifo_gen/gconvfifo.rf/grf.rf/gntv_or_sync_fifo.gcx.clkx/gnxpm_cdc.rd_pntr_gc_reg[2]/Q
                         net (fo=1, routed)           0.633     1.111    dbg_hub/inst/BSCANID.u_xsdbm_id/CORE_XSDB.UUT_MASTER/U_ICON_INTERFACE/U_CMD6_WR/U_WR_FIFO/SUBCORE_FIFO.xsdbm_v3_0_0_wrfifo_inst/inst_fifo_gen/gconvfifo.rf/grf.rf/gntv_or_sync_fifo.gcx.clkx/gnxpm_cdc.gsync_stage[1].wr_stg_inst/Q[2]
    SLICE_X81Y122        FDCE                                         r  dbg_hub/inst/BSCANID.u_xsdbm_id/CORE_XSDB.UUT_MASTER/U_ICON_INTERFACE/U_CMD6_WR/U_WR_FIFO/SUBCORE_FIFO.xsdbm_v3_0_0_wrfifo_inst/inst_fifo_gen/gconvfifo.rf/grf.rf/gntv_or_sync_fifo.gcx.clkx/gnxpm_cdc.gsync_stage[1].wr_stg_inst/Q_reg_reg[2]/D
  -------------------------------------------------------------------    -------------------

                         max delay                   10.000    10.000    
    SLICE_X81Y122        FDCE (Setup_fdce_C_D)       -0.265     9.735    dbg_hub/inst/BSCANID.u_xsdbm_id/CORE_XSDB.UUT_MASTER/U_ICON_INTERFACE/U_CMD6_WR/U_WR_FIFO/SUBCORE_FIFO.xsdbm_v3_0_0_wrfifo_inst/inst_fifo_gen/gconvfifo.rf/grf.rf/gntv_or_sync_fifo.gcx.clkx/gnxpm_cdc.gsync_stage[1].wr_stg_inst/Q_reg_reg[2]
  -------------------------------------------------------------------
                         required time                          9.735    
                         arrival time                          -1.111    
  -------------------------------------------------------------------
                         slack                                  8.624    

Slack (MET) :             8.669ns  (required time - arrival time)
  Source:                 dbg_hub/inst/BSCANID.u_xsdbm_id/CORE_XSDB.UUT_MASTER/U_ICON_INTERFACE/U_CMD6_RD/U_RD_FIFO/SUBCORE_FIFO.xsdbm_v3_0_0_rdfifo_inst/inst_fifo_gen/gconvfifo.rf/grf.rf/gntv_or_sync_fifo.gcx.clkx/gnxpm_cdc.wr_pntr_gc_reg[2]/C
                            (rising edge-triggered cell FDCE clocked by clk_fpga_0  {rise@0.000ns fall@5.000ns period=10.000ns})
  Destination:            dbg_hub/inst/BSCANID.u_xsdbm_id/CORE_XSDB.UUT_MASTER/U_ICON_INTERFACE/U_CMD6_RD/U_RD_FIFO/SUBCORE_FIFO.xsdbm_v3_0_0_rdfifo_inst/inst_fifo_gen/gconvfifo.rf/grf.rf/gntv_or_sync_fifo.gcx.clkx/gnxpm_cdc.gsync_stage[1].rd_stg_inst/Q_reg_reg[2]/D
                            (rising edge-triggered cell FDCE clocked by dbg_hub/inst/BSCANID.u_xsdbm_id/SWITCH_N_EXT_BSCAN.bscan_inst/SERIES7_BSCAN.bscan_inst/TCK  {rise@0.000ns fall@16.500ns period=33.000ns})
  Path Group:             dbg_hub/inst/BSCANID.u_xsdbm_id/SWITCH_N_EXT_BSCAN.bscan_inst/SERIES7_BSCAN.bscan_inst/TCK
  Path Type:              Setup (Max at Slow Process Corner)
  Requirement:            10.000ns  (MaxDelay Path 10.000ns)
  Data Path Delay:        1.059ns  (logic 0.478ns (45.124%)  route 0.581ns (54.876%))
  Logic Levels:           0  
  Timing Exception:       MaxDelay Path 10.000ns -datapath_only

    Location             Delay type                Incr(ns)  Path(ns)    Netlist Resource(s)
  -------------------------------------------------------------------    -------------------
    SLICE_X62Y130                                     0.000     0.000 r  dbg_hub/inst/BSCANID.u_xsdbm_id/CORE_XSDB.UUT_MASTER/U_ICON_INTERFACE/U_CMD6_RD/U_RD_FIFO/SUBCORE_FIFO.xsdbm_v3_0_0_rdfifo_inst/inst_fifo_gen/gconvfifo.rf/grf.rf/gntv_or_sync_fifo.gcx.clkx/gnxpm_cdc.wr_pntr_gc_reg[2]/C
    SLICE_X62Y130        FDCE (Prop_fdce_C_Q)         0.478     0.478 r  dbg_hub/inst/BSCANID.u_xsdbm_id/CORE_XSDB.UUT_MASTER/U_ICON_INTERFACE/U_CMD6_RD/U_RD_FIFO/SUBCORE_FIFO.xsdbm_v3_0_0_rdfifo_inst/inst_fifo_gen/gconvfifo.rf/grf.rf/gntv_or_sync_fifo.gcx.clkx/gnxpm_cdc.wr_pntr_gc_reg[2]/Q
                         net (fo=1, routed)           0.581     1.059    dbg_hub/inst/BSCANID.u_xsdbm_id/CORE_XSDB.UUT_MASTER/U_ICON_INTERFACE/U_CMD6_RD/U_RD_FIFO/SUBCORE_FIFO.xsdbm_v3_0_0_rdfifo_inst/inst_fifo_gen/gconvfifo.rf/grf.rf/gntv_or_sync_fifo.gcx.clkx/gnxpm_cdc.gsync_stage[1].rd_stg_inst/Q[2]
    SLICE_X60Y130        FDCE                                         r  dbg_hub/inst/BSCANID.u_xsdbm_id/CORE_XSDB.UUT_MASTER/U_ICON_INTERFACE/U_CMD6_RD/U_RD_FIFO/SUBCORE_FIFO.xsdbm_v3_0_0_rdfifo_inst/inst_fifo_gen/gconvfifo.rf/grf.rf/gntv_or_sync_fifo.gcx.clkx/gnxpm_cdc.gsync_stage[1].rd_stg_inst/Q_reg_reg[2]/D
  -------------------------------------------------------------------    -------------------

                         max delay                   10.000    10.000    
    SLICE_X60Y130        FDCE (Setup_fdce_C_D)       -0.272     9.728    dbg_hub/inst/BSCANID.u_xsdbm_id/CORE_XSDB.UUT_MASTER/U_ICON_INTERFACE/U_CMD6_RD/U_RD_FIFO/SUBCORE_FIFO.xsdbm_v3_0_0_rdfifo_inst/inst_fifo_gen/gconvfifo.rf/grf.rf/gntv_or_sync_fifo.gcx.clkx/gnxpm_cdc.gsync_stage[1].rd_stg_inst/Q_reg_reg[2]
  -------------------------------------------------------------------
                         required time                          9.728    
                         arrival time                          -1.059    
  -------------------------------------------------------------------
                         slack                                  8.669    

Slack (MET) :             8.774ns  (required time - arrival time)
  Source:                 dbg_hub/inst/BSCANID.u_xsdbm_id/CORE_XSDB.UUT_MASTER/U_ICON_INTERFACE/U_CMD6_RD/U_RD_FIFO/SUBCORE_FIFO.xsdbm_v3_0_0_rdfifo_inst/inst_fifo_gen/gconvfifo.rf/grf.rf/gntv_or_sync_fifo.gcx.clkx/gnxpm_cdc.wr_pntr_gc_reg[3]/C
                            (rising edge-triggered cell FDCE clocked by clk_fpga_0  {rise@0.000ns fall@5.000ns period=10.000ns})
  Destination:            dbg_hub/inst/BSCANID.u_xsdbm_id/CORE_XSDB.UUT_MASTER/U_ICON_INTERFACE/U_CMD6_RD/U_RD_FIFO/SUBCORE_FIFO.xsdbm_v3_0_0_rdfifo_inst/inst_fifo_gen/gconvfifo.rf/grf.rf/gntv_or_sync_fifo.gcx.clkx/gnxpm_cdc.gsync_stage[1].rd_stg_inst/Q_reg_reg[3]/D
                            (rising edge-triggered cell FDCE clocked by dbg_hub/inst/BSCANID.u_xsdbm_id/SWITCH_N_EXT_BSCAN.bscan_inst/SERIES7_BSCAN.bscan_inst/TCK  {rise@0.000ns fall@16.500ns period=33.000ns})
  Path Group:             dbg_hub/inst/BSCANID.u_xsdbm_id/SWITCH_N_EXT_BSCAN.bscan_inst/SERIES7_BSCAN.bscan_inst/TCK
  Path Type:              Setup (Max at Slow Process Corner)
  Requirement:            10.000ns  (MaxDelay Path 10.000ns)
  Data Path Delay:        0.962ns  (logic 0.478ns (49.672%)  route 0.484ns (50.328%))
  Logic Levels:           0  
  Timing Exception:       MaxDelay Path 10.000ns -datapath_only

    Location             Delay type                Incr(ns)  Path(ns)    Netlist Resource(s)
  -------------------------------------------------------------------    -------------------
    SLICE_X62Y130                                     0.000     0.000 r  dbg_hub/inst/BSCANID.u_xsdbm_id/CORE_XSDB.UUT_MASTER/U_ICON_INTERFACE/U_CMD6_RD/U_RD_FIFO/SUBCORE_FIFO.xsdbm_v3_0_0_rdfifo_inst/inst_fifo_gen/gconvfifo.rf/grf.rf/gntv_or_sync_fifo.gcx.clkx/gnxpm_cdc.wr_pntr_gc_reg[3]/C
    SLICE_X62Y130        FDCE (Prop_fdce_C_Q)         0.478     0.478 r  dbg_hub/inst/BSCANID.u_xsdbm_id/CORE_XSDB.UUT_MASTER/U_ICON_INTERFACE/U_CMD6_RD/U_RD_FIFO/SUBCORE_FIFO.xsdbm_v3_0_0_rdfifo_inst/inst_fifo_gen/gconvfifo.rf/grf.rf/gntv_or_sync_fifo.gcx.clkx/gnxpm_cdc.wr_pntr_gc_reg[3]/Q
                         net (fo=1, routed)           0.484     0.962    dbg_hub/inst/BSCANID.u_xsdbm_id/CORE_XSDB.UUT_MASTER/U_ICON_INTERFACE/U_CMD6_RD/U_RD_FIFO/SUBCORE_FIFO.xsdbm_v3_0_0_rdfifo_inst/inst_fifo_gen/gconvfifo.rf/grf.rf/gntv_or_sync_fifo.gcx.clkx/gnxpm_cdc.gsync_stage[1].rd_stg_inst/Q[3]
    SLICE_X60Y130        FDCE                                         r  dbg_hub/inst/BSCANID.u_xsdbm_id/CORE_XSDB.UUT_MASTER/U_ICON_INTERFACE/U_CMD6_RD/U_RD_FIFO/SUBCORE_FIFO.xsdbm_v3_0_0_rdfifo_inst/inst_fifo_gen/gconvfifo.rf/grf.rf/gntv_or_sync_fifo.gcx.clkx/gnxpm_cdc.gsync_stage[1].rd_stg_inst/Q_reg_reg[3]/D
  -------------------------------------------------------------------    -------------------

                         max delay                   10.000    10.000    
    SLICE_X60Y130        FDCE (Setup_fdce_C_D)       -0.264     9.736    dbg_hub/inst/BSCANID.u_xsdbm_id/CORE_XSDB.UUT_MASTER/U_ICON_INTERFACE/U_CMD6_RD/U_RD_FIFO/SUBCORE_FIFO.xsdbm_v3_0_0_rdfifo_inst/inst_fifo_gen/gconvfifo.rf/grf.rf/gntv_or_sync_fifo.gcx.clkx/gnxpm_cdc.gsync_stage[1].rd_stg_inst/Q_reg_reg[3]
  -------------------------------------------------------------------
                         required time                          9.736    
                         arrival time                          -0.962    
  -------------------------------------------------------------------
                         slack                                  8.774    

Slack (MET) :             8.786ns  (required time - arrival time)
  Source:                 dbg_hub/inst/BSCANID.u_xsdbm_id/CORE_XSDB.UUT_MASTER/U_ICON_INTERFACE/U_CMD6_RD/U_RD_FIFO/SUBCORE_FIFO.xsdbm_v3_0_0_rdfifo_inst/inst_fifo_gen/gconvfifo.rf/grf.rf/gntv_or_sync_fifo.gcx.clkx/gnxpm_cdc.wr_pntr_gc_reg[1]/C
                            (rising edge-triggered cell FDCE clocked by clk_fpga_0  {rise@0.000ns fall@5.000ns period=10.000ns})
  Destination:            dbg_hub/inst/BSCANID.u_xsdbm_id/CORE_XSDB.UUT_MASTER/U_ICON_INTERFACE/U_CMD6_RD/U_RD_FIFO/SUBCORE_FIFO.xsdbm_v3_0_0_rdfifo_inst/inst_fifo_gen/gconvfifo.rf/grf.rf/gntv_or_sync_fifo.gcx.clkx/gnxpm_cdc.gsync_stage[1].rd_stg_inst/Q_reg_reg[1]/D
                            (rising edge-triggered cell FDCE clocked by dbg_hub/inst/BSCANID.u_xsdbm_id/SWITCH_N_EXT_BSCAN.bscan_inst/SERIES7_BSCAN.bscan_inst/TCK  {rise@0.000ns fall@16.500ns period=33.000ns})
  Path Group:             dbg_hub/inst/BSCANID.u_xsdbm_id/SWITCH_N_EXT_BSCAN.bscan_inst/SERIES7_BSCAN.bscan_inst/TCK
  Path Type:              Setup (Max at Slow Process Corner)
  Requirement:            10.000ns  (MaxDelay Path 10.000ns)
  Data Path Delay:        1.121ns  (logic 0.518ns (46.227%)  route 0.603ns (53.773%))
  Logic Levels:           0  
  Timing Exception:       MaxDelay Path 10.000ns -datapath_only

    Location             Delay type                Incr(ns)  Path(ns)    Netlist Resource(s)
  -------------------------------------------------------------------    -------------------
    SLICE_X62Y130                                     0.000     0.000 r  dbg_hub/inst/BSCANID.u_xsdbm_id/CORE_XSDB.UUT_MASTER/U_ICON_INTERFACE/U_CMD6_RD/U_RD_FIFO/SUBCORE_FIFO.xsdbm_v3_0_0_rdfifo_inst/inst_fifo_gen/gconvfifo.rf/grf.rf/gntv_or_sync_fifo.gcx.clkx/gnxpm_cdc.wr_pntr_gc_reg[1]/C
    SLICE_X62Y130        FDCE (Prop_fdce_C_Q)         0.518     0.518 r  dbg_hub/inst/BSCANID.u_xsdbm_id/CORE_XSDB.UUT_MASTER/U_ICON_INTERFACE/U_CMD6_RD/U_RD_FIFO/SUBCORE_FIFO.xsdbm_v3_0_0_rdfifo_inst/inst_fifo_gen/gconvfifo.rf/grf.rf/gntv_or_sync_fifo.gcx.clkx/gnxpm_cdc.wr_pntr_gc_reg[1]/Q
                         net (fo=1, routed)           0.603     1.121    dbg_hub/inst/BSCANID.u_xsdbm_id/CORE_XSDB.UUT_MASTER/U_ICON_INTERFACE/U_CMD6_RD/U_RD_FIFO/SUBCORE_FIFO.xsdbm_v3_0_0_rdfifo_inst/inst_fifo_gen/gconvfifo.rf/grf.rf/gntv_or_sync_fifo.gcx.clkx/gnxpm_cdc.gsync_stage[1].rd_stg_inst/Q[1]
    SLICE_X60Y132        FDCE                                         r  dbg_hub/inst/BSCANID.u_xsdbm_id/CORE_XSDB.UUT_MASTER/U_ICON_INTERFACE/U_CMD6_RD/U_RD_FIFO/SUBCORE_FIFO.xsdbm_v3_0_0_rdfifo_inst/inst_fifo_gen/gconvfifo.rf/grf.rf/gntv_or_sync_fifo.gcx.clkx/gnxpm_cdc.gsync_stage[1].rd_stg_inst/Q_reg_reg[1]/D
  -------------------------------------------------------------------    -------------------

                         max delay                   10.000    10.000    
    SLICE_X60Y132        FDCE (Setup_fdce_C_D)       -0.093     9.907    dbg_hub/inst/BSCANID.u_xsdbm_id/CORE_XSDB.UUT_MASTER/U_ICON_INTERFACE/U_CMD6_RD/U_RD_FIFO/SUBCORE_FIFO.xsdbm_v3_0_0_rdfifo_inst/inst_fifo_gen/gconvfifo.rf/grf.rf/gntv_or_sync_fifo.gcx.clkx/gnxpm_cdc.gsync_stage[1].rd_stg_inst/Q_reg_reg[1]
  -------------------------------------------------------------------
                         required time                          9.907    
                         arrival time                          -1.121    
  -------------------------------------------------------------------
                         slack                                  8.786    

Slack (MET) :             8.793ns  (required time - arrival time)
  Source:                 dbg_hub/inst/BSCANID.u_xsdbm_id/CORE_XSDB.UUT_MASTER/U_ICON_INTERFACE/U_CMD6_RD/U_RD_FIFO/SUBCORE_FIFO.xsdbm_v3_0_0_rdfifo_inst/inst_fifo_gen/gconvfifo.rf/grf.rf/gntv_or_sync_fifo.gcx.clkx/gnxpm_cdc.wr_pntr_gc_reg[0]/C
                            (rising edge-triggered cell FDCE clocked by clk_fpga_0  {rise@0.000ns fall@5.000ns period=10.000ns})
  Destination:            dbg_hub/inst/BSCANID.u_xsdbm_id/CORE_XSDB.UUT_MASTER/U_ICON_INTERFACE/U_CMD6_RD/U_RD_FIFO/SUBCORE_FIFO.xsdbm_v3_0_0_rdfifo_inst/inst_fifo_gen/gconvfifo.rf/grf.rf/gntv_or_sync_fifo.gcx.clkx/gnxpm_cdc.gsync_stage[1].rd_stg_inst/Q_reg_reg[0]/D
                            (rising edge-triggered cell FDCE clocked by dbg_hub/inst/BSCANID.u_xsdbm_id/SWITCH_N_EXT_BSCAN.bscan_inst/SERIES7_BSCAN.bscan_inst/TCK  {rise@0.000ns fall@16.500ns period=33.000ns})
  Path Group:             dbg_hub/inst/BSCANID.u_xsdbm_id/SWITCH_N_EXT_BSCAN.bscan_inst/SERIES7_BSCAN.bscan_inst/TCK
  Path Type:              Setup (Max at Slow Process Corner)
  Requirement:            10.000ns  (MaxDelay Path 10.000ns)
  Data Path Delay:        1.112ns  (logic 0.518ns (46.602%)  route 0.594ns (53.398%))
  Logic Levels:           0  
  Timing Exception:       MaxDelay Path 10.000ns -datapath_only

    Location             Delay type                Incr(ns)  Path(ns)    Netlist Resource(s)
  -------------------------------------------------------------------    -------------------
    SLICE_X62Y130                                     0.000     0.000 r  dbg_hub/inst/BSCANID.u_xsdbm_id/CORE_XSDB.UUT_MASTER/U_ICON_INTERFACE/U_CMD6_RD/U_RD_FIFO/SUBCORE_FIFO.xsdbm_v3_0_0_rdfifo_inst/inst_fifo_gen/gconvfifo.rf/grf.rf/gntv_or_sync_fifo.gcx.clkx/gnxpm_cdc.wr_pntr_gc_reg[0]/C
    SLICE_X62Y130        FDCE (Prop_fdce_C_Q)         0.518     0.518 r  dbg_hub/inst/BSCANID.u_xsdbm_id/CORE_XSDB.UUT_MASTER/U_ICON_INTERFACE/U_CMD6_RD/U_RD_FIFO/SUBCORE_FIFO.xsdbm_v3_0_0_rdfifo_inst/inst_fifo_gen/gconvfifo.rf/grf.rf/gntv_or_sync_fifo.gcx.clkx/gnxpm_cdc.wr_pntr_gc_reg[0]/Q
                         net (fo=1, routed)           0.594     1.112    dbg_hub/inst/BSCANID.u_xsdbm_id/CORE_XSDB.UUT_MASTER/U_ICON_INTERFACE/U_CMD6_RD/U_RD_FIFO/SUBCORE_FIFO.xsdbm_v3_0_0_rdfifo_inst/inst_fifo_gen/gconvfifo.rf/grf.rf/gntv_or_sync_fifo.gcx.clkx/gnxpm_cdc.gsync_stage[1].rd_stg_inst/Q[0]
    SLICE_X60Y132        FDCE                                         r  dbg_hub/inst/BSCANID.u_xsdbm_id/CORE_XSDB.UUT_MASTER/U_ICON_INTERFACE/U_CMD6_RD/U_RD_FIFO/SUBCORE_FIFO.xsdbm_v3_0_0_rdfifo_inst/inst_fifo_gen/gconvfifo.rf/grf.rf/gntv_or_sync_fifo.gcx.clkx/gnxpm_cdc.gsync_stage[1].rd_stg_inst/Q_reg_reg[0]/D
  -------------------------------------------------------------------    -------------------

                         max delay                   10.000    10.000    
    SLICE_X60Y132        FDCE (Setup_fdce_C_D)       -0.095     9.905    dbg_hub/inst/BSCANID.u_xsdbm_id/CORE_XSDB.UUT_MASTER/U_ICON_INTERFACE/U_CMD6_RD/U_RD_FIFO/SUBCORE_FIFO.xsdbm_v3_0_0_rdfifo_inst/inst_fifo_gen/gconvfifo.rf/grf.rf/gntv_or_sync_fifo.gcx.clkx/gnxpm_cdc.gsync_stage[1].rd_stg_inst/Q_reg_reg[0]
  -------------------------------------------------------------------
                         required time                          9.905    
                         arrival time                          -1.112    
  -------------------------------------------------------------------
                         slack                                  8.793    

Slack (MET) :             8.825ns  (required time - arrival time)
  Source:                 dbg_hub/inst/BSCANID.u_xsdbm_id/CORE_XSDB.UUT_MASTER/U_ICON_INTERFACE/U_CMD6_WR/U_WR_FIFO/SUBCORE_FIFO.xsdbm_v3_0_0_wrfifo_inst/inst_fifo_gen/gconvfifo.rf/grf.rf/gntv_or_sync_fifo.gcx.clkx/gnxpm_cdc.rd_pntr_gc_reg[3]/C
                            (rising edge-triggered cell FDCE clocked by clk_fpga_0  {rise@0.000ns fall@5.000ns period=10.000ns})
  Destination:            dbg_hub/inst/BSCANID.u_xsdbm_id/CORE_XSDB.UUT_MASTER/U_ICON_INTERFACE/U_CMD6_WR/U_WR_FIFO/SUBCORE_FIFO.xsdbm_v3_0_0_wrfifo_inst/inst_fifo_gen/gconvfifo.rf/grf.rf/gntv_or_sync_fifo.gcx.clkx/gnxpm_cdc.gsync_stage[1].wr_stg_inst/Q_reg_reg[3]/D
                            (rising edge-triggered cell FDCE clocked by dbg_hub/inst/BSCANID.u_xsdbm_id/SWITCH_N_EXT_BSCAN.bscan_inst/SERIES7_BSCAN.bscan_inst/TCK  {rise@0.000ns fall@16.500ns period=33.000ns})
  Path Group:             dbg_hub/inst/BSCANID.u_xsdbm_id/SWITCH_N_EXT_BSCAN.bscan_inst/SERIES7_BSCAN.bscan_inst/TCK
  Path Type:              Setup (Max at Slow Process Corner)
  Requirement:            10.000ns  (MaxDelay Path 10.000ns)
  Data Path Delay:        1.132ns  (logic 0.518ns (45.760%)  route 0.614ns (54.240%))
  Logic Levels:           0  
  Timing Exception:       MaxDelay Path 10.000ns -datapath_only

    Location             Delay type                Incr(ns)  Path(ns)    Netlist Resource(s)
  -------------------------------------------------------------------    -------------------
    SLICE_X82Y122                                     0.000     0.000 r  dbg_hub/inst/BSCANID.u_xsdbm_id/CORE_XSDB.UUT_MASTER/U_ICON_INTERFACE/U_CMD6_WR/U_WR_FIFO/SUBCORE_FIFO.xsdbm_v3_0_0_wrfifo_inst/inst_fifo_gen/gconvfifo.rf/grf.rf/gntv_or_sync_fifo.gcx.clkx/gnxpm_cdc.rd_pntr_gc_reg[3]/C
    SLICE_X82Y122        FDCE (Prop_fdce_C_Q)         0.518     0.518 r  dbg_hub/inst/BSCANID.u_xsdbm_id/CORE_XSDB.UUT_MASTER/U_ICON_INTERFACE/U_CMD6_WR/U_WR_FIFO/SUBCORE_FIFO.xsdbm_v3_0_0_wrfifo_inst/inst_fifo_gen/gconvfifo.rf/grf.rf/gntv_or_sync_fifo.gcx.clkx/gnxpm_cdc.rd_pntr_gc_reg[3]/Q
                         net (fo=1, routed)           0.614     1.132    dbg_hub/inst/BSCANID.u_xsdbm_id/CORE_XSDB.UUT_MASTER/U_ICON_INTERFACE/U_CMD6_WR/U_WR_FIFO/SUBCORE_FIFO.xsdbm_v3_0_0_wrfifo_inst/inst_fifo_gen/gconvfifo.rf/grf.rf/gntv_or_sync_fifo.gcx.clkx/gnxpm_cdc.gsync_stage[1].wr_stg_inst/Q[3]
    SLICE_X82Y124        FDCE                                         r  dbg_hub/inst/BSCANID.u_xsdbm_id/CORE_XSDB.UUT_MASTER/U_ICON_INTERFACE/U_CMD6_WR/U_WR_FIFO/SUBCORE_FIFO.xsdbm_v3_0_0_wrfifo_inst/inst_fifo_gen/gconvfifo.rf/grf.rf/gntv_or_sync_fifo.gcx.clkx/gnxpm_cdc.gsync_stage[1].wr_stg_inst/Q_reg_reg[3]/D
  -------------------------------------------------------------------    -------------------

                         max delay                   10.000    10.000    
    SLICE_X82Y124        FDCE (Setup_fdce_C_D)       -0.043     9.957    dbg_hub/inst/BSCANID.u_xsdbm_id/CORE_XSDB.UUT_MASTER/U_ICON_INTERFACE/U_CMD6_WR/U_WR_FIFO/SUBCORE_FIFO.xsdbm_v3_0_0_wrfifo_inst/inst_fifo_gen/gconvfifo.rf/grf.rf/gntv_or_sync_fifo.gcx.clkx/gnxpm_cdc.gsync_stage[1].wr_stg_inst/Q_reg_reg[3]
  -------------------------------------------------------------------
                         required time                          9.957    
                         arrival time                          -1.132    
  -------------------------------------------------------------------
                         slack                                  8.825    

Slack (MET) :             8.945ns  (required time - arrival time)
  Source:                 dbg_hub/inst/BSCANID.u_xsdbm_id/CORE_XSDB.UUT_MASTER/U_ICON_INTERFACE/U_CMD6_WR/U_WR_FIFO/SUBCORE_FIFO.xsdbm_v3_0_0_wrfifo_inst/inst_fifo_gen/gconvfifo.rf/grf.rf/gntv_or_sync_fifo.gcx.clkx/gnxpm_cdc.rd_pntr_gc_reg[0]/C
                            (rising edge-triggered cell FDCE clocked by clk_fpga_0  {rise@0.000ns fall@5.000ns period=10.000ns})
  Destination:            dbg_hub/inst/BSCANID.u_xsdbm_id/CORE_XSDB.UUT_MASTER/U_ICON_INTERFACE/U_CMD6_WR/U_WR_FIFO/SUBCORE_FIFO.xsdbm_v3_0_0_wrfifo_inst/inst_fifo_gen/gconvfifo.rf/grf.rf/gntv_or_sync_fifo.gcx.clkx/gnxpm_cdc.gsync_stage[1].wr_stg_inst/Q_reg_reg[0]/D
                            (rising edge-triggered cell FDCE clocked by dbg_hub/inst/BSCANID.u_xsdbm_id/SWITCH_N_EXT_BSCAN.bscan_inst/SERIES7_BSCAN.bscan_inst/TCK  {rise@0.000ns fall@16.500ns period=33.000ns})
  Path Group:             dbg_hub/inst/BSCANID.u_xsdbm_id/SWITCH_N_EXT_BSCAN.bscan_inst/SERIES7_BSCAN.bscan_inst/TCK
  Path Type:              Setup (Max at Slow Process Corner)
  Requirement:            10.000ns  (MaxDelay Path 10.000ns)
  Data Path Delay:        0.960ns  (logic 0.518ns (53.932%)  route 0.442ns (46.068%))
  Logic Levels:           0  
  Timing Exception:       MaxDelay Path 10.000ns -datapath_only

    Location             Delay type                Incr(ns)  Path(ns)    Netlist Resource(s)
  -------------------------------------------------------------------    -------------------
    SLICE_X82Y121                                     0.000     0.000 r  dbg_hub/inst/BSCANID.u_xsdbm_id/CORE_XSDB.UUT_MASTER/U_ICON_INTERFACE/U_CMD6_WR/U_WR_FIFO/SUBCORE_FIFO.xsdbm_v3_0_0_wrfifo_inst/inst_fifo_gen/gconvfifo.rf/grf.rf/gntv_or_sync_fifo.gcx.clkx/gnxpm_cdc.rd_pntr_gc_reg[0]/C
    SLICE_X82Y121        FDCE (Prop_fdce_C_Q)         0.518     0.518 r  dbg_hub/inst/BSCANID.u_xsdbm_id/CORE_XSDB.UUT_MASTER/U_ICON_INTERFACE/U_CMD6_WR/U_WR_FIFO/SUBCORE_FIFO.xsdbm_v3_0_0_wrfifo_inst/inst_fifo_gen/gconvfifo.rf/grf.rf/gntv_or_sync_fifo.gcx.clkx/gnxpm_cdc.rd_pntr_gc_reg[0]/Q
                         net (fo=1, routed)           0.442     0.960    dbg_hub/inst/BSCANID.u_xsdbm_id/CORE_XSDB.UUT_MASTER/U_ICON_INTERFACE/U_CMD6_WR/U_WR_FIFO/SUBCORE_FIFO.xsdbm_v3_0_0_wrfifo_inst/inst_fifo_gen/gconvfifo.rf/grf.rf/gntv_or_sync_fifo.gcx.clkx/gnxpm_cdc.gsync_stage[1].wr_stg_inst/Q[0]
    SLICE_X81Y122        FDCE                                         r  dbg_hub/inst/BSCANID.u_xsdbm_id/CORE_XSDB.UUT_MASTER/U_ICON_INTERFACE/U_CMD6_WR/U_WR_FIFO/SUBCORE_FIFO.xsdbm_v3_0_0_wrfifo_inst/inst_fifo_gen/gconvfifo.rf/grf.rf/gntv_or_sync_fifo.gcx.clkx/gnxpm_cdc.gsync_stage[1].wr_stg_inst/Q_reg_reg[0]/D
  -------------------------------------------------------------------    -------------------

                         max delay                   10.000    10.000    
    SLICE_X81Y122        FDCE (Setup_fdce_C_D)       -0.095     9.905    dbg_hub/inst/BSCANID.u_xsdbm_id/CORE_XSDB.UUT_MASTER/U_ICON_INTERFACE/U_CMD6_WR/U_WR_FIFO/SUBCORE_FIFO.xsdbm_v3_0_0_wrfifo_inst/inst_fifo_gen/gconvfifo.rf/grf.rf/gntv_or_sync_fifo.gcx.clkx/gnxpm_cdc.gsync_stage[1].wr_stg_inst/Q_reg_reg[0]
  -------------------------------------------------------------------
                         required time                          9.905    
                         arrival time                          -0.960    
  -------------------------------------------------------------------
                         slack                                  8.945    

Slack (MET) :             8.988ns  (required time - arrival time)
  Source:                 dbg_hub/inst/BSCANID.u_xsdbm_id/CORE_XSDB.UUT_MASTER/U_ICON_INTERFACE/U_CMD6_WR/U_WR_FIFO/SUBCORE_FIFO.xsdbm_v3_0_0_wrfifo_inst/inst_fifo_gen/gconvfifo.rf/grf.rf/gntv_or_sync_fifo.gcx.clkx/gnxpm_cdc.rd_pntr_gc_reg[1]/C
                            (rising edge-triggered cell FDCE clocked by clk_fpga_0  {rise@0.000ns fall@5.000ns period=10.000ns})
  Destination:            dbg_hub/inst/BSCANID.u_xsdbm_id/CORE_XSDB.UUT_MASTER/U_ICON_INTERFACE/U_CMD6_WR/U_WR_FIFO/SUBCORE_FIFO.xsdbm_v3_0_0_wrfifo_inst/inst_fifo_gen/gconvfifo.rf/grf.rf/gntv_or_sync_fifo.gcx.clkx/gnxpm_cdc.gsync_stage[1].wr_stg_inst/Q_reg_reg[1]/D
                            (rising edge-triggered cell FDCE clocked by dbg_hub/inst/BSCANID.u_xsdbm_id/SWITCH_N_EXT_BSCAN.bscan_inst/SERIES7_BSCAN.bscan_inst/TCK  {rise@0.000ns fall@16.500ns period=33.000ns})
  Path Group:             dbg_hub/inst/BSCANID.u_xsdbm_id/SWITCH_N_EXT_BSCAN.bscan_inst/SERIES7_BSCAN.bscan_inst/TCK
  Path Type:              Setup (Max at Slow Process Corner)
  Requirement:            10.000ns  (MaxDelay Path 10.000ns)
  Data Path Delay:        0.965ns  (logic 0.518ns (53.676%)  route 0.447ns (46.324%))
  Logic Levels:           0  
  Timing Exception:       MaxDelay Path 10.000ns -datapath_only

    Location             Delay type                Incr(ns)  Path(ns)    Netlist Resource(s)
  -------------------------------------------------------------------    -------------------
    SLICE_X82Y122                                     0.000     0.000 r  dbg_hub/inst/BSCANID.u_xsdbm_id/CORE_XSDB.UUT_MASTER/U_ICON_INTERFACE/U_CMD6_WR/U_WR_FIFO/SUBCORE_FIFO.xsdbm_v3_0_0_wrfifo_inst/inst_fifo_gen/gconvfifo.rf/grf.rf/gntv_or_sync_fifo.gcx.clkx/gnxpm_cdc.rd_pntr_gc_reg[1]/C
    SLICE_X82Y122        FDCE (Prop_fdce_C_Q)         0.518     0.518 r  dbg_hub/inst/BSCANID.u_xsdbm_id/CORE_XSDB.UUT_MASTER/U_ICON_INTERFACE/U_CMD6_WR/U_WR_FIFO/SUBCORE_FIFO.xsdbm_v3_0_0_wrfifo_inst/inst_fifo_gen/gconvfifo.rf/grf.rf/gntv_or_sync_fifo.gcx.clkx/gnxpm_cdc.rd_pntr_gc_reg[1]/Q
                         net (fo=1, routed)           0.447     0.965    dbg_hub/inst/BSCANID.u_xsdbm_id/CORE_XSDB.UUT_MASTER/U_ICON_INTERFACE/U_CMD6_WR/U_WR_FIFO/SUBCORE_FIFO.xsdbm_v3_0_0_wrfifo_inst/inst_fifo_gen/gconvfifo.rf/grf.rf/gntv_or_sync_fifo.gcx.clkx/gnxpm_cdc.gsync_stage[1].wr_stg_inst/Q[1]
    SLICE_X82Y124        FDCE                                         r  dbg_hub/inst/BSCANID.u_xsdbm_id/CORE_XSDB.UUT_MASTER/U_ICON_INTERFACE/U_CMD6_WR/U_WR_FIFO/SUBCORE_FIFO.xsdbm_v3_0_0_wrfifo_inst/inst_fifo_gen/gconvfifo.rf/grf.rf/gntv_or_sync_fifo.gcx.clkx/gnxpm_cdc.gsync_stage[1].wr_stg_inst/Q_reg_reg[1]/D
  -------------------------------------------------------------------    -------------------

                         max delay                   10.000    10.000    
    SLICE_X82Y124        FDCE (Setup_fdce_C_D)       -0.047     9.953    dbg_hub/inst/BSCANID.u_xsdbm_id/CORE_XSDB.UUT_MASTER/U_ICON_INTERFACE/U_CMD6_WR/U_WR_FIFO/SUBCORE_FIFO.xsdbm_v3_0_0_wrfifo_inst/inst_fifo_gen/gconvfifo.rf/grf.rf/gntv_or_sync_fifo.gcx.clkx/gnxpm_cdc.gsync_stage[1].wr_stg_inst/Q_reg_reg[1]
  -------------------------------------------------------------------
                         required time                          9.953    
                         arrival time                          -0.965    
  -------------------------------------------------------------------
                         slack                                  8.988    





---------------------------------------------------------------------------------------------------
Path Group:  **async_default**
From Clock:  clk_fpga_0
  To Clock:  clk_fpga_0

Setup :            0  Failing Endpoints,  Worst Slack        6.027ns,  Total Violation        0.000ns
Hold  :            0  Failing Endpoints,  Worst Slack        0.357ns,  Total Violation        0.000ns
---------------------------------------------------------------------------------------------------


Max Delay Paths
--------------------------------------------------------------------------------------
Slack (MET) :             6.027ns  (required time - arrival time)
  Source:                 dbg_hub/inst/BSCANID.u_xsdbm_id/CORE_XSDB.UUT_MASTER/U_ICON_INTERFACE/U_CMD1/ctl_reg_reg[0]/C
                            (rising edge-triggered cell FDRE clocked by clk_fpga_0  {rise@0.000ns fall@5.000ns period=10.000ns})
  Destination:            dbg_hub/inst/BSCANID.u_xsdbm_id/CORE_XSDB.UUT_MASTER/U_XSDB_BUS_CONTROLLER/ma_err_r_reg[0]/CLR
                            (recovery check against rising-edge clock clk_fpga_0  {rise@0.000ns fall@5.000ns period=10.000ns})
  Path Group:             **async_default**
  Path Type:              Recovery (Max at Slow Process Corner)
  Requirement:            10.000ns  (clk_fpga_0 rise@10.000ns - clk_fpga_0 rise@0.000ns)
  Data Path Delay:        3.295ns  (logic 0.518ns (15.719%)  route 2.777ns (84.281%))
  Logic Levels:           0  
  Clock Path Skew:        -0.118ns (DCD - SCD + CPR)
    Destination Clock Delay (DCD):    2.882ns = ( 12.882 - 10.000 ) 
    Source Clock Delay      (SCD):    3.247ns
    Clock Pessimism Removal (CPR):    0.247ns
  Clock Uncertainty:      0.154ns  ((TSJ^2 + TIJ^2)^1/2 + DJ) / 2 + PE
    Total System Jitter     (TSJ):    0.071ns
    Total Input Jitter      (TIJ):    0.300ns
    Discrete Jitter          (DJ):    0.000ns
    Phase Error              (PE):    0.000ns

    Location             Delay type                Incr(ns)  Path(ns)    Netlist Resource(s)
  -------------------------------------------------------------------    -------------------
                         (clock clk_fpga_0 rise edge)
                                                      0.000     0.000 r  
    PS7_X0Y0             PS7                          0.000     0.000 r  design_1_i/processing_system7_0/inst/PS7_i/FCLKCLK[0]
                         net (fo=1, routed)           1.193     1.193    design_1_i/processing_system7_0/inst/FCLK_CLK_unbuffered[0]
    BUFGCTRL_X0Y17       BUFG (Prop_bufg_I_O)         0.101     1.294 r  design_1_i/processing_system7_0/inst/buffer_fclk_clk_0.FCLK_CLK_0_BUFG/O
                         net (fo=21728, routed)       1.953     3.247    dbg_hub/inst/BSCANID.u_xsdbm_id/CORE_XSDB.UUT_MASTER/U_ICON_INTERFACE/U_CMD1/clk
    SLICE_X90Y124        FDRE                                         r  dbg_hub/inst/BSCANID.u_xsdbm_id/CORE_XSDB.UUT_MASTER/U_ICON_INTERFACE/U_CMD1/ctl_reg_reg[0]/C
  -------------------------------------------------------------------    -------------------
    SLICE_X90Y124        FDRE (Prop_fdre_C_Q)         0.518     3.765 f  dbg_hub/inst/BSCANID.u_xsdbm_id/CORE_XSDB.UUT_MASTER/U_ICON_INTERFACE/U_CMD1/ctl_reg_reg[0]/Q
                         net (fo=162, routed)         2.777     6.542    dbg_hub/inst/BSCANID.u_xsdbm_id/CORE_XSDB.UUT_MASTER/U_XSDB_BUS_CONTROLLER/out[0]
    SLICE_X89Y125        FDCE                                         f  dbg_hub/inst/BSCANID.u_xsdbm_id/CORE_XSDB.UUT_MASTER/U_XSDB_BUS_CONTROLLER/ma_err_r_reg[0]/CLR
  -------------------------------------------------------------------    -------------------

                         (clock clk_fpga_0 rise edge)
                                                     10.000    10.000 r  
    PS7_X0Y0             PS7                          0.000    10.000 r  design_1_i/processing_system7_0/inst/PS7_i/FCLKCLK[0]
                         net (fo=1, routed)           1.088    11.088    design_1_i/processing_system7_0/inst/FCLK_CLK_unbuffered[0]
    BUFGCTRL_X0Y17       BUFG (Prop_bufg_I_O)         0.091    11.179 r  design_1_i/processing_system7_0/inst/buffer_fclk_clk_0.FCLK_CLK_0_BUFG/O
                         net (fo=21728, routed)       1.703    12.882    dbg_hub/inst/BSCANID.u_xsdbm_id/CORE_XSDB.UUT_MASTER/U_XSDB_BUS_CONTROLLER/clk
    SLICE_X89Y125        FDCE                                         r  dbg_hub/inst/BSCANID.u_xsdbm_id/CORE_XSDB.UUT_MASTER/U_XSDB_BUS_CONTROLLER/ma_err_r_reg[0]/C
                         clock pessimism              0.247    13.129    
                         clock uncertainty           -0.154    12.975    
    SLICE_X89Y125        FDCE (Recov_fdce_C_CLR)     -0.405    12.570    dbg_hub/inst/BSCANID.u_xsdbm_id/CORE_XSDB.UUT_MASTER/U_XSDB_BUS_CONTROLLER/ma_err_r_reg[0]
  -------------------------------------------------------------------
                         required time                         12.570    
                         arrival time                          -6.542    
  -------------------------------------------------------------------
                         slack                                  6.027    

Slack (MET) :             6.027ns  (required time - arrival time)
  Source:                 dbg_hub/inst/BSCANID.u_xsdbm_id/CORE_XSDB.UUT_MASTER/U_ICON_INTERFACE/U_CMD1/ctl_reg_reg[0]/C
                            (rising edge-triggered cell FDRE clocked by clk_fpga_0  {rise@0.000ns fall@5.000ns period=10.000ns})
  Destination:            dbg_hub/inst/BSCANID.u_xsdbm_id/CORE_XSDB.UUT_MASTER/U_XSDB_BUS_CONTROLLER/ma_err_r_reg[1]/CLR
                            (recovery check against rising-edge clock clk_fpga_0  {rise@0.000ns fall@5.000ns period=10.000ns})
  Path Group:             **async_default**
  Path Type:              Recovery (Max at Slow Process Corner)
  Requirement:            10.000ns  (clk_fpga_0 rise@10.000ns - clk_fpga_0 rise@0.000ns)
  Data Path Delay:        3.295ns  (logic 0.518ns (15.719%)  route 2.777ns (84.281%))
  Logic Levels:           0  
  Clock Path Skew:        -0.118ns (DCD - SCD + CPR)
    Destination Clock Delay (DCD):    2.882ns = ( 12.882 - 10.000 ) 
    Source Clock Delay      (SCD):    3.247ns
    Clock Pessimism Removal (CPR):    0.247ns
  Clock Uncertainty:      0.154ns  ((TSJ^2 + TIJ^2)^1/2 + DJ) / 2 + PE
    Total System Jitter     (TSJ):    0.071ns
    Total Input Jitter      (TIJ):    0.300ns
    Discrete Jitter          (DJ):    0.000ns
    Phase Error              (PE):    0.000ns

    Location             Delay type                Incr(ns)  Path(ns)    Netlist Resource(s)
  -------------------------------------------------------------------    -------------------
                         (clock clk_fpga_0 rise edge)
                                                      0.000     0.000 r  
    PS7_X0Y0             PS7                          0.000     0.000 r  design_1_i/processing_system7_0/inst/PS7_i/FCLKCLK[0]
                         net (fo=1, routed)           1.193     1.193    design_1_i/processing_system7_0/inst/FCLK_CLK_unbuffered[0]
    BUFGCTRL_X0Y17       BUFG (Prop_bufg_I_O)         0.101     1.294 r  design_1_i/processing_system7_0/inst/buffer_fclk_clk_0.FCLK_CLK_0_BUFG/O
                         net (fo=21728, routed)       1.953     3.247    dbg_hub/inst/BSCANID.u_xsdbm_id/CORE_XSDB.UUT_MASTER/U_ICON_INTERFACE/U_CMD1/clk
    SLICE_X90Y124        FDRE                                         r  dbg_hub/inst/BSCANID.u_xsdbm_id/CORE_XSDB.UUT_MASTER/U_ICON_INTERFACE/U_CMD1/ctl_reg_reg[0]/C
  -------------------------------------------------------------------    -------------------
    SLICE_X90Y124        FDRE (Prop_fdre_C_Q)         0.518     3.765 f  dbg_hub/inst/BSCANID.u_xsdbm_id/CORE_XSDB.UUT_MASTER/U_ICON_INTERFACE/U_CMD1/ctl_reg_reg[0]/Q
                         net (fo=162, routed)         2.777     6.542    dbg_hub/inst/BSCANID.u_xsdbm_id/CORE_XSDB.UUT_MASTER/U_XSDB_BUS_CONTROLLER/out[0]
    SLICE_X89Y125        FDCE                                         f  dbg_hub/inst/BSCANID.u_xsdbm_id/CORE_XSDB.UUT_MASTER/U_XSDB_BUS_CONTROLLER/ma_err_r_reg[1]/CLR
  -------------------------------------------------------------------    -------------------

                         (clock clk_fpga_0 rise edge)
                                                     10.000    10.000 r  
    PS7_X0Y0             PS7                          0.000    10.000 r  design_1_i/processing_system7_0/inst/PS7_i/FCLKCLK[0]
                         net (fo=1, routed)           1.088    11.088    design_1_i/processing_system7_0/inst/FCLK_CLK_unbuffered[0]
    BUFGCTRL_X0Y17       BUFG (Prop_bufg_I_O)         0.091    11.179 r  design_1_i/processing_system7_0/inst/buffer_fclk_clk_0.FCLK_CLK_0_BUFG/O
                         net (fo=21728, routed)       1.703    12.882    dbg_hub/inst/BSCANID.u_xsdbm_id/CORE_XSDB.UUT_MASTER/U_XSDB_BUS_CONTROLLER/clk
    SLICE_X89Y125        FDCE                                         r  dbg_hub/inst/BSCANID.u_xsdbm_id/CORE_XSDB.UUT_MASTER/U_XSDB_BUS_CONTROLLER/ma_err_r_reg[1]/C
                         clock pessimism              0.247    13.129    
                         clock uncertainty           -0.154    12.975    
    SLICE_X89Y125        FDCE (Recov_fdce_C_CLR)     -0.405    12.570    dbg_hub/inst/BSCANID.u_xsdbm_id/CORE_XSDB.UUT_MASTER/U_XSDB_BUS_CONTROLLER/ma_err_r_reg[1]
  -------------------------------------------------------------------
                         required time                         12.570    
                         arrival time                          -6.542    
  -------------------------------------------------------------------
                         slack                                  6.027    

Slack (MET) :             6.027ns  (required time - arrival time)
  Source:                 dbg_hub/inst/BSCANID.u_xsdbm_id/CORE_XSDB.UUT_MASTER/U_ICON_INTERFACE/U_CMD1/ctl_reg_reg[0]/C
                            (rising edge-triggered cell FDRE clocked by clk_fpga_0  {rise@0.000ns fall@5.000ns period=10.000ns})
  Destination:            dbg_hub/inst/BSCANID.u_xsdbm_id/CORE_XSDB.UUT_MASTER/U_XSDB_BUS_CONTROLLER/sl_rst_r_reg[0]/CLR
                            (recovery check against rising-edge clock clk_fpga_0  {rise@0.000ns fall@5.000ns period=10.000ns})
  Path Group:             **async_default**
  Path Type:              Recovery (Max at Slow Process Corner)
  Requirement:            10.000ns  (clk_fpga_0 rise@10.000ns - clk_fpga_0 rise@0.000ns)
  Data Path Delay:        3.295ns  (logic 0.518ns (15.719%)  route 2.777ns (84.281%))
  Logic Levels:           0  
  Clock Path Skew:        -0.118ns (DCD - SCD + CPR)
    Destination Clock Delay (DCD):    2.882ns = ( 12.882 - 10.000 ) 
    Source Clock Delay      (SCD):    3.247ns
    Clock Pessimism Removal (CPR):    0.247ns
  Clock Uncertainty:      0.154ns  ((TSJ^2 + TIJ^2)^1/2 + DJ) / 2 + PE
    Total System Jitter     (TSJ):    0.071ns
    Total Input Jitter      (TIJ):    0.300ns
    Discrete Jitter          (DJ):    0.000ns
    Phase Error              (PE):    0.000ns

    Location             Delay type                Incr(ns)  Path(ns)    Netlist Resource(s)
  -------------------------------------------------------------------    -------------------
                         (clock clk_fpga_0 rise edge)
                                                      0.000     0.000 r  
    PS7_X0Y0             PS7                          0.000     0.000 r  design_1_i/processing_system7_0/inst/PS7_i/FCLKCLK[0]
                         net (fo=1, routed)           1.193     1.193    design_1_i/processing_system7_0/inst/FCLK_CLK_unbuffered[0]
    BUFGCTRL_X0Y17       BUFG (Prop_bufg_I_O)         0.101     1.294 r  design_1_i/processing_system7_0/inst/buffer_fclk_clk_0.FCLK_CLK_0_BUFG/O
                         net (fo=21728, routed)       1.953     3.247    dbg_hub/inst/BSCANID.u_xsdbm_id/CORE_XSDB.UUT_MASTER/U_ICON_INTERFACE/U_CMD1/clk
    SLICE_X90Y124        FDRE                                         r  dbg_hub/inst/BSCANID.u_xsdbm_id/CORE_XSDB.UUT_MASTER/U_ICON_INTERFACE/U_CMD1/ctl_reg_reg[0]/C
  -------------------------------------------------------------------    -------------------
    SLICE_X90Y124        FDRE (Prop_fdre_C_Q)         0.518     3.765 f  dbg_hub/inst/BSCANID.u_xsdbm_id/CORE_XSDB.UUT_MASTER/U_ICON_INTERFACE/U_CMD1/ctl_reg_reg[0]/Q
                         net (fo=162, routed)         2.777     6.542    dbg_hub/inst/BSCANID.u_xsdbm_id/CORE_XSDB.UUT_MASTER/U_XSDB_BUS_CONTROLLER/out[0]
    SLICE_X89Y125        FDCE                                         f  dbg_hub/inst/BSCANID.u_xsdbm_id/CORE_XSDB.UUT_MASTER/U_XSDB_BUS_CONTROLLER/sl_rst_r_reg[0]/CLR
  -------------------------------------------------------------------    -------------------

                         (clock clk_fpga_0 rise edge)
                                                     10.000    10.000 r  
    PS7_X0Y0             PS7                          0.000    10.000 r  design_1_i/processing_system7_0/inst/PS7_i/FCLKCLK[0]
                         net (fo=1, routed)           1.088    11.088    design_1_i/processing_system7_0/inst/FCLK_CLK_unbuffered[0]
    BUFGCTRL_X0Y17       BUFG (Prop_bufg_I_O)         0.091    11.179 r  design_1_i/processing_system7_0/inst/buffer_fclk_clk_0.FCLK_CLK_0_BUFG/O
                         net (fo=21728, routed)       1.703    12.882    dbg_hub/inst/BSCANID.u_xsdbm_id/CORE_XSDB.UUT_MASTER/U_XSDB_BUS_CONTROLLER/clk
    SLICE_X89Y125        FDCE                                         r  dbg_hub/inst/BSCANID.u_xsdbm_id/CORE_XSDB.UUT_MASTER/U_XSDB_BUS_CONTROLLER/sl_rst_r_reg[0]/C
                         clock pessimism              0.247    13.129    
                         clock uncertainty           -0.154    12.975    
    SLICE_X89Y125        FDCE (Recov_fdce_C_CLR)     -0.405    12.570    dbg_hub/inst/BSCANID.u_xsdbm_id/CORE_XSDB.UUT_MASTER/U_XSDB_BUS_CONTROLLER/sl_rst_r_reg[0]
  -------------------------------------------------------------------
                         required time                         12.570    
                         arrival time                          -6.542    
  -------------------------------------------------------------------
                         slack                                  6.027    

Slack (MET) :             6.303ns  (required time - arrival time)
  Source:                 dbg_hub/inst/BSCANID.u_xsdbm_id/CORE_XSDB.UUT_MASTER/U_ICON_INTERFACE/U_CMD1/ctl_reg_reg[0]/C
                            (rising edge-triggered cell FDRE clocked by clk_fpga_0  {rise@0.000ns fall@5.000ns period=10.000ns})
  Destination:            dbg_hub/inst/BSCANID.u_xsdbm_id/CORE_XSDB.UUT_MASTER/U_XSDB_BUS_CONTROLLER/ma_wr_pop_r_reg/CLR
                            (recovery check against rising-edge clock clk_fpga_0  {rise@0.000ns fall@5.000ns period=10.000ns})
  Path Group:             **async_default**
  Path Type:              Recovery (Max at Slow Process Corner)
  Requirement:            10.000ns  (clk_fpga_0 rise@10.000ns - clk_fpga_0 rise@0.000ns)
  Data Path Delay:        3.020ns  (logic 0.518ns (17.151%)  route 2.502ns (82.849%))
  Logic Levels:           0  
  Clock Path Skew:        -0.118ns (DCD - SCD + CPR)
    Destination Clock Delay (DCD):    2.882ns = ( 12.882 - 10.000 ) 
    Source Clock Delay      (SCD):    3.247ns
    Clock Pessimism Removal (CPR):    0.247ns
  Clock Uncertainty:      0.154ns  ((TSJ^2 + TIJ^2)^1/2 + DJ) / 2 + PE
    Total System Jitter     (TSJ):    0.071ns
    Total Input Jitter      (TIJ):    0.300ns
    Discrete Jitter          (DJ):    0.000ns
    Phase Error              (PE):    0.000ns

    Location             Delay type                Incr(ns)  Path(ns)    Netlist Resource(s)
  -------------------------------------------------------------------    -------------------
                         (clock clk_fpga_0 rise edge)
                                                      0.000     0.000 r  
    PS7_X0Y0             PS7                          0.000     0.000 r  design_1_i/processing_system7_0/inst/PS7_i/FCLKCLK[0]
                         net (fo=1, routed)           1.193     1.193    design_1_i/processing_system7_0/inst/FCLK_CLK_unbuffered[0]
    BUFGCTRL_X0Y17       BUFG (Prop_bufg_I_O)         0.101     1.294 r  design_1_i/processing_system7_0/inst/buffer_fclk_clk_0.FCLK_CLK_0_BUFG/O
                         net (fo=21728, routed)       1.953     3.247    dbg_hub/inst/BSCANID.u_xsdbm_id/CORE_XSDB.UUT_MASTER/U_ICON_INTERFACE/U_CMD1/clk
    SLICE_X90Y124        FDRE                                         r  dbg_hub/inst/BSCANID.u_xsdbm_id/CORE_XSDB.UUT_MASTER/U_ICON_INTERFACE/U_CMD1/ctl_reg_reg[0]/C
  -------------------------------------------------------------------    -------------------
    SLICE_X90Y124        FDRE (Prop_fdre_C_Q)         0.518     3.765 f  dbg_hub/inst/BSCANID.u_xsdbm_id/CORE_XSDB.UUT_MASTER/U_ICON_INTERFACE/U_CMD1/ctl_reg_reg[0]/Q
                         net (fo=162, routed)         2.502     6.267    dbg_hub/inst/BSCANID.u_xsdbm_id/CORE_XSDB.UUT_MASTER/U_XSDB_BUS_CONTROLLER/out[0]
    SLICE_X85Y125        FDCE                                         f  dbg_hub/inst/BSCANID.u_xsdbm_id/CORE_XSDB.UUT_MASTER/U_XSDB_BUS_CONTROLLER/ma_wr_pop_r_reg/CLR
  -------------------------------------------------------------------    -------------------

                         (clock clk_fpga_0 rise edge)
                                                     10.000    10.000 r  
    PS7_X0Y0             PS7                          0.000    10.000 r  design_1_i/processing_system7_0/inst/PS7_i/FCLKCLK[0]
                         net (fo=1, routed)           1.088    11.088    design_1_i/processing_system7_0/inst/FCLK_CLK_unbuffered[0]
    BUFGCTRL_X0Y17       BUFG (Prop_bufg_I_O)         0.091    11.179 r  design_1_i/processing_system7_0/inst/buffer_fclk_clk_0.FCLK_CLK_0_BUFG/O
                         net (fo=21728, routed)       1.703    12.882    dbg_hub/inst/BSCANID.u_xsdbm_id/CORE_XSDB.UUT_MASTER/U_XSDB_BUS_CONTROLLER/clk
    SLICE_X85Y125        FDCE                                         r  dbg_hub/inst/BSCANID.u_xsdbm_id/CORE_XSDB.UUT_MASTER/U_XSDB_BUS_CONTROLLER/ma_wr_pop_r_reg/C
                         clock pessimism              0.247    13.129    
                         clock uncertainty           -0.154    12.975    
    SLICE_X85Y125        FDCE (Recov_fdce_C_CLR)     -0.405    12.570    dbg_hub/inst/BSCANID.u_xsdbm_id/CORE_XSDB.UUT_MASTER/U_XSDB_BUS_CONTROLLER/ma_wr_pop_r_reg
  -------------------------------------------------------------------
                         required time                         12.570    
                         arrival time                          -6.267    
  -------------------------------------------------------------------
                         slack                                  6.303    

Slack (MET) :             6.948ns  (required time - arrival time)
  Source:                 dbg_hub/inst/BSCANID.u_xsdbm_id/CORE_XSDB.UUT_MASTER/U_ICON_INTERFACE/U_CMD1/ctl_reg_reg[0]/C
                            (rising edge-triggered cell FDRE clocked by clk_fpga_0  {rise@0.000ns fall@5.000ns period=10.000ns})
  Destination:            dbg_hub/inst/BSCANID.u_xsdbm_id/CORE_XSDB.UUT_MASTER/U_XSDB_BUS_CONTROLLER/current_state_reg[2]/CLR
                            (recovery check against rising-edge clock clk_fpga_0  {rise@0.000ns fall@5.000ns period=10.000ns})
  Path Group:             **async_default**
  Path Type:              Recovery (Max at Slow Process Corner)
  Requirement:            10.000ns  (clk_fpga_0 rise@10.000ns - clk_fpga_0 rise@0.000ns)
  Data Path Delay:        2.381ns  (logic 0.518ns (21.759%)  route 1.863ns (78.241%))
  Logic Levels:           0  
  Clock Path Skew:        -0.112ns (DCD - SCD + CPR)
    Destination Clock Delay (DCD):    2.888ns = ( 12.888 - 10.000 ) 
    Source Clock Delay      (SCD):    3.247ns
    Clock Pessimism Removal (CPR):    0.247ns
  Clock Uncertainty:      0.154ns  ((TSJ^2 + TIJ^2)^1/2 + DJ) / 2 + PE
    Total System Jitter     (TSJ):    0.071ns
    Total Input Jitter      (TIJ):    0.300ns
    Discrete Jitter          (DJ):    0.000ns
    Phase Error              (PE):    0.000ns

    Location             Delay type                Incr(ns)  Path(ns)    Netlist Resource(s)
  -------------------------------------------------------------------    -------------------
                         (clock clk_fpga_0 rise edge)
                                                      0.000     0.000 r  
    PS7_X0Y0             PS7                          0.000     0.000 r  design_1_i/processing_system7_0/inst/PS7_i/FCLKCLK[0]
                         net (fo=1, routed)           1.193     1.193    design_1_i/processing_system7_0/inst/FCLK_CLK_unbuffered[0]
    BUFGCTRL_X0Y17       BUFG (Prop_bufg_I_O)         0.101     1.294 r  design_1_i/processing_system7_0/inst/buffer_fclk_clk_0.FCLK_CLK_0_BUFG/O
                         net (fo=21728, routed)       1.953     3.247    dbg_hub/inst/BSCANID.u_xsdbm_id/CORE_XSDB.UUT_MASTER/U_ICON_INTERFACE/U_CMD1/clk
    SLICE_X90Y124        FDRE                                         r  dbg_hub/inst/BSCANID.u_xsdbm_id/CORE_XSDB.UUT_MASTER/U_ICON_INTERFACE/U_CMD1/ctl_reg_reg[0]/C
  -------------------------------------------------------------------    -------------------
    SLICE_X90Y124        FDRE (Prop_fdre_C_Q)         0.518     3.765 f  dbg_hub/inst/BSCANID.u_xsdbm_id/CORE_XSDB.UUT_MASTER/U_ICON_INTERFACE/U_CMD1/ctl_reg_reg[0]/Q
                         net (fo=162, routed)         1.863     5.628    dbg_hub/inst/BSCANID.u_xsdbm_id/CORE_XSDB.UUT_MASTER/U_XSDB_BUS_CONTROLLER/out[0]
    SLICE_X89Y130        FDCE                                         f  dbg_hub/inst/BSCANID.u_xsdbm_id/CORE_XSDB.UUT_MASTER/U_XSDB_BUS_CONTROLLER/current_state_reg[2]/CLR
  -------------------------------------------------------------------    -------------------

                         (clock clk_fpga_0 rise edge)
                                                     10.000    10.000 r  
    PS7_X0Y0             PS7                          0.000    10.000 r  design_1_i/processing_system7_0/inst/PS7_i/FCLKCLK[0]
                         net (fo=1, routed)           1.088    11.088    design_1_i/processing_system7_0/inst/FCLK_CLK_unbuffered[0]
    BUFGCTRL_X0Y17       BUFG (Prop_bufg_I_O)         0.091    11.179 r  design_1_i/processing_system7_0/inst/buffer_fclk_clk_0.FCLK_CLK_0_BUFG/O
                         net (fo=21728, routed)       1.709    12.888    dbg_hub/inst/BSCANID.u_xsdbm_id/CORE_XSDB.UUT_MASTER/U_XSDB_BUS_CONTROLLER/clk
    SLICE_X89Y130        FDCE                                         r  dbg_hub/inst/BSCANID.u_xsdbm_id/CORE_XSDB.UUT_MASTER/U_XSDB_BUS_CONTROLLER/current_state_reg[2]/C
                         clock pessimism              0.247    13.135    
                         clock uncertainty           -0.154    12.981    
    SLICE_X89Y130        FDCE (Recov_fdce_C_CLR)     -0.405    12.576    dbg_hub/inst/BSCANID.u_xsdbm_id/CORE_XSDB.UUT_MASTER/U_XSDB_BUS_CONTROLLER/current_state_reg[2]
  -------------------------------------------------------------------
                         required time                         12.576    
                         arrival time                          -5.628    
  -------------------------------------------------------------------
                         slack                                  6.948    

Slack (MET) :             6.948ns  (required time - arrival time)
  Source:                 dbg_hub/inst/BSCANID.u_xsdbm_id/CORE_XSDB.UUT_MASTER/U_ICON_INTERFACE/U_CMD1/ctl_reg_reg[0]/C
                            (rising edge-triggered cell FDRE clocked by clk_fpga_0  {rise@0.000ns fall@5.000ns period=10.000ns})
  Destination:            dbg_hub/inst/BSCANID.u_xsdbm_id/CORE_XSDB.UUT_MASTER/U_XSDB_BUS_CONTROLLER/in_write_mode_reg/CLR
                            (recovery check against rising-edge clock clk_fpga_0  {rise@0.000ns fall@5.000ns period=10.000ns})
  Path Group:             **async_default**
  Path Type:              Recovery (Max at Slow Process Corner)
  Requirement:            10.000ns  (clk_fpga_0 rise@10.000ns - clk_fpga_0 rise@0.000ns)
  Data Path Delay:        2.381ns  (logic 0.518ns (21.759%)  route 1.863ns (78.241%))
  Logic Levels:           0  
  Clock Path Skew:        -0.112ns (DCD - SCD + CPR)
    Destination Clock Delay (DCD):    2.888ns = ( 12.888 - 10.000 ) 
    Source Clock Delay      (SCD):    3.247ns
    Clock Pessimism Removal (CPR):    0.247ns
  Clock Uncertainty:      0.154ns  ((TSJ^2 + TIJ^2)^1/2 + DJ) / 2 + PE
    Total System Jitter     (TSJ):    0.071ns
    Total Input Jitter      (TIJ):    0.300ns
    Discrete Jitter          (DJ):    0.000ns
    Phase Error              (PE):    0.000ns

    Location             Delay type                Incr(ns)  Path(ns)    Netlist Resource(s)
  -------------------------------------------------------------------    -------------------
                         (clock clk_fpga_0 rise edge)
                                                      0.000     0.000 r  
    PS7_X0Y0             PS7                          0.000     0.000 r  design_1_i/processing_system7_0/inst/PS7_i/FCLKCLK[0]
                         net (fo=1, routed)           1.193     1.193    design_1_i/processing_system7_0/inst/FCLK_CLK_unbuffered[0]
    BUFGCTRL_X0Y17       BUFG (Prop_bufg_I_O)         0.101     1.294 r  design_1_i/processing_system7_0/inst/buffer_fclk_clk_0.FCLK_CLK_0_BUFG/O
                         net (fo=21728, routed)       1.953     3.247    dbg_hub/inst/BSCANID.u_xsdbm_id/CORE_XSDB.UUT_MASTER/U_ICON_INTERFACE/U_CMD1/clk
    SLICE_X90Y124        FDRE                                         r  dbg_hub/inst/BSCANID.u_xsdbm_id/CORE_XSDB.UUT_MASTER/U_ICON_INTERFACE/U_CMD1/ctl_reg_reg[0]/C
  -------------------------------------------------------------------    -------------------
    SLICE_X90Y124        FDRE (Prop_fdre_C_Q)         0.518     3.765 f  dbg_hub/inst/BSCANID.u_xsdbm_id/CORE_XSDB.UUT_MASTER/U_ICON_INTERFACE/U_CMD1/ctl_reg_reg[0]/Q
                         net (fo=162, routed)         1.863     5.628    dbg_hub/inst/BSCANID.u_xsdbm_id/CORE_XSDB.UUT_MASTER/U_XSDB_BUS_CONTROLLER/out[0]
    SLICE_X89Y130        FDCE                                         f  dbg_hub/inst/BSCANID.u_xsdbm_id/CORE_XSDB.UUT_MASTER/U_XSDB_BUS_CONTROLLER/in_write_mode_reg/CLR
  -------------------------------------------------------------------    -------------------

                         (clock clk_fpga_0 rise edge)
                                                     10.000    10.000 r  
    PS7_X0Y0             PS7                          0.000    10.000 r  design_1_i/processing_system7_0/inst/PS7_i/FCLKCLK[0]
                         net (fo=1, routed)           1.088    11.088    design_1_i/processing_system7_0/inst/FCLK_CLK_unbuffered[0]
    BUFGCTRL_X0Y17       BUFG (Prop_bufg_I_O)         0.091    11.179 r  design_1_i/processing_system7_0/inst/buffer_fclk_clk_0.FCLK_CLK_0_BUFG/O
                         net (fo=21728, routed)       1.709    12.888    dbg_hub/inst/BSCANID.u_xsdbm_id/CORE_XSDB.UUT_MASTER/U_XSDB_BUS_CONTROLLER/clk
    SLICE_X89Y130        FDCE                                         r  dbg_hub/inst/BSCANID.u_xsdbm_id/CORE_XSDB.UUT_MASTER/U_XSDB_BUS_CONTROLLER/in_write_mode_reg/C
                         clock pessimism              0.247    13.135    
                         clock uncertainty           -0.154    12.981    
    SLICE_X89Y130        FDCE (Recov_fdce_C_CLR)     -0.405    12.576    dbg_hub/inst/BSCANID.u_xsdbm_id/CORE_XSDB.UUT_MASTER/U_XSDB_BUS_CONTROLLER/in_write_mode_reg
  -------------------------------------------------------------------
                         required time                         12.576    
                         arrival time                          -5.628    
  -------------------------------------------------------------------
                         slack                                  6.948    

Slack (MET) :             6.994ns  (required time - arrival time)
  Source:                 dbg_hub/inst/BSCANID.u_xsdbm_id/CORE_XSDB.UUT_MASTER/U_ICON_INTERFACE/U_CMD1/ctl_reg_reg[0]/C
                            (rising edge-triggered cell FDRE clocked by clk_fpga_0  {rise@0.000ns fall@5.000ns period=10.000ns})
  Destination:            dbg_hub/inst/BSCANID.u_xsdbm_id/CORE_XSDB.UUT_MASTER/U_XSDB_BUS_CONTROLLER/timer_rst_reg/PRE
                            (recovery check against rising-edge clock clk_fpga_0  {rise@0.000ns fall@5.000ns period=10.000ns})
  Path Group:             **async_default**
  Path Type:              Recovery (Max at Slow Process Corner)
  Requirement:            10.000ns  (clk_fpga_0 rise@10.000ns - clk_fpga_0 rise@0.000ns)
  Data Path Delay:        2.381ns  (logic 0.518ns (21.759%)  route 1.863ns (78.241%))
  Logic Levels:           0  
  Clock Path Skew:        -0.112ns (DCD - SCD + CPR)
    Destination Clock Delay (DCD):    2.888ns = ( 12.888 - 10.000 ) 
    Source Clock Delay      (SCD):    3.247ns
    Clock Pessimism Removal (CPR):    0.247ns
  Clock Uncertainty:      0.154ns  ((TSJ^2 + TIJ^2)^1/2 + DJ) / 2 + PE
    Total System Jitter     (TSJ):    0.071ns
    Total Input Jitter      (TIJ):    0.300ns
    Discrete Jitter          (DJ):    0.000ns
    Phase Error              (PE):    0.000ns

    Location             Delay type                Incr(ns)  Path(ns)    Netlist Resource(s)
  -------------------------------------------------------------------    -------------------
                         (clock clk_fpga_0 rise edge)
                                                      0.000     0.000 r  
    PS7_X0Y0             PS7                          0.000     0.000 r  design_1_i/processing_system7_0/inst/PS7_i/FCLKCLK[0]
                         net (fo=1, routed)           1.193     1.193    design_1_i/processing_system7_0/inst/FCLK_CLK_unbuffered[0]
    BUFGCTRL_X0Y17       BUFG (Prop_bufg_I_O)         0.101     1.294 r  design_1_i/processing_system7_0/inst/buffer_fclk_clk_0.FCLK_CLK_0_BUFG/O
                         net (fo=21728, routed)       1.953     3.247    dbg_hub/inst/BSCANID.u_xsdbm_id/CORE_XSDB.UUT_MASTER/U_ICON_INTERFACE/U_CMD1/clk
    SLICE_X90Y124        FDRE                                         r  dbg_hub/inst/BSCANID.u_xsdbm_id/CORE_XSDB.UUT_MASTER/U_ICON_INTERFACE/U_CMD1/ctl_reg_reg[0]/C
  -------------------------------------------------------------------    -------------------
    SLICE_X90Y124        FDRE (Prop_fdre_C_Q)         0.518     3.765 f  dbg_hub/inst/BSCANID.u_xsdbm_id/CORE_XSDB.UUT_MASTER/U_ICON_INTERFACE/U_CMD1/ctl_reg_reg[0]/Q
                         net (fo=162, routed)         1.863     5.628    dbg_hub/inst/BSCANID.u_xsdbm_id/CORE_XSDB.UUT_MASTER/U_XSDB_BUS_CONTROLLER/out[0]
    SLICE_X89Y130        FDPE                                         f  dbg_hub/inst/BSCANID.u_xsdbm_id/CORE_XSDB.UUT_MASTER/U_XSDB_BUS_CONTROLLER/timer_rst_reg/PRE
  -------------------------------------------------------------------    -------------------

                         (clock clk_fpga_0 rise edge)
                                                     10.000    10.000 r  
    PS7_X0Y0             PS7                          0.000    10.000 r  design_1_i/processing_system7_0/inst/PS7_i/FCLKCLK[0]
                         net (fo=1, routed)           1.088    11.088    design_1_i/processing_system7_0/inst/FCLK_CLK_unbuffered[0]
    BUFGCTRL_X0Y17       BUFG (Prop_bufg_I_O)         0.091    11.179 r  design_1_i/processing_system7_0/inst/buffer_fclk_clk_0.FCLK_CLK_0_BUFG/O
                         net (fo=21728, routed)       1.709    12.888    dbg_hub/inst/BSCANID.u_xsdbm_id/CORE_XSDB.UUT_MASTER/U_XSDB_BUS_CONTROLLER/clk
    SLICE_X89Y130        FDPE                                         r  dbg_hub/inst/BSCANID.u_xsdbm_id/CORE_XSDB.UUT_MASTER/U_XSDB_BUS_CONTROLLER/timer_rst_reg/C
                         clock pessimism              0.247    13.135    
                         clock uncertainty           -0.154    12.981    
    SLICE_X89Y130        FDPE (Recov_fdpe_C_PRE)     -0.359    12.622    dbg_hub/inst/BSCANID.u_xsdbm_id/CORE_XSDB.UUT_MASTER/U_XSDB_BUS_CONTROLLER/timer_rst_reg
  -------------------------------------------------------------------
                         required time                         12.622    
                         arrival time                          -5.628    
  -------------------------------------------------------------------
                         slack                                  6.994    

Slack (MET) :             7.098ns  (required time - arrival time)
  Source:                 dbg_hub/inst/BSCANID.u_xsdbm_id/CORE_XSDB.UUT_MASTER/U_ICON_INTERFACE/U_CMD1/ctl_reg_reg[0]/C
                            (rising edge-triggered cell FDRE clocked by clk_fpga_0  {rise@0.000ns fall@5.000ns period=10.000ns})
  Destination:            dbg_hub/inst/BSCANID.u_xsdbm_id/CORE_XSDB.UUT_MASTER/U_XSDB_BUS_CONTROLLER/clr_abort_rd_reg/CLR
                            (recovery check against rising-edge clock clk_fpga_0  {rise@0.000ns fall@5.000ns period=10.000ns})
  Path Group:             **async_default**
  Path Type:              Recovery (Max at Slow Process Corner)
  Requirement:            10.000ns  (clk_fpga_0 rise@10.000ns - clk_fpga_0 rise@0.000ns)
  Data Path Delay:        2.230ns  (logic 0.518ns (23.225%)  route 1.712ns (76.775%))
  Logic Levels:           0  
  Clock Path Skew:        -0.113ns (DCD - SCD + CPR)
    Destination Clock Delay (DCD):    2.887ns = ( 12.887 - 10.000 ) 
    Source Clock Delay      (SCD):    3.247ns
    Clock Pessimism Removal (CPR):    0.247ns
  Clock Uncertainty:      0.154ns  ((TSJ^2 + TIJ^2)^1/2 + DJ) / 2 + PE
    Total System Jitter     (TSJ):    0.071ns
    Total Input Jitter      (TIJ):    0.300ns
    Discrete Jitter          (DJ):    0.000ns
    Phase Error              (PE):    0.000ns

    Location             Delay type                Incr(ns)  Path(ns)    Netlist Resource(s)
  -------------------------------------------------------------------    -------------------
                         (clock clk_fpga_0 rise edge)
                                                      0.000     0.000 r  
    PS7_X0Y0             PS7                          0.000     0.000 r  design_1_i/processing_system7_0/inst/PS7_i/FCLKCLK[0]
                         net (fo=1, routed)           1.193     1.193    design_1_i/processing_system7_0/inst/FCLK_CLK_unbuffered[0]
    BUFGCTRL_X0Y17       BUFG (Prop_bufg_I_O)         0.101     1.294 r  design_1_i/processing_system7_0/inst/buffer_fclk_clk_0.FCLK_CLK_0_BUFG/O
                         net (fo=21728, routed)       1.953     3.247    dbg_hub/inst/BSCANID.u_xsdbm_id/CORE_XSDB.UUT_MASTER/U_ICON_INTERFACE/U_CMD1/clk
    SLICE_X90Y124        FDRE                                         r  dbg_hub/inst/BSCANID.u_xsdbm_id/CORE_XSDB.UUT_MASTER/U_ICON_INTERFACE/U_CMD1/ctl_reg_reg[0]/C
  -------------------------------------------------------------------    -------------------
    SLICE_X90Y124        FDRE (Prop_fdre_C_Q)         0.518     3.765 f  dbg_hub/inst/BSCANID.u_xsdbm_id/CORE_XSDB.UUT_MASTER/U_ICON_INTERFACE/U_CMD1/ctl_reg_reg[0]/Q
                         net (fo=162, routed)         1.712     5.477    dbg_hub/inst/BSCANID.u_xsdbm_id/CORE_XSDB.UUT_MASTER/U_XSDB_BUS_CONTROLLER/out[0]
    SLICE_X85Y128        FDCE                                         f  dbg_hub/inst/BSCANID.u_xsdbm_id/CORE_XSDB.UUT_MASTER/U_XSDB_BUS_CONTROLLER/clr_abort_rd_reg/CLR
  -------------------------------------------------------------------    -------------------

                         (clock clk_fpga_0 rise edge)
                                                     10.000    10.000 r  
    PS7_X0Y0             PS7                          0.000    10.000 r  design_1_i/processing_system7_0/inst/PS7_i/FCLKCLK[0]
                         net (fo=1, routed)           1.088    11.088    design_1_i/processing_system7_0/inst/FCLK_CLK_unbuffered[0]
    BUFGCTRL_X0Y17       BUFG (Prop_bufg_I_O)         0.091    11.179 r  design_1_i/processing_system7_0/inst/buffer_fclk_clk_0.FCLK_CLK_0_BUFG/O
                         net (fo=21728, routed)       1.708    12.887    dbg_hub/inst/BSCANID.u_xsdbm_id/CORE_XSDB.UUT_MASTER/U_XSDB_BUS_CONTROLLER/clk
    SLICE_X85Y128        FDCE                                         r  dbg_hub/inst/BSCANID.u_xsdbm_id/CORE_XSDB.UUT_MASTER/U_XSDB_BUS_CONTROLLER/clr_abort_rd_reg/C
                         clock pessimism              0.247    13.134    
                         clock uncertainty           -0.154    12.980    
    SLICE_X85Y128        FDCE (Recov_fdce_C_CLR)     -0.405    12.575    dbg_hub/inst/BSCANID.u_xsdbm_id/CORE_XSDB.UUT_MASTER/U_XSDB_BUS_CONTROLLER/clr_abort_rd_reg
  -------------------------------------------------------------------
                         required time                         12.575    
                         arrival time                          -5.477    
  -------------------------------------------------------------------
                         slack                                  7.098    

Slack (MET) :             7.098ns  (required time - arrival time)
  Source:                 dbg_hub/inst/BSCANID.u_xsdbm_id/CORE_XSDB.UUT_MASTER/U_ICON_INTERFACE/U_CMD1/ctl_reg_reg[0]/C
                            (rising edge-triggered cell FDRE clocked by clk_fpga_0  {rise@0.000ns fall@5.000ns period=10.000ns})
  Destination:            dbg_hub/inst/BSCANID.u_xsdbm_id/CORE_XSDB.UUT_MASTER/U_XSDB_BUS_CONTROLLER/clr_rd_req_reg/CLR
                            (recovery check against rising-edge clock clk_fpga_0  {rise@0.000ns fall@5.000ns period=10.000ns})
  Path Group:             **async_default**
  Path Type:              Recovery (Max at Slow Process Corner)
  Requirement:            10.000ns  (clk_fpga_0 rise@10.000ns - clk_fpga_0 rise@0.000ns)
  Data Path Delay:        2.230ns  (logic 0.518ns (23.225%)  route 1.712ns (76.775%))
  Logic Levels:           0  
  Clock Path Skew:        -0.113ns (DCD - SCD + CPR)
    Destination Clock Delay (DCD):    2.887ns = ( 12.887 - 10.000 ) 
    Source Clock Delay      (SCD):    3.247ns
    Clock Pessimism Removal (CPR):    0.247ns
  Clock Uncertainty:      0.154ns  ((TSJ^2 + TIJ^2)^1/2 + DJ) / 2 + PE
    Total System Jitter     (TSJ):    0.071ns
    Total Input Jitter      (TIJ):    0.300ns
    Discrete Jitter          (DJ):    0.000ns
    Phase Error              (PE):    0.000ns

    Location             Delay type                Incr(ns)  Path(ns)    Netlist Resource(s)
  -------------------------------------------------------------------    -------------------
                         (clock clk_fpga_0 rise edge)
                                                      0.000     0.000 r  
    PS7_X0Y0             PS7                          0.000     0.000 r  design_1_i/processing_system7_0/inst/PS7_i/FCLKCLK[0]
                         net (fo=1, routed)           1.193     1.193    design_1_i/processing_system7_0/inst/FCLK_CLK_unbuffered[0]
    BUFGCTRL_X0Y17       BUFG (Prop_bufg_I_O)         0.101     1.294 r  design_1_i/processing_system7_0/inst/buffer_fclk_clk_0.FCLK_CLK_0_BUFG/O
                         net (fo=21728, routed)       1.953     3.247    dbg_hub/inst/BSCANID.u_xsdbm_id/CORE_XSDB.UUT_MASTER/U_ICON_INTERFACE/U_CMD1/clk
    SLICE_X90Y124        FDRE                                         r  dbg_hub/inst/BSCANID.u_xsdbm_id/CORE_XSDB.UUT_MASTER/U_ICON_INTERFACE/U_CMD1/ctl_reg_reg[0]/C
  -------------------------------------------------------------------    -------------------
    SLICE_X90Y124        FDRE (Prop_fdre_C_Q)         0.518     3.765 f  dbg_hub/inst/BSCANID.u_xsdbm_id/CORE_XSDB.UUT_MASTER/U_ICON_INTERFACE/U_CMD1/ctl_reg_reg[0]/Q
                         net (fo=162, routed)         1.712     5.477    dbg_hub/inst/BSCANID.u_xsdbm_id/CORE_XSDB.UUT_MASTER/U_XSDB_BUS_CONTROLLER/out[0]
    SLICE_X85Y128        FDCE                                         f  dbg_hub/inst/BSCANID.u_xsdbm_id/CORE_XSDB.UUT_MASTER/U_XSDB_BUS_CONTROLLER/clr_rd_req_reg/CLR
  -------------------------------------------------------------------    -------------------

                         (clock clk_fpga_0 rise edge)
                                                     10.000    10.000 r  
    PS7_X0Y0             PS7                          0.000    10.000 r  design_1_i/processing_system7_0/inst/PS7_i/FCLKCLK[0]
                         net (fo=1, routed)           1.088    11.088    design_1_i/processing_system7_0/inst/FCLK_CLK_unbuffered[0]
    BUFGCTRL_X0Y17       BUFG (Prop_bufg_I_O)         0.091    11.179 r  design_1_i/processing_system7_0/inst/buffer_fclk_clk_0.FCLK_CLK_0_BUFG/O
                         net (fo=21728, routed)       1.708    12.887    dbg_hub/inst/BSCANID.u_xsdbm_id/CORE_XSDB.UUT_MASTER/U_XSDB_BUS_CONTROLLER/clk
    SLICE_X85Y128        FDCE                                         r  dbg_hub/inst/BSCANID.u_xsdbm_id/CORE_XSDB.UUT_MASTER/U_XSDB_BUS_CONTROLLER/clr_rd_req_reg/C
                         clock pessimism              0.247    13.134    
                         clock uncertainty           -0.154    12.980    
    SLICE_X85Y128        FDCE (Recov_fdce_C_CLR)     -0.405    12.575    dbg_hub/inst/BSCANID.u_xsdbm_id/CORE_XSDB.UUT_MASTER/U_XSDB_BUS_CONTROLLER/clr_rd_req_reg
  -------------------------------------------------------------------
                         required time                         12.575    
                         arrival time                          -5.477    
  -------------------------------------------------------------------
                         slack                                  7.098    

Slack (MET) :             7.098ns  (required time - arrival time)
  Source:                 dbg_hub/inst/BSCANID.u_xsdbm_id/CORE_XSDB.UUT_MASTER/U_ICON_INTERFACE/U_CMD1/ctl_reg_reg[0]/C
                            (rising edge-triggered cell FDRE clocked by clk_fpga_0  {rise@0.000ns fall@5.000ns period=10.000ns})
  Destination:            dbg_hub/inst/BSCANID.u_xsdbm_id/CORE_XSDB.UUT_MASTER/U_XSDB_BUS_CONTROLLER/in_normal_mode_reg/CLR
                            (recovery check against rising-edge clock clk_fpga_0  {rise@0.000ns fall@5.000ns period=10.000ns})
  Path Group:             **async_default**
  Path Type:              Recovery (Max at Slow Process Corner)
  Requirement:            10.000ns  (clk_fpga_0 rise@10.000ns - clk_fpga_0 rise@0.000ns)
  Data Path Delay:        2.230ns  (logic 0.518ns (23.225%)  route 1.712ns (76.775%))
  Logic Levels:           0  
  Clock Path Skew:        -0.113ns (DCD - SCD + CPR)
    Destination Clock Delay (DCD):    2.887ns = ( 12.887 - 10.000 ) 
    Source Clock Delay      (SCD):    3.247ns
    Clock Pessimism Removal (CPR):    0.247ns
  Clock Uncertainty:      0.154ns  ((TSJ^2 + TIJ^2)^1/2 + DJ) / 2 + PE
    Total System Jitter     (TSJ):    0.071ns
    Total Input Jitter      (TIJ):    0.300ns
    Discrete Jitter          (DJ):    0.000ns
    Phase Error              (PE):    0.000ns

    Location             Delay type                Incr(ns)  Path(ns)    Netlist Resource(s)
  -------------------------------------------------------------------    -------------------
                         (clock clk_fpga_0 rise edge)
                                                      0.000     0.000 r  
    PS7_X0Y0             PS7                          0.000     0.000 r  design_1_i/processing_system7_0/inst/PS7_i/FCLKCLK[0]
                         net (fo=1, routed)           1.193     1.193    design_1_i/processing_system7_0/inst/FCLK_CLK_unbuffered[0]
    BUFGCTRL_X0Y17       BUFG (Prop_bufg_I_O)         0.101     1.294 r  design_1_i/processing_system7_0/inst/buffer_fclk_clk_0.FCLK_CLK_0_BUFG/O
                         net (fo=21728, routed)       1.953     3.247    dbg_hub/inst/BSCANID.u_xsdbm_id/CORE_XSDB.UUT_MASTER/U_ICON_INTERFACE/U_CMD1/clk
    SLICE_X90Y124        FDRE                                         r  dbg_hub/inst/BSCANID.u_xsdbm_id/CORE_XSDB.UUT_MASTER/U_ICON_INTERFACE/U_CMD1/ctl_reg_reg[0]/C
  -------------------------------------------------------------------    -------------------
    SLICE_X90Y124        FDRE (Prop_fdre_C_Q)         0.518     3.765 f  dbg_hub/inst/BSCANID.u_xsdbm_id/CORE_XSDB.UUT_MASTER/U_ICON_INTERFACE/U_CMD1/ctl_reg_reg[0]/Q
                         net (fo=162, routed)         1.712     5.477    dbg_hub/inst/BSCANID.u_xsdbm_id/CORE_XSDB.UUT_MASTER/U_XSDB_BUS_CONTROLLER/out[0]
    SLICE_X85Y128        FDCE                                         f  dbg_hub/inst/BSCANID.u_xsdbm_id/CORE_XSDB.UUT_MASTER/U_XSDB_BUS_CONTROLLER/in_normal_mode_reg/CLR
  -------------------------------------------------------------------    -------------------

                         (clock clk_fpga_0 rise edge)
                                                     10.000    10.000 r  
    PS7_X0Y0             PS7                          0.000    10.000 r  design_1_i/processing_system7_0/inst/PS7_i/FCLKCLK[0]
                         net (fo=1, routed)           1.088    11.088    design_1_i/processing_system7_0/inst/FCLK_CLK_unbuffered[0]
    BUFGCTRL_X0Y17       BUFG (Prop_bufg_I_O)         0.091    11.179 r  design_1_i/processing_system7_0/inst/buffer_fclk_clk_0.FCLK_CLK_0_BUFG/O
                         net (fo=21728, routed)       1.708    12.887    dbg_hub/inst/BSCANID.u_xsdbm_id/CORE_XSDB.UUT_MASTER/U_XSDB_BUS_CONTROLLER/clk
    SLICE_X85Y128        FDCE                                         r  dbg_hub/inst/BSCANID.u_xsdbm_id/CORE_XSDB.UUT_MASTER/U_XSDB_BUS_CONTROLLER/in_normal_mode_reg/C
                         clock pessimism              0.247    13.134    
                         clock uncertainty           -0.154    12.980    
    SLICE_X85Y128        FDCE (Recov_fdce_C_CLR)     -0.405    12.575    dbg_hub/inst/BSCANID.u_xsdbm_id/CORE_XSDB.UUT_MASTER/U_XSDB_BUS_CONTROLLER/in_normal_mode_reg
  -------------------------------------------------------------------
                         required time                         12.575    
                         arrival time                          -5.477    
  -------------------------------------------------------------------
                         slack                                  7.098    





Min Delay Paths
--------------------------------------------------------------------------------------
Slack (MET) :             0.357ns  (arrival time - required time)
  Source:                 dbg_hub/inst/BSCANID.u_xsdbm_id/CORE_XSDB.UUT_MASTER/U_ICON_INTERFACE/U_CMD6_WR/U_WR_FIFO/SUBCORE_FIFO.xsdbm_v3_0_0_wrfifo_inst/inst_fifo_gen/gconvfifo.rf/grf.rf/rstblk/ngwrdrst.grst.g7serrst.rd_rst_reg_reg[1]/C
                            (rising edge-triggered cell FDPE clocked by clk_fpga_0  {rise@0.000ns fall@5.000ns period=10.000ns})
  Destination:            dbg_hub/inst/BSCANID.u_xsdbm_id/CORE_XSDB.UUT_MASTER/U_ICON_INTERFACE/U_CMD6_WR/U_WR_FIFO/SUBCORE_FIFO.xsdbm_v3_0_0_wrfifo_inst/inst_fifo_gen/gconvfifo.rf/grf.rf/gntv_or_sync_fifo.gcx.clkx/gnxpm_cdc.gsync_stage[1].rd_stg_inst/Q_reg_reg[1]/CLR
                            (removal check against rising-edge clock clk_fpga_0  {rise@0.000ns fall@5.000ns period=10.000ns})
  Path Group:             **async_default**
  Path Type:              Removal (Min at Fast Process Corner)
  Requirement:            0.000ns  (clk_fpga_0 rise@0.000ns - clk_fpga_0 rise@0.000ns)
  Data Path Delay:        0.305ns  (logic 0.164ns (53.792%)  route 0.141ns (46.208%))
  Logic Levels:           0  
  Clock Path Skew:        0.015ns (DCD - SCD - CPR)
    Destination Clock Delay (DCD):    1.291ns
    Source Clock Delay      (SCD):    0.989ns
    Clock Pessimism Removal (CPR):    0.287ns

    Location             Delay type                Incr(ns)  Path(ns)    Netlist Resource(s)
  -------------------------------------------------------------------    -------------------
                         (clock clk_fpga_0 rise edge)
                                                      0.000     0.000 r  
    PS7_X0Y0             PS7                          0.000     0.000 r  design_1_i/processing_system7_0/inst/PS7_i/FCLKCLK[0]
                         net (fo=1, routed)           0.310     0.310    design_1_i/processing_system7_0/inst/FCLK_CLK_unbuffered[0]
    BUFGCTRL_X0Y17       BUFG (Prop_bufg_I_O)         0.026     0.336 r  design_1_i/processing_system7_0/inst/buffer_fclk_clk_0.FCLK_CLK_0_BUFG/O
                         net (fo=21728, routed)       0.653     0.989    dbg_hub/inst/BSCANID.u_xsdbm_id/CORE_XSDB.UUT_MASTER/U_ICON_INTERFACE/U_CMD6_WR/U_WR_FIFO/SUBCORE_FIFO.xsdbm_v3_0_0_wrfifo_inst/inst_fifo_gen/gconvfifo.rf/grf.rf/rstblk/rd_clk
    SLICE_X82Y123        FDPE                                         r  dbg_hub/inst/BSCANID.u_xsdbm_id/CORE_XSDB.UUT_MASTER/U_ICON_INTERFACE/U_CMD6_WR/U_WR_FIFO/SUBCORE_FIFO.xsdbm_v3_0_0_wrfifo_inst/inst_fifo_gen/gconvfifo.rf/grf.rf/rstblk/ngwrdrst.grst.g7serrst.rd_rst_reg_reg[1]/C
  -------------------------------------------------------------------    -------------------
    SLICE_X82Y123        FDPE (Prop_fdpe_C_Q)         0.164     1.153 f  dbg_hub/inst/BSCANID.u_xsdbm_id/CORE_XSDB.UUT_MASTER/U_ICON_INTERFACE/U_CMD6_WR/U_WR_FIFO/SUBCORE_FIFO.xsdbm_v3_0_0_wrfifo_inst/inst_fifo_gen/gconvfifo.rf/grf.rf/rstblk/ngwrdrst.grst.g7serrst.rd_rst_reg_reg[1]/Q
                         net (fo=16, routed)          0.141     1.294    dbg_hub/inst/BSCANID.u_xsdbm_id/CORE_XSDB.UUT_MASTER/U_ICON_INTERFACE/U_CMD6_WR/U_WR_FIFO/SUBCORE_FIFO.xsdbm_v3_0_0_wrfifo_inst/inst_fifo_gen/gconvfifo.rf/grf.rf/gntv_or_sync_fifo.gcx.clkx/gnxpm_cdc.gsync_stage[1].rd_stg_inst/Q_reg_reg[0]_0[0]
    SLICE_X82Y122        FDCE                                         f  dbg_hub/inst/BSCANID.u_xsdbm_id/CORE_XSDB.UUT_MASTER/U_ICON_INTERFACE/U_CMD6_WR/U_WR_FIFO/SUBCORE_FIFO.xsdbm_v3_0_0_wrfifo_inst/inst_fifo_gen/gconvfifo.rf/grf.rf/gntv_or_sync_fifo.gcx.clkx/gnxpm_cdc.gsync_stage[1].rd_stg_inst/Q_reg_reg[1]/CLR
  -------------------------------------------------------------------    -------------------

                         (clock clk_fpga_0 rise edge)
                                                      0.000     0.000 r  
    PS7_X0Y0             PS7                          0.000     0.000 r  design_1_i/processing_system7_0/inst/PS7_i/FCLKCLK[0]
                         net (fo=1, routed)           0.337     0.337    design_1_i/processing_system7_0/inst/FCLK_CLK_unbuffered[0]
    BUFGCTRL_X0Y17       BUFG (Prop_bufg_I_O)         0.029     0.366 r  design_1_i/processing_system7_0/inst/buffer_fclk_clk_0.FCLK_CLK_0_BUFG/O
                         net (fo=21728, routed)       0.925     1.291    dbg_hub/inst/BSCANID.u_xsdbm_id/CORE_XSDB.UUT_MASTER/U_ICON_INTERFACE/U_CMD6_WR/U_WR_FIFO/SUBCORE_FIFO.xsdbm_v3_0_0_wrfifo_inst/inst_fifo_gen/gconvfifo.rf/grf.rf/gntv_or_sync_fifo.gcx.clkx/gnxpm_cdc.gsync_stage[1].rd_stg_inst/rd_clk
    SLICE_X82Y122        FDCE                                         r  dbg_hub/inst/BSCANID.u_xsdbm_id/CORE_XSDB.UUT_MASTER/U_ICON_INTERFACE/U_CMD6_WR/U_WR_FIFO/SUBCORE_FIFO.xsdbm_v3_0_0_wrfifo_inst/inst_fifo_gen/gconvfifo.rf/grf.rf/gntv_or_sync_fifo.gcx.clkx/gnxpm_cdc.gsync_stage[1].rd_stg_inst/Q_reg_reg[1]/C
                         clock pessimism             -0.287     1.004    
    SLICE_X82Y122        FDCE (Remov_fdce_C_CLR)     -0.067     0.937    dbg_hub/inst/BSCANID.u_xsdbm_id/CORE_XSDB.UUT_MASTER/U_ICON_INTERFACE/U_CMD6_WR/U_WR_FIFO/SUBCORE_FIFO.xsdbm_v3_0_0_wrfifo_inst/inst_fifo_gen/gconvfifo.rf/grf.rf/gntv_or_sync_fifo.gcx.clkx/gnxpm_cdc.gsync_stage[1].rd_stg_inst/Q_reg_reg[1]
  -------------------------------------------------------------------
                         required time                         -0.937    
                         arrival time                           1.294    
  -------------------------------------------------------------------
                         slack                                  0.357    

Slack (MET) :             0.357ns  (arrival time - required time)
  Source:                 dbg_hub/inst/BSCANID.u_xsdbm_id/CORE_XSDB.UUT_MASTER/U_ICON_INTERFACE/U_CMD6_WR/U_WR_FIFO/SUBCORE_FIFO.xsdbm_v3_0_0_wrfifo_inst/inst_fifo_gen/gconvfifo.rf/grf.rf/rstblk/ngwrdrst.grst.g7serrst.rd_rst_reg_reg[1]/C
                            (rising edge-triggered cell FDPE clocked by clk_fpga_0  {rise@0.000ns fall@5.000ns period=10.000ns})
  Destination:            dbg_hub/inst/BSCANID.u_xsdbm_id/CORE_XSDB.UUT_MASTER/U_ICON_INTERFACE/U_CMD6_WR/U_WR_FIFO/SUBCORE_FIFO.xsdbm_v3_0_0_wrfifo_inst/inst_fifo_gen/gconvfifo.rf/grf.rf/gntv_or_sync_fifo.gcx.clkx/gnxpm_cdc.gsync_stage[1].rd_stg_inst/Q_reg_reg[3]/CLR
                            (removal check against rising-edge clock clk_fpga_0  {rise@0.000ns fall@5.000ns period=10.000ns})
  Path Group:             **async_default**
  Path Type:              Removal (Min at Fast Process Corner)
  Requirement:            0.000ns  (clk_fpga_0 rise@0.000ns - clk_fpga_0 rise@0.000ns)
  Data Path Delay:        0.305ns  (logic 0.164ns (53.792%)  route 0.141ns (46.208%))
  Logic Levels:           0  
  Clock Path Skew:        0.015ns (DCD - SCD - CPR)
    Destination Clock Delay (DCD):    1.291ns
    Source Clock Delay      (SCD):    0.989ns
    Clock Pessimism Removal (CPR):    0.287ns

    Location             Delay type                Incr(ns)  Path(ns)    Netlist Resource(s)
  -------------------------------------------------------------------    -------------------
                         (clock clk_fpga_0 rise edge)
                                                      0.000     0.000 r  
    PS7_X0Y0             PS7                          0.000     0.000 r  design_1_i/processing_system7_0/inst/PS7_i/FCLKCLK[0]
                         net (fo=1, routed)           0.310     0.310    design_1_i/processing_system7_0/inst/FCLK_CLK_unbuffered[0]
    BUFGCTRL_X0Y17       BUFG (Prop_bufg_I_O)         0.026     0.336 r  design_1_i/processing_system7_0/inst/buffer_fclk_clk_0.FCLK_CLK_0_BUFG/O
                         net (fo=21728, routed)       0.653     0.989    dbg_hub/inst/BSCANID.u_xsdbm_id/CORE_XSDB.UUT_MASTER/U_ICON_INTERFACE/U_CMD6_WR/U_WR_FIFO/SUBCORE_FIFO.xsdbm_v3_0_0_wrfifo_inst/inst_fifo_gen/gconvfifo.rf/grf.rf/rstblk/rd_clk
    SLICE_X82Y123        FDPE                                         r  dbg_hub/inst/BSCANID.u_xsdbm_id/CORE_XSDB.UUT_MASTER/U_ICON_INTERFACE/U_CMD6_WR/U_WR_FIFO/SUBCORE_FIFO.xsdbm_v3_0_0_wrfifo_inst/inst_fifo_gen/gconvfifo.rf/grf.rf/rstblk/ngwrdrst.grst.g7serrst.rd_rst_reg_reg[1]/C
  -------------------------------------------------------------------    -------------------
    SLICE_X82Y123        FDPE (Prop_fdpe_C_Q)         0.164     1.153 f  dbg_hub/inst/BSCANID.u_xsdbm_id/CORE_XSDB.UUT_MASTER/U_ICON_INTERFACE/U_CMD6_WR/U_WR_FIFO/SUBCORE_FIFO.xsdbm_v3_0_0_wrfifo_inst/inst_fifo_gen/gconvfifo.rf/grf.rf/rstblk/ngwrdrst.grst.g7serrst.rd_rst_reg_reg[1]/Q
                         net (fo=16, routed)          0.141     1.294    dbg_hub/inst/BSCANID.u_xsdbm_id/CORE_XSDB.UUT_MASTER/U_ICON_INTERFACE/U_CMD6_WR/U_WR_FIFO/SUBCORE_FIFO.xsdbm_v3_0_0_wrfifo_inst/inst_fifo_gen/gconvfifo.rf/grf.rf/gntv_or_sync_fifo.gcx.clkx/gnxpm_cdc.gsync_stage[1].rd_stg_inst/Q_reg_reg[0]_0[0]
    SLICE_X82Y122        FDCE                                         f  dbg_hub/inst/BSCANID.u_xsdbm_id/CORE_XSDB.UUT_MASTER/U_ICON_INTERFACE/U_CMD6_WR/U_WR_FIFO/SUBCORE_FIFO.xsdbm_v3_0_0_wrfifo_inst/inst_fifo_gen/gconvfifo.rf/grf.rf/gntv_or_sync_fifo.gcx.clkx/gnxpm_cdc.gsync_stage[1].rd_stg_inst/Q_reg_reg[3]/CLR
  -------------------------------------------------------------------    -------------------

                         (clock clk_fpga_0 rise edge)
                                                      0.000     0.000 r  
    PS7_X0Y0             PS7                          0.000     0.000 r  design_1_i/processing_system7_0/inst/PS7_i/FCLKCLK[0]
                         net (fo=1, routed)           0.337     0.337    design_1_i/processing_system7_0/inst/FCLK_CLK_unbuffered[0]
    BUFGCTRL_X0Y17       BUFG (Prop_bufg_I_O)         0.029     0.366 r  design_1_i/processing_system7_0/inst/buffer_fclk_clk_0.FCLK_CLK_0_BUFG/O
                         net (fo=21728, routed)       0.925     1.291    dbg_hub/inst/BSCANID.u_xsdbm_id/CORE_XSDB.UUT_MASTER/U_ICON_INTERFACE/U_CMD6_WR/U_WR_FIFO/SUBCORE_FIFO.xsdbm_v3_0_0_wrfifo_inst/inst_fifo_gen/gconvfifo.rf/grf.rf/gntv_or_sync_fifo.gcx.clkx/gnxpm_cdc.gsync_stage[1].rd_stg_inst/rd_clk
    SLICE_X82Y122        FDCE                                         r  dbg_hub/inst/BSCANID.u_xsdbm_id/CORE_XSDB.UUT_MASTER/U_ICON_INTERFACE/U_CMD6_WR/U_WR_FIFO/SUBCORE_FIFO.xsdbm_v3_0_0_wrfifo_inst/inst_fifo_gen/gconvfifo.rf/grf.rf/gntv_or_sync_fifo.gcx.clkx/gnxpm_cdc.gsync_stage[1].rd_stg_inst/Q_reg_reg[3]/C
                         clock pessimism             -0.287     1.004    
    SLICE_X82Y122        FDCE (Remov_fdce_C_CLR)     -0.067     0.937    dbg_hub/inst/BSCANID.u_xsdbm_id/CORE_XSDB.UUT_MASTER/U_ICON_INTERFACE/U_CMD6_WR/U_WR_FIFO/SUBCORE_FIFO.xsdbm_v3_0_0_wrfifo_inst/inst_fifo_gen/gconvfifo.rf/grf.rf/gntv_or_sync_fifo.gcx.clkx/gnxpm_cdc.gsync_stage[1].rd_stg_inst/Q_reg_reg[3]
  -------------------------------------------------------------------
                         required time                         -0.937    
                         arrival time                           1.294    
  -------------------------------------------------------------------
                         slack                                  0.357    

Slack (MET) :             0.357ns  (arrival time - required time)
  Source:                 dbg_hub/inst/BSCANID.u_xsdbm_id/CORE_XSDB.UUT_MASTER/U_ICON_INTERFACE/U_CMD6_WR/U_WR_FIFO/SUBCORE_FIFO.xsdbm_v3_0_0_wrfifo_inst/inst_fifo_gen/gconvfifo.rf/grf.rf/rstblk/ngwrdrst.grst.g7serrst.rd_rst_reg_reg[1]/C
                            (rising edge-triggered cell FDPE clocked by clk_fpga_0  {rise@0.000ns fall@5.000ns period=10.000ns})
  Destination:            dbg_hub/inst/BSCANID.u_xsdbm_id/CORE_XSDB.UUT_MASTER/U_ICON_INTERFACE/U_CMD6_WR/U_WR_FIFO/SUBCORE_FIFO.xsdbm_v3_0_0_wrfifo_inst/inst_fifo_gen/gconvfifo.rf/grf.rf/gntv_or_sync_fifo.gcx.clkx/gnxpm_cdc.gsync_stage[2].rd_stg_inst/Q_reg_reg[1]/CLR
                            (removal check against rising-edge clock clk_fpga_0  {rise@0.000ns fall@5.000ns period=10.000ns})
  Path Group:             **async_default**
  Path Type:              Removal (Min at Fast Process Corner)
  Requirement:            0.000ns  (clk_fpga_0 rise@0.000ns - clk_fpga_0 rise@0.000ns)
  Data Path Delay:        0.305ns  (logic 0.164ns (53.792%)  route 0.141ns (46.208%))
  Logic Levels:           0  
  Clock Path Skew:        0.015ns (DCD - SCD - CPR)
    Destination Clock Delay (DCD):    1.291ns
    Source Clock Delay      (SCD):    0.989ns
    Clock Pessimism Removal (CPR):    0.287ns

    Location             Delay type                Incr(ns)  Path(ns)    Netlist Resource(s)
  -------------------------------------------------------------------    -------------------
                         (clock clk_fpga_0 rise edge)
                                                      0.000     0.000 r  
    PS7_X0Y0             PS7                          0.000     0.000 r  design_1_i/processing_system7_0/inst/PS7_i/FCLKCLK[0]
                         net (fo=1, routed)           0.310     0.310    design_1_i/processing_system7_0/inst/FCLK_CLK_unbuffered[0]
    BUFGCTRL_X0Y17       BUFG (Prop_bufg_I_O)         0.026     0.336 r  design_1_i/processing_system7_0/inst/buffer_fclk_clk_0.FCLK_CLK_0_BUFG/O
                         net (fo=21728, routed)       0.653     0.989    dbg_hub/inst/BSCANID.u_xsdbm_id/CORE_XSDB.UUT_MASTER/U_ICON_INTERFACE/U_CMD6_WR/U_WR_FIFO/SUBCORE_FIFO.xsdbm_v3_0_0_wrfifo_inst/inst_fifo_gen/gconvfifo.rf/grf.rf/rstblk/rd_clk
    SLICE_X82Y123        FDPE                                         r  dbg_hub/inst/BSCANID.u_xsdbm_id/CORE_XSDB.UUT_MASTER/U_ICON_INTERFACE/U_CMD6_WR/U_WR_FIFO/SUBCORE_FIFO.xsdbm_v3_0_0_wrfifo_inst/inst_fifo_gen/gconvfifo.rf/grf.rf/rstblk/ngwrdrst.grst.g7serrst.rd_rst_reg_reg[1]/C
  -------------------------------------------------------------------    -------------------
    SLICE_X82Y123        FDPE (Prop_fdpe_C_Q)         0.164     1.153 f  dbg_hub/inst/BSCANID.u_xsdbm_id/CORE_XSDB.UUT_MASTER/U_ICON_INTERFACE/U_CMD6_WR/U_WR_FIFO/SUBCORE_FIFO.xsdbm_v3_0_0_wrfifo_inst/inst_fifo_gen/gconvfifo.rf/grf.rf/rstblk/ngwrdrst.grst.g7serrst.rd_rst_reg_reg[1]/Q
                         net (fo=16, routed)          0.141     1.294    dbg_hub/inst/BSCANID.u_xsdbm_id/CORE_XSDB.UUT_MASTER/U_ICON_INTERFACE/U_CMD6_WR/U_WR_FIFO/SUBCORE_FIFO.xsdbm_v3_0_0_wrfifo_inst/inst_fifo_gen/gconvfifo.rf/grf.rf/gntv_or_sync_fifo.gcx.clkx/gnxpm_cdc.gsync_stage[2].rd_stg_inst/Q_reg_reg[0]_0[0]
    SLICE_X82Y122        FDCE                                         f  dbg_hub/inst/BSCANID.u_xsdbm_id/CORE_XSDB.UUT_MASTER/U_ICON_INTERFACE/U_CMD6_WR/U_WR_FIFO/SUBCORE_FIFO.xsdbm_v3_0_0_wrfifo_inst/inst_fifo_gen/gconvfifo.rf/grf.rf/gntv_or_sync_fifo.gcx.clkx/gnxpm_cdc.gsync_stage[2].rd_stg_inst/Q_reg_reg[1]/CLR
  -------------------------------------------------------------------    -------------------

                         (clock clk_fpga_0 rise edge)
                                                      0.000     0.000 r  
    PS7_X0Y0             PS7                          0.000     0.000 r  design_1_i/processing_system7_0/inst/PS7_i/FCLKCLK[0]
                         net (fo=1, routed)           0.337     0.337    design_1_i/processing_system7_0/inst/FCLK_CLK_unbuffered[0]
    BUFGCTRL_X0Y17       BUFG (Prop_bufg_I_O)         0.029     0.366 r  design_1_i/processing_system7_0/inst/buffer_fclk_clk_0.FCLK_CLK_0_BUFG/O
                         net (fo=21728, routed)       0.925     1.291    dbg_hub/inst/BSCANID.u_xsdbm_id/CORE_XSDB.UUT_MASTER/U_ICON_INTERFACE/U_CMD6_WR/U_WR_FIFO/SUBCORE_FIFO.xsdbm_v3_0_0_wrfifo_inst/inst_fifo_gen/gconvfifo.rf/grf.rf/gntv_or_sync_fifo.gcx.clkx/gnxpm_cdc.gsync_stage[2].rd_stg_inst/rd_clk
    SLICE_X82Y122        FDCE                                         r  dbg_hub/inst/BSCANID.u_xsdbm_id/CORE_XSDB.UUT_MASTER/U_ICON_INTERFACE/U_CMD6_WR/U_WR_FIFO/SUBCORE_FIFO.xsdbm_v3_0_0_wrfifo_inst/inst_fifo_gen/gconvfifo.rf/grf.rf/gntv_or_sync_fifo.gcx.clkx/gnxpm_cdc.gsync_stage[2].rd_stg_inst/Q_reg_reg[1]/C
                         clock pessimism             -0.287     1.004    
    SLICE_X82Y122        FDCE (Remov_fdce_C_CLR)     -0.067     0.937    dbg_hub/inst/BSCANID.u_xsdbm_id/CORE_XSDB.UUT_MASTER/U_ICON_INTERFACE/U_CMD6_WR/U_WR_FIFO/SUBCORE_FIFO.xsdbm_v3_0_0_wrfifo_inst/inst_fifo_gen/gconvfifo.rf/grf.rf/gntv_or_sync_fifo.gcx.clkx/gnxpm_cdc.gsync_stage[2].rd_stg_inst/Q_reg_reg[1]
  -------------------------------------------------------------------
                         required time                         -0.937    
                         arrival time                           1.294    
  -------------------------------------------------------------------
                         slack                                  0.357    

Slack (MET) :             0.357ns  (arrival time - required time)
  Source:                 dbg_hub/inst/BSCANID.u_xsdbm_id/CORE_XSDB.UUT_MASTER/U_ICON_INTERFACE/U_CMD6_WR/U_WR_FIFO/SUBCORE_FIFO.xsdbm_v3_0_0_wrfifo_inst/inst_fifo_gen/gconvfifo.rf/grf.rf/rstblk/ngwrdrst.grst.g7serrst.rd_rst_reg_reg[1]/C
                            (rising edge-triggered cell FDPE clocked by clk_fpga_0  {rise@0.000ns fall@5.000ns period=10.000ns})
  Destination:            dbg_hub/inst/BSCANID.u_xsdbm_id/CORE_XSDB.UUT_MASTER/U_ICON_INTERFACE/U_CMD6_WR/U_WR_FIFO/SUBCORE_FIFO.xsdbm_v3_0_0_wrfifo_inst/inst_fifo_gen/gconvfifo.rf/grf.rf/gntv_or_sync_fifo.gcx.clkx/gnxpm_cdc.gsync_stage[2].rd_stg_inst/Q_reg_reg[3]/CLR
                            (removal check against rising-edge clock clk_fpga_0  {rise@0.000ns fall@5.000ns period=10.000ns})
  Path Group:             **async_default**
  Path Type:              Removal (Min at Fast Process Corner)
  Requirement:            0.000ns  (clk_fpga_0 rise@0.000ns - clk_fpga_0 rise@0.000ns)
  Data Path Delay:        0.305ns  (logic 0.164ns (53.792%)  route 0.141ns (46.208%))
  Logic Levels:           0  
  Clock Path Skew:        0.015ns (DCD - SCD - CPR)
    Destination Clock Delay (DCD):    1.291ns
    Source Clock Delay      (SCD):    0.989ns
    Clock Pessimism Removal (CPR):    0.287ns

    Location             Delay type                Incr(ns)  Path(ns)    Netlist Resource(s)
  -------------------------------------------------------------------    -------------------
                         (clock clk_fpga_0 rise edge)
                                                      0.000     0.000 r  
    PS7_X0Y0             PS7                          0.000     0.000 r  design_1_i/processing_system7_0/inst/PS7_i/FCLKCLK[0]
                         net (fo=1, routed)           0.310     0.310    design_1_i/processing_system7_0/inst/FCLK_CLK_unbuffered[0]
    BUFGCTRL_X0Y17       BUFG (Prop_bufg_I_O)         0.026     0.336 r  design_1_i/processing_system7_0/inst/buffer_fclk_clk_0.FCLK_CLK_0_BUFG/O
                         net (fo=21728, routed)       0.653     0.989    dbg_hub/inst/BSCANID.u_xsdbm_id/CORE_XSDB.UUT_MASTER/U_ICON_INTERFACE/U_CMD6_WR/U_WR_FIFO/SUBCORE_FIFO.xsdbm_v3_0_0_wrfifo_inst/inst_fifo_gen/gconvfifo.rf/grf.rf/rstblk/rd_clk
    SLICE_X82Y123        FDPE                                         r  dbg_hub/inst/BSCANID.u_xsdbm_id/CORE_XSDB.UUT_MASTER/U_ICON_INTERFACE/U_CMD6_WR/U_WR_FIFO/SUBCORE_FIFO.xsdbm_v3_0_0_wrfifo_inst/inst_fifo_gen/gconvfifo.rf/grf.rf/rstblk/ngwrdrst.grst.g7serrst.rd_rst_reg_reg[1]/C
  -------------------------------------------------------------------    -------------------
    SLICE_X82Y123        FDPE (Prop_fdpe_C_Q)         0.164     1.153 f  dbg_hub/inst/BSCANID.u_xsdbm_id/CORE_XSDB.UUT_MASTER/U_ICON_INTERFACE/U_CMD6_WR/U_WR_FIFO/SUBCORE_FIFO.xsdbm_v3_0_0_wrfifo_inst/inst_fifo_gen/gconvfifo.rf/grf.rf/rstblk/ngwrdrst.grst.g7serrst.rd_rst_reg_reg[1]/Q
                         net (fo=16, routed)          0.141     1.294    dbg_hub/inst/BSCANID.u_xsdbm_id/CORE_XSDB.UUT_MASTER/U_ICON_INTERFACE/U_CMD6_WR/U_WR_FIFO/SUBCORE_FIFO.xsdbm_v3_0_0_wrfifo_inst/inst_fifo_gen/gconvfifo.rf/grf.rf/gntv_or_sync_fifo.gcx.clkx/gnxpm_cdc.gsync_stage[2].rd_stg_inst/Q_reg_reg[0]_0[0]
    SLICE_X82Y122        FDCE                                         f  dbg_hub/inst/BSCANID.u_xsdbm_id/CORE_XSDB.UUT_MASTER/U_ICON_INTERFACE/U_CMD6_WR/U_WR_FIFO/SUBCORE_FIFO.xsdbm_v3_0_0_wrfifo_inst/inst_fifo_gen/gconvfifo.rf/grf.rf/gntv_or_sync_fifo.gcx.clkx/gnxpm_cdc.gsync_stage[2].rd_stg_inst/Q_reg_reg[3]/CLR
  -------------------------------------------------------------------    -------------------

                         (clock clk_fpga_0 rise edge)
                                                      0.000     0.000 r  
    PS7_X0Y0             PS7                          0.000     0.000 r  design_1_i/processing_system7_0/inst/PS7_i/FCLKCLK[0]
                         net (fo=1, routed)           0.337     0.337    design_1_i/processing_system7_0/inst/FCLK_CLK_unbuffered[0]
    BUFGCTRL_X0Y17       BUFG (Prop_bufg_I_O)         0.029     0.366 r  design_1_i/processing_system7_0/inst/buffer_fclk_clk_0.FCLK_CLK_0_BUFG/O
                         net (fo=21728, routed)       0.925     1.291    dbg_hub/inst/BSCANID.u_xsdbm_id/CORE_XSDB.UUT_MASTER/U_ICON_INTERFACE/U_CMD6_WR/U_WR_FIFO/SUBCORE_FIFO.xsdbm_v3_0_0_wrfifo_inst/inst_fifo_gen/gconvfifo.rf/grf.rf/gntv_or_sync_fifo.gcx.clkx/gnxpm_cdc.gsync_stage[2].rd_stg_inst/rd_clk
    SLICE_X82Y122        FDCE                                         r  dbg_hub/inst/BSCANID.u_xsdbm_id/CORE_XSDB.UUT_MASTER/U_ICON_INTERFACE/U_CMD6_WR/U_WR_FIFO/SUBCORE_FIFO.xsdbm_v3_0_0_wrfifo_inst/inst_fifo_gen/gconvfifo.rf/grf.rf/gntv_or_sync_fifo.gcx.clkx/gnxpm_cdc.gsync_stage[2].rd_stg_inst/Q_reg_reg[3]/C
                         clock pessimism             -0.287     1.004    
    SLICE_X82Y122        FDCE (Remov_fdce_C_CLR)     -0.067     0.937    dbg_hub/inst/BSCANID.u_xsdbm_id/CORE_XSDB.UUT_MASTER/U_ICON_INTERFACE/U_CMD6_WR/U_WR_FIFO/SUBCORE_FIFO.xsdbm_v3_0_0_wrfifo_inst/inst_fifo_gen/gconvfifo.rf/grf.rf/gntv_or_sync_fifo.gcx.clkx/gnxpm_cdc.gsync_stage[2].rd_stg_inst/Q_reg_reg[3]
  -------------------------------------------------------------------
                         required time                         -0.937    
                         arrival time                           1.294    
  -------------------------------------------------------------------
                         slack                                  0.357    

Slack (MET) :             0.357ns  (arrival time - required time)
  Source:                 dbg_hub/inst/BSCANID.u_xsdbm_id/CORE_XSDB.UUT_MASTER/U_ICON_INTERFACE/U_CMD6_WR/U_WR_FIFO/SUBCORE_FIFO.xsdbm_v3_0_0_wrfifo_inst/inst_fifo_gen/gconvfifo.rf/grf.rf/rstblk/ngwrdrst.grst.g7serrst.rd_rst_reg_reg[1]/C
                            (rising edge-triggered cell FDPE clocked by clk_fpga_0  {rise@0.000ns fall@5.000ns period=10.000ns})
  Destination:            dbg_hub/inst/BSCANID.u_xsdbm_id/CORE_XSDB.UUT_MASTER/U_ICON_INTERFACE/U_CMD6_WR/U_WR_FIFO/SUBCORE_FIFO.xsdbm_v3_0_0_wrfifo_inst/inst_fifo_gen/gconvfifo.rf/grf.rf/gntv_or_sync_fifo.gcx.clkx/gnxpm_cdc.rd_pntr_gc_reg[1]/CLR
                            (removal check against rising-edge clock clk_fpga_0  {rise@0.000ns fall@5.000ns period=10.000ns})
  Path Group:             **async_default**
  Path Type:              Removal (Min at Fast Process Corner)
  Requirement:            0.000ns  (clk_fpga_0 rise@0.000ns - clk_fpga_0 rise@0.000ns)
  Data Path Delay:        0.305ns  (logic 0.164ns (53.792%)  route 0.141ns (46.208%))
  Logic Levels:           0  
  Clock Path Skew:        0.015ns (DCD - SCD - CPR)
    Destination Clock Delay (DCD):    1.291ns
    Source Clock Delay      (SCD):    0.989ns
    Clock Pessimism Removal (CPR):    0.287ns

    Location             Delay type                Incr(ns)  Path(ns)    Netlist Resource(s)
  -------------------------------------------------------------------    -------------------
                         (clock clk_fpga_0 rise edge)
                                                      0.000     0.000 r  
    PS7_X0Y0             PS7                          0.000     0.000 r  design_1_i/processing_system7_0/inst/PS7_i/FCLKCLK[0]
                         net (fo=1, routed)           0.310     0.310    design_1_i/processing_system7_0/inst/FCLK_CLK_unbuffered[0]
    BUFGCTRL_X0Y17       BUFG (Prop_bufg_I_O)         0.026     0.336 r  design_1_i/processing_system7_0/inst/buffer_fclk_clk_0.FCLK_CLK_0_BUFG/O
                         net (fo=21728, routed)       0.653     0.989    dbg_hub/inst/BSCANID.u_xsdbm_id/CORE_XSDB.UUT_MASTER/U_ICON_INTERFACE/U_CMD6_WR/U_WR_FIFO/SUBCORE_FIFO.xsdbm_v3_0_0_wrfifo_inst/inst_fifo_gen/gconvfifo.rf/grf.rf/rstblk/rd_clk
    SLICE_X82Y123        FDPE                                         r  dbg_hub/inst/BSCANID.u_xsdbm_id/CORE_XSDB.UUT_MASTER/U_ICON_INTERFACE/U_CMD6_WR/U_WR_FIFO/SUBCORE_FIFO.xsdbm_v3_0_0_wrfifo_inst/inst_fifo_gen/gconvfifo.rf/grf.rf/rstblk/ngwrdrst.grst.g7serrst.rd_rst_reg_reg[1]/C
  -------------------------------------------------------------------    -------------------
    SLICE_X82Y123        FDPE (Prop_fdpe_C_Q)         0.164     1.153 f  dbg_hub/inst/BSCANID.u_xsdbm_id/CORE_XSDB.UUT_MASTER/U_ICON_INTERFACE/U_CMD6_WR/U_WR_FIFO/SUBCORE_FIFO.xsdbm_v3_0_0_wrfifo_inst/inst_fifo_gen/gconvfifo.rf/grf.rf/rstblk/ngwrdrst.grst.g7serrst.rd_rst_reg_reg[1]/Q
                         net (fo=16, routed)          0.141     1.294    dbg_hub/inst/BSCANID.u_xsdbm_id/CORE_XSDB.UUT_MASTER/U_ICON_INTERFACE/U_CMD6_WR/U_WR_FIFO/SUBCORE_FIFO.xsdbm_v3_0_0_wrfifo_inst/inst_fifo_gen/gconvfifo.rf/grf.rf/gntv_or_sync_fifo.gcx.clkx/Q_reg_reg[0][0]
    SLICE_X82Y122        FDCE                                         f  dbg_hub/inst/BSCANID.u_xsdbm_id/CORE_XSDB.UUT_MASTER/U_ICON_INTERFACE/U_CMD6_WR/U_WR_FIFO/SUBCORE_FIFO.xsdbm_v3_0_0_wrfifo_inst/inst_fifo_gen/gconvfifo.rf/grf.rf/gntv_or_sync_fifo.gcx.clkx/gnxpm_cdc.rd_pntr_gc_reg[1]/CLR
  -------------------------------------------------------------------    -------------------

                         (clock clk_fpga_0 rise edge)
                                                      0.000     0.000 r  
    PS7_X0Y0             PS7                          0.000     0.000 r  design_1_i/processing_system7_0/inst/PS7_i/FCLKCLK[0]
                         net (fo=1, routed)           0.337     0.337    design_1_i/processing_system7_0/inst/FCLK_CLK_unbuffered[0]
    BUFGCTRL_X0Y17       BUFG (Prop_bufg_I_O)         0.029     0.366 r  design_1_i/processing_system7_0/inst/buffer_fclk_clk_0.FCLK_CLK_0_BUFG/O
                         net (fo=21728, routed)       0.925     1.291    dbg_hub/inst/BSCANID.u_xsdbm_id/CORE_XSDB.UUT_MASTER/U_ICON_INTERFACE/U_CMD6_WR/U_WR_FIFO/SUBCORE_FIFO.xsdbm_v3_0_0_wrfifo_inst/inst_fifo_gen/gconvfifo.rf/grf.rf/gntv_or_sync_fifo.gcx.clkx/rd_clk
    SLICE_X82Y122        FDCE                                         r  dbg_hub/inst/BSCANID.u_xsdbm_id/CORE_XSDB.UUT_MASTER/U_ICON_INTERFACE/U_CMD6_WR/U_WR_FIFO/SUBCORE_FIFO.xsdbm_v3_0_0_wrfifo_inst/inst_fifo_gen/gconvfifo.rf/grf.rf/gntv_or_sync_fifo.gcx.clkx/gnxpm_cdc.rd_pntr_gc_reg[1]/C
                         clock pessimism             -0.287     1.004    
    SLICE_X82Y122        FDCE (Remov_fdce_C_CLR)     -0.067     0.937    dbg_hub/inst/BSCANID.u_xsdbm_id/CORE_XSDB.UUT_MASTER/U_ICON_INTERFACE/U_CMD6_WR/U_WR_FIFO/SUBCORE_FIFO.xsdbm_v3_0_0_wrfifo_inst/inst_fifo_gen/gconvfifo.rf/grf.rf/gntv_or_sync_fifo.gcx.clkx/gnxpm_cdc.rd_pntr_gc_reg[1]
  -------------------------------------------------------------------
                         required time                         -0.937    
                         arrival time                           1.294    
  -------------------------------------------------------------------
                         slack                                  0.357    

Slack (MET) :             0.357ns  (arrival time - required time)
  Source:                 dbg_hub/inst/BSCANID.u_xsdbm_id/CORE_XSDB.UUT_MASTER/U_ICON_INTERFACE/U_CMD6_WR/U_WR_FIFO/SUBCORE_FIFO.xsdbm_v3_0_0_wrfifo_inst/inst_fifo_gen/gconvfifo.rf/grf.rf/rstblk/ngwrdrst.grst.g7serrst.rd_rst_reg_reg[1]/C
                            (rising edge-triggered cell FDPE clocked by clk_fpga_0  {rise@0.000ns fall@5.000ns period=10.000ns})
  Destination:            dbg_hub/inst/BSCANID.u_xsdbm_id/CORE_XSDB.UUT_MASTER/U_ICON_INTERFACE/U_CMD6_WR/U_WR_FIFO/SUBCORE_FIFO.xsdbm_v3_0_0_wrfifo_inst/inst_fifo_gen/gconvfifo.rf/grf.rf/gntv_or_sync_fifo.gcx.clkx/gnxpm_cdc.rd_pntr_gc_reg[2]/CLR
                            (removal check against rising-edge clock clk_fpga_0  {rise@0.000ns fall@5.000ns period=10.000ns})
  Path Group:             **async_default**
  Path Type:              Removal (Min at Fast Process Corner)
  Requirement:            0.000ns  (clk_fpga_0 rise@0.000ns - clk_fpga_0 rise@0.000ns)
  Data Path Delay:        0.305ns  (logic 0.164ns (53.792%)  route 0.141ns (46.208%))
  Logic Levels:           0  
  Clock Path Skew:        0.015ns (DCD - SCD - CPR)
    Destination Clock Delay (DCD):    1.291ns
    Source Clock Delay      (SCD):    0.989ns
    Clock Pessimism Removal (CPR):    0.287ns

    Location             Delay type                Incr(ns)  Path(ns)    Netlist Resource(s)
  -------------------------------------------------------------------    -------------------
                         (clock clk_fpga_0 rise edge)
                                                      0.000     0.000 r  
    PS7_X0Y0             PS7                          0.000     0.000 r  design_1_i/processing_system7_0/inst/PS7_i/FCLKCLK[0]
                         net (fo=1, routed)           0.310     0.310    design_1_i/processing_system7_0/inst/FCLK_CLK_unbuffered[0]
    BUFGCTRL_X0Y17       BUFG (Prop_bufg_I_O)         0.026     0.336 r  design_1_i/processing_system7_0/inst/buffer_fclk_clk_0.FCLK_CLK_0_BUFG/O
                         net (fo=21728, routed)       0.653     0.989    dbg_hub/inst/BSCANID.u_xsdbm_id/CORE_XSDB.UUT_MASTER/U_ICON_INTERFACE/U_CMD6_WR/U_WR_FIFO/SUBCORE_FIFO.xsdbm_v3_0_0_wrfifo_inst/inst_fifo_gen/gconvfifo.rf/grf.rf/rstblk/rd_clk
    SLICE_X82Y123        FDPE                                         r  dbg_hub/inst/BSCANID.u_xsdbm_id/CORE_XSDB.UUT_MASTER/U_ICON_INTERFACE/U_CMD6_WR/U_WR_FIFO/SUBCORE_FIFO.xsdbm_v3_0_0_wrfifo_inst/inst_fifo_gen/gconvfifo.rf/grf.rf/rstblk/ngwrdrst.grst.g7serrst.rd_rst_reg_reg[1]/C
  -------------------------------------------------------------------    -------------------
    SLICE_X82Y123        FDPE (Prop_fdpe_C_Q)         0.164     1.153 f  dbg_hub/inst/BSCANID.u_xsdbm_id/CORE_XSDB.UUT_MASTER/U_ICON_INTERFACE/U_CMD6_WR/U_WR_FIFO/SUBCORE_FIFO.xsdbm_v3_0_0_wrfifo_inst/inst_fifo_gen/gconvfifo.rf/grf.rf/rstblk/ngwrdrst.grst.g7serrst.rd_rst_reg_reg[1]/Q
                         net (fo=16, routed)          0.141     1.294    dbg_hub/inst/BSCANID.u_xsdbm_id/CORE_XSDB.UUT_MASTER/U_ICON_INTERFACE/U_CMD6_WR/U_WR_FIFO/SUBCORE_FIFO.xsdbm_v3_0_0_wrfifo_inst/inst_fifo_gen/gconvfifo.rf/grf.rf/gntv_or_sync_fifo.gcx.clkx/Q_reg_reg[0][0]
    SLICE_X82Y122        FDCE                                         f  dbg_hub/inst/BSCANID.u_xsdbm_id/CORE_XSDB.UUT_MASTER/U_ICON_INTERFACE/U_CMD6_WR/U_WR_FIFO/SUBCORE_FIFO.xsdbm_v3_0_0_wrfifo_inst/inst_fifo_gen/gconvfifo.rf/grf.rf/gntv_or_sync_fifo.gcx.clkx/gnxpm_cdc.rd_pntr_gc_reg[2]/CLR
  -------------------------------------------------------------------    -------------------

                         (clock clk_fpga_0 rise edge)
                                                      0.000     0.000 r  
    PS7_X0Y0             PS7                          0.000     0.000 r  design_1_i/processing_system7_0/inst/PS7_i/FCLKCLK[0]
                         net (fo=1, routed)           0.337     0.337    design_1_i/processing_system7_0/inst/FCLK_CLK_unbuffered[0]
    BUFGCTRL_X0Y17       BUFG (Prop_bufg_I_O)         0.029     0.366 r  design_1_i/processing_system7_0/inst/buffer_fclk_clk_0.FCLK_CLK_0_BUFG/O
                         net (fo=21728, routed)       0.925     1.291    dbg_hub/inst/BSCANID.u_xsdbm_id/CORE_XSDB.UUT_MASTER/U_ICON_INTERFACE/U_CMD6_WR/U_WR_FIFO/SUBCORE_FIFO.xsdbm_v3_0_0_wrfifo_inst/inst_fifo_gen/gconvfifo.rf/grf.rf/gntv_or_sync_fifo.gcx.clkx/rd_clk
    SLICE_X82Y122        FDCE                                         r  dbg_hub/inst/BSCANID.u_xsdbm_id/CORE_XSDB.UUT_MASTER/U_ICON_INTERFACE/U_CMD6_WR/U_WR_FIFO/SUBCORE_FIFO.xsdbm_v3_0_0_wrfifo_inst/inst_fifo_gen/gconvfifo.rf/grf.rf/gntv_or_sync_fifo.gcx.clkx/gnxpm_cdc.rd_pntr_gc_reg[2]/C
                         clock pessimism             -0.287     1.004    
    SLICE_X82Y122        FDCE (Remov_fdce_C_CLR)     -0.067     0.937    dbg_hub/inst/BSCANID.u_xsdbm_id/CORE_XSDB.UUT_MASTER/U_ICON_INTERFACE/U_CMD6_WR/U_WR_FIFO/SUBCORE_FIFO.xsdbm_v3_0_0_wrfifo_inst/inst_fifo_gen/gconvfifo.rf/grf.rf/gntv_or_sync_fifo.gcx.clkx/gnxpm_cdc.rd_pntr_gc_reg[2]
  -------------------------------------------------------------------
                         required time                         -0.937    
                         arrival time                           1.294    
  -------------------------------------------------------------------
                         slack                                  0.357    

Slack (MET) :             0.357ns  (arrival time - required time)
  Source:                 dbg_hub/inst/BSCANID.u_xsdbm_id/CORE_XSDB.UUT_MASTER/U_ICON_INTERFACE/U_CMD6_WR/U_WR_FIFO/SUBCORE_FIFO.xsdbm_v3_0_0_wrfifo_inst/inst_fifo_gen/gconvfifo.rf/grf.rf/rstblk/ngwrdrst.grst.g7serrst.rd_rst_reg_reg[1]/C
                            (rising edge-triggered cell FDPE clocked by clk_fpga_0  {rise@0.000ns fall@5.000ns period=10.000ns})
  Destination:            dbg_hub/inst/BSCANID.u_xsdbm_id/CORE_XSDB.UUT_MASTER/U_ICON_INTERFACE/U_CMD6_WR/U_WR_FIFO/SUBCORE_FIFO.xsdbm_v3_0_0_wrfifo_inst/inst_fifo_gen/gconvfifo.rf/grf.rf/gntv_or_sync_fifo.gcx.clkx/gnxpm_cdc.rd_pntr_gc_reg[3]/CLR
                            (removal check against rising-edge clock clk_fpga_0  {rise@0.000ns fall@5.000ns period=10.000ns})
  Path Group:             **async_default**
  Path Type:              Removal (Min at Fast Process Corner)
  Requirement:            0.000ns  (clk_fpga_0 rise@0.000ns - clk_fpga_0 rise@0.000ns)
  Data Path Delay:        0.305ns  (logic 0.164ns (53.792%)  route 0.141ns (46.208%))
  Logic Levels:           0  
  Clock Path Skew:        0.015ns (DCD - SCD - CPR)
    Destination Clock Delay (DCD):    1.291ns
    Source Clock Delay      (SCD):    0.989ns
    Clock Pessimism Removal (CPR):    0.287ns

    Location             Delay type                Incr(ns)  Path(ns)    Netlist Resource(s)
  -------------------------------------------------------------------    -------------------
                         (clock clk_fpga_0 rise edge)
                                                      0.000     0.000 r  
    PS7_X0Y0             PS7                          0.000     0.000 r  design_1_i/processing_system7_0/inst/PS7_i/FCLKCLK[0]
                         net (fo=1, routed)           0.310     0.310    design_1_i/processing_system7_0/inst/FCLK_CLK_unbuffered[0]
    BUFGCTRL_X0Y17       BUFG (Prop_bufg_I_O)         0.026     0.336 r  design_1_i/processing_system7_0/inst/buffer_fclk_clk_0.FCLK_CLK_0_BUFG/O
                         net (fo=21728, routed)       0.653     0.989    dbg_hub/inst/BSCANID.u_xsdbm_id/CORE_XSDB.UUT_MASTER/U_ICON_INTERFACE/U_CMD6_WR/U_WR_FIFO/SUBCORE_FIFO.xsdbm_v3_0_0_wrfifo_inst/inst_fifo_gen/gconvfifo.rf/grf.rf/rstblk/rd_clk
    SLICE_X82Y123        FDPE                                         r  dbg_hub/inst/BSCANID.u_xsdbm_id/CORE_XSDB.UUT_MASTER/U_ICON_INTERFACE/U_CMD6_WR/U_WR_FIFO/SUBCORE_FIFO.xsdbm_v3_0_0_wrfifo_inst/inst_fifo_gen/gconvfifo.rf/grf.rf/rstblk/ngwrdrst.grst.g7serrst.rd_rst_reg_reg[1]/C
  -------------------------------------------------------------------    -------------------
    SLICE_X82Y123        FDPE (Prop_fdpe_C_Q)         0.164     1.153 f  dbg_hub/inst/BSCANID.u_xsdbm_id/CORE_XSDB.UUT_MASTER/U_ICON_INTERFACE/U_CMD6_WR/U_WR_FIFO/SUBCORE_FIFO.xsdbm_v3_0_0_wrfifo_inst/inst_fifo_gen/gconvfifo.rf/grf.rf/rstblk/ngwrdrst.grst.g7serrst.rd_rst_reg_reg[1]/Q
                         net (fo=16, routed)          0.141     1.294    dbg_hub/inst/BSCANID.u_xsdbm_id/CORE_XSDB.UUT_MASTER/U_ICON_INTERFACE/U_CMD6_WR/U_WR_FIFO/SUBCORE_FIFO.xsdbm_v3_0_0_wrfifo_inst/inst_fifo_gen/gconvfifo.rf/grf.rf/gntv_or_sync_fifo.gcx.clkx/Q_reg_reg[0][0]
    SLICE_X82Y122        FDCE                                         f  dbg_hub/inst/BSCANID.u_xsdbm_id/CORE_XSDB.UUT_MASTER/U_ICON_INTERFACE/U_CMD6_WR/U_WR_FIFO/SUBCORE_FIFO.xsdbm_v3_0_0_wrfifo_inst/inst_fifo_gen/gconvfifo.rf/grf.rf/gntv_or_sync_fifo.gcx.clkx/gnxpm_cdc.rd_pntr_gc_reg[3]/CLR
  -------------------------------------------------------------------    -------------------

                         (clock clk_fpga_0 rise edge)
                                                      0.000     0.000 r  
    PS7_X0Y0             PS7                          0.000     0.000 r  design_1_i/processing_system7_0/inst/PS7_i/FCLKCLK[0]
                         net (fo=1, routed)           0.337     0.337    design_1_i/processing_system7_0/inst/FCLK_CLK_unbuffered[0]
    BUFGCTRL_X0Y17       BUFG (Prop_bufg_I_O)         0.029     0.366 r  design_1_i/processing_system7_0/inst/buffer_fclk_clk_0.FCLK_CLK_0_BUFG/O
                         net (fo=21728, routed)       0.925     1.291    dbg_hub/inst/BSCANID.u_xsdbm_id/CORE_XSDB.UUT_MASTER/U_ICON_INTERFACE/U_CMD6_WR/U_WR_FIFO/SUBCORE_FIFO.xsdbm_v3_0_0_wrfifo_inst/inst_fifo_gen/gconvfifo.rf/grf.rf/gntv_or_sync_fifo.gcx.clkx/rd_clk
    SLICE_X82Y122        FDCE                                         r  dbg_hub/inst/BSCANID.u_xsdbm_id/CORE_XSDB.UUT_MASTER/U_ICON_INTERFACE/U_CMD6_WR/U_WR_FIFO/SUBCORE_FIFO.xsdbm_v3_0_0_wrfifo_inst/inst_fifo_gen/gconvfifo.rf/grf.rf/gntv_or_sync_fifo.gcx.clkx/gnxpm_cdc.rd_pntr_gc_reg[3]/C
                         clock pessimism             -0.287     1.004    
    SLICE_X82Y122        FDCE (Remov_fdce_C_CLR)     -0.067     0.937    dbg_hub/inst/BSCANID.u_xsdbm_id/CORE_XSDB.UUT_MASTER/U_ICON_INTERFACE/U_CMD6_WR/U_WR_FIFO/SUBCORE_FIFO.xsdbm_v3_0_0_wrfifo_inst/inst_fifo_gen/gconvfifo.rf/grf.rf/gntv_or_sync_fifo.gcx.clkx/gnxpm_cdc.rd_pntr_gc_reg[3]
  -------------------------------------------------------------------
                         required time                         -0.937    
                         arrival time                           1.294    
  -------------------------------------------------------------------
                         slack                                  0.357    

Slack (MET) :             0.376ns  (arrival time - required time)
  Source:                 dbg_hub/inst/BSCANID.u_xsdbm_id/CORE_XSDB.UUT_MASTER/U_ICON_INTERFACE/U_CMD6_RD/U_RD_FIFO/SUBCORE_FIFO.xsdbm_v3_0_0_rdfifo_inst/inst_fifo_gen/gconvfifo.rf/grf.rf/rstblk/ngwrdrst.grst.g7serrst.rst_wr_reg2_reg/C
                            (rising edge-triggered cell FDPE clocked by clk_fpga_0  {rise@0.000ns fall@5.000ns period=10.000ns})
  Destination:            dbg_hub/inst/BSCANID.u_xsdbm_id/CORE_XSDB.UUT_MASTER/U_ICON_INTERFACE/U_CMD6_RD/U_RD_FIFO/SUBCORE_FIFO.xsdbm_v3_0_0_rdfifo_inst/inst_fifo_gen/gconvfifo.rf/grf.rf/rstblk/ngwrdrst.grst.g7serrst.wr_rst_asreg_reg/PRE
                            (removal check against rising-edge clock clk_fpga_0  {rise@0.000ns fall@5.000ns period=10.000ns})
  Path Group:             **async_default**
  Path Type:              Removal (Min at Fast Process Corner)
  Requirement:            0.000ns  (clk_fpga_0 rise@0.000ns - clk_fpga_0 rise@0.000ns)
  Data Path Delay:        0.267ns  (logic 0.148ns (55.433%)  route 0.119ns (44.567%))
  Logic Levels:           0  
  Clock Path Skew:        0.015ns (DCD - SCD - CPR)
    Destination Clock Delay (DCD):    1.294ns
    Source Clock Delay      (SCD):    0.992ns
    Clock Pessimism Removal (CPR):    0.287ns

    Location             Delay type                Incr(ns)  Path(ns)    Netlist Resource(s)
  -------------------------------------------------------------------    -------------------
                         (clock clk_fpga_0 rise edge)
                                                      0.000     0.000 r  
    PS7_X0Y0             PS7                          0.000     0.000 r  design_1_i/processing_system7_0/inst/PS7_i/FCLKCLK[0]
                         net (fo=1, routed)           0.310     0.310    design_1_i/processing_system7_0/inst/FCLK_CLK_unbuffered[0]
    BUFGCTRL_X0Y17       BUFG (Prop_bufg_I_O)         0.026     0.336 r  design_1_i/processing_system7_0/inst/buffer_fclk_clk_0.FCLK_CLK_0_BUFG/O
                         net (fo=21728, routed)       0.656     0.992    dbg_hub/inst/BSCANID.u_xsdbm_id/CORE_XSDB.UUT_MASTER/U_ICON_INTERFACE/U_CMD6_RD/U_RD_FIFO/SUBCORE_FIFO.xsdbm_v3_0_0_rdfifo_inst/inst_fifo_gen/gconvfifo.rf/grf.rf/rstblk/wr_clk
    SLICE_X62Y133        FDPE                                         r  dbg_hub/inst/BSCANID.u_xsdbm_id/CORE_XSDB.UUT_MASTER/U_ICON_INTERFACE/U_CMD6_RD/U_RD_FIFO/SUBCORE_FIFO.xsdbm_v3_0_0_rdfifo_inst/inst_fifo_gen/gconvfifo.rf/grf.rf/rstblk/ngwrdrst.grst.g7serrst.rst_wr_reg2_reg/C
  -------------------------------------------------------------------    -------------------
    SLICE_X62Y133        FDPE (Prop_fdpe_C_Q)         0.148     1.140 f  dbg_hub/inst/BSCANID.u_xsdbm_id/CORE_XSDB.UUT_MASTER/U_ICON_INTERFACE/U_CMD6_RD/U_RD_FIFO/SUBCORE_FIFO.xsdbm_v3_0_0_rdfifo_inst/inst_fifo_gen/gconvfifo.rf/grf.rf/rstblk/ngwrdrst.grst.g7serrst.rst_wr_reg2_reg/Q
                         net (fo=1, routed)           0.119     1.259    dbg_hub/inst/BSCANID.u_xsdbm_id/CORE_XSDB.UUT_MASTER/U_ICON_INTERFACE/U_CMD6_RD/U_RD_FIFO/SUBCORE_FIFO.xsdbm_v3_0_0_rdfifo_inst/inst_fifo_gen/gconvfifo.rf/grf.rf/rstblk/rst_wr_reg2
    SLICE_X62Y134        FDPE                                         f  dbg_hub/inst/BSCANID.u_xsdbm_id/CORE_XSDB.UUT_MASTER/U_ICON_INTERFACE/U_CMD6_RD/U_RD_FIFO/SUBCORE_FIFO.xsdbm_v3_0_0_rdfifo_inst/inst_fifo_gen/gconvfifo.rf/grf.rf/rstblk/ngwrdrst.grst.g7serrst.wr_rst_asreg_reg/PRE
  -------------------------------------------------------------------    -------------------

                         (clock clk_fpga_0 rise edge)
                                                      0.000     0.000 r  
    PS7_X0Y0             PS7                          0.000     0.000 r  design_1_i/processing_system7_0/inst/PS7_i/FCLKCLK[0]
                         net (fo=1, routed)           0.337     0.337    design_1_i/processing_system7_0/inst/FCLK_CLK_unbuffered[0]
    BUFGCTRL_X0Y17       BUFG (Prop_bufg_I_O)         0.029     0.366 r  design_1_i/processing_system7_0/inst/buffer_fclk_clk_0.FCLK_CLK_0_BUFG/O
                         net (fo=21728, routed)       0.928     1.294    dbg_hub/inst/BSCANID.u_xsdbm_id/CORE_XSDB.UUT_MASTER/U_ICON_INTERFACE/U_CMD6_RD/U_RD_FIFO/SUBCORE_FIFO.xsdbm_v3_0_0_rdfifo_inst/inst_fifo_gen/gconvfifo.rf/grf.rf/rstblk/wr_clk
    SLICE_X62Y134        FDPE                                         r  dbg_hub/inst/BSCANID.u_xsdbm_id/CORE_XSDB.UUT_MASTER/U_ICON_INTERFACE/U_CMD6_RD/U_RD_FIFO/SUBCORE_FIFO.xsdbm_v3_0_0_rdfifo_inst/inst_fifo_gen/gconvfifo.rf/grf.rf/rstblk/ngwrdrst.grst.g7serrst.wr_rst_asreg_reg/C
                         clock pessimism             -0.287     1.007    
    SLICE_X62Y134        FDPE (Remov_fdpe_C_PRE)     -0.124     0.883    dbg_hub/inst/BSCANID.u_xsdbm_id/CORE_XSDB.UUT_MASTER/U_ICON_INTERFACE/U_CMD6_RD/U_RD_FIFO/SUBCORE_FIFO.xsdbm_v3_0_0_rdfifo_inst/inst_fifo_gen/gconvfifo.rf/grf.rf/rstblk/ngwrdrst.grst.g7serrst.wr_rst_asreg_reg
  -------------------------------------------------------------------
                         required time                         -0.883    
                         arrival time                           1.259    
  -------------------------------------------------------------------
                         slack                                  0.376    

Slack (MET) :             0.380ns  (arrival time - required time)
  Source:                 dbg_hub/inst/BSCANID.u_xsdbm_id/CORE_XSDB.UUT_MASTER/U_XSDB_BUS_CONTROLLER/clr_rd_req_reg/C
                            (rising edge-triggered cell FDCE clocked by clk_fpga_0  {rise@0.000ns fall@5.000ns period=10.000ns})
  Destination:            dbg_hub/inst/BSCANID.u_xsdbm_id/CORE_XSDB.UUT_MASTER/U_XSDB_BUS_CONTROLLER/U_RD_REQ_FLAG/G_POS_EDGE.flag_reg/CLR
                            (removal check against rising-edge clock clk_fpga_0  {rise@0.000ns fall@5.000ns period=10.000ns})
  Path Group:             **async_default**
  Path Type:              Removal (Min at Fast Process Corner)
  Requirement:            0.000ns  (clk_fpga_0 rise@0.000ns - clk_fpga_0 rise@0.000ns)
  Data Path Delay:        0.301ns  (logic 0.141ns (46.877%)  route 0.160ns (53.123%))
  Logic Levels:           0  
  Clock Path Skew:        0.013ns (DCD - SCD - CPR)
    Destination Clock Delay (DCD):    1.291ns
    Source Clock Delay      (SCD):    0.991ns
    Clock Pessimism Removal (CPR):    0.287ns

    Location             Delay type                Incr(ns)  Path(ns)    Netlist Resource(s)
  -------------------------------------------------------------------    -------------------
                         (clock clk_fpga_0 rise edge)
                                                      0.000     0.000 r  
    PS7_X0Y0             PS7                          0.000     0.000 r  design_1_i/processing_system7_0/inst/PS7_i/FCLKCLK[0]
                         net (fo=1, routed)           0.310     0.310    design_1_i/processing_system7_0/inst/FCLK_CLK_unbuffered[0]
    BUFGCTRL_X0Y17       BUFG (Prop_bufg_I_O)         0.026     0.336 r  design_1_i/processing_system7_0/inst/buffer_fclk_clk_0.FCLK_CLK_0_BUFG/O
                         net (fo=21728, routed)       0.655     0.991    dbg_hub/inst/BSCANID.u_xsdbm_id/CORE_XSDB.UUT_MASTER/U_XSDB_BUS_CONTROLLER/clk
    SLICE_X85Y128        FDCE                                         r  dbg_hub/inst/BSCANID.u_xsdbm_id/CORE_XSDB.UUT_MASTER/U_XSDB_BUS_CONTROLLER/clr_rd_req_reg/C
  -------------------------------------------------------------------    -------------------
    SLICE_X85Y128        FDCE (Prop_fdce_C_Q)         0.141     1.132 f  dbg_hub/inst/BSCANID.u_xsdbm_id/CORE_XSDB.UUT_MASTER/U_XSDB_BUS_CONTROLLER/clr_rd_req_reg/Q
                         net (fo=2, routed)           0.160     1.292    dbg_hub/inst/BSCANID.u_xsdbm_id/CORE_XSDB.UUT_MASTER/U_XSDB_BUS_CONTROLLER/U_RD_REQ_FLAG/clr_rd_req
    SLICE_X85Y127        FDCE                                         f  dbg_hub/inst/BSCANID.u_xsdbm_id/CORE_XSDB.UUT_MASTER/U_XSDB_BUS_CONTROLLER/U_RD_REQ_FLAG/G_POS_EDGE.flag_reg/CLR
  -------------------------------------------------------------------    -------------------

                         (clock clk_fpga_0 rise edge)
                                                      0.000     0.000 r  
    PS7_X0Y0             PS7                          0.000     0.000 r  design_1_i/processing_system7_0/inst/PS7_i/FCLKCLK[0]
                         net (fo=1, routed)           0.337     0.337    design_1_i/processing_system7_0/inst/FCLK_CLK_unbuffered[0]
    BUFGCTRL_X0Y17       BUFG (Prop_bufg_I_O)         0.029     0.366 r  design_1_i/processing_system7_0/inst/buffer_fclk_clk_0.FCLK_CLK_0_BUFG/O
                         net (fo=21728, routed)       0.925     1.291    dbg_hub/inst/BSCANID.u_xsdbm_id/CORE_XSDB.UUT_MASTER/U_XSDB_BUS_CONTROLLER/U_RD_REQ_FLAG/clk
    SLICE_X85Y127        FDCE                                         r  dbg_hub/inst/BSCANID.u_xsdbm_id/CORE_XSDB.UUT_MASTER/U_XSDB_BUS_CONTROLLER/U_RD_REQ_FLAG/G_POS_EDGE.flag_reg/C
                         clock pessimism             -0.287     1.004    
    SLICE_X85Y127        FDCE (Remov_fdce_C_CLR)     -0.092     0.912    dbg_hub/inst/BSCANID.u_xsdbm_id/CORE_XSDB.UUT_MASTER/U_XSDB_BUS_CONTROLLER/U_RD_REQ_FLAG/G_POS_EDGE.flag_reg
  -------------------------------------------------------------------
                         required time                         -0.912    
                         arrival time                           1.292    
  -------------------------------------------------------------------
                         slack                                  0.380    

Slack (MET) :             0.409ns  (arrival time - required time)
  Source:                 dbg_hub/inst/BSCANID.u_xsdbm_id/CORE_XSDB.UUT_MASTER/U_XSDB_BUS_CONTROLLER/clr_abort_rd_reg/C
                            (rising edge-triggered cell FDCE clocked by clk_fpga_0  {rise@0.000ns fall@5.000ns period=10.000ns})
  Destination:            dbg_hub/inst/BSCANID.u_xsdbm_id/CORE_XSDB.UUT_MASTER/U_XSDB_BUS_CONTROLLER/U_RD_ABORT_FLAG/G_NEG_EDGE.flag_reg/CLR
                            (removal check against rising-edge clock clk_fpga_0  {rise@0.000ns fall@5.000ns period=10.000ns})
  Path Group:             **async_default**
  Path Type:              Removal (Min at Fast Process Corner)
  Requirement:            0.000ns  (clk_fpga_0 rise@0.000ns - clk_fpga_0 rise@0.000ns)
  Data Path Delay:        0.330ns  (logic 0.141ns (42.743%)  route 0.189ns (57.257%))
  Logic Levels:           0  
  Clock Path Skew:        0.013ns (DCD - SCD - CPR)
    Destination Clock Delay (DCD):    1.292ns
    Source Clock Delay      (SCD):    0.991ns
    Clock Pessimism Removal (CPR):    0.288ns

    Location             Delay type                Incr(ns)  Path(ns)    Netlist Resource(s)
  -------------------------------------------------------------------    -------------------
                         (clock clk_fpga_0 rise edge)
                                                      0.000     0.000 r  
    PS7_X0Y0             PS7                          0.000     0.000 r  design_1_i/processing_system7_0/inst/PS7_i/FCLKCLK[0]
                         net (fo=1, routed)           0.310     0.310    design_1_i/processing_system7_0/inst/FCLK_CLK_unbuffered[0]
    BUFGCTRL_X0Y17       BUFG (Prop_bufg_I_O)         0.026     0.336 r  design_1_i/processing_system7_0/inst/buffer_fclk_clk_0.FCLK_CLK_0_BUFG/O
                         net (fo=21728, routed)       0.655     0.991    dbg_hub/inst/BSCANID.u_xsdbm_id/CORE_XSDB.UUT_MASTER/U_XSDB_BUS_CONTROLLER/clk
    SLICE_X85Y128        FDCE                                         r  dbg_hub/inst/BSCANID.u_xsdbm_id/CORE_XSDB.UUT_MASTER/U_XSDB_BUS_CONTROLLER/clr_abort_rd_reg/C
  -------------------------------------------------------------------    -------------------
    SLICE_X85Y128        FDCE (Prop_fdce_C_Q)         0.141     1.132 f  dbg_hub/inst/BSCANID.u_xsdbm_id/CORE_XSDB.UUT_MASTER/U_XSDB_BUS_CONTROLLER/clr_abort_rd_reg/Q
                         net (fo=2, routed)           0.189     1.321    dbg_hub/inst/BSCANID.u_xsdbm_id/CORE_XSDB.UUT_MASTER/U_XSDB_BUS_CONTROLLER/U_RD_ABORT_FLAG/clr_abort_rd
    SLICE_X84Y128        FDCE                                         f  dbg_hub/inst/BSCANID.u_xsdbm_id/CORE_XSDB.UUT_MASTER/U_XSDB_BUS_CONTROLLER/U_RD_ABORT_FLAG/G_NEG_EDGE.flag_reg/CLR
  -------------------------------------------------------------------    -------------------

                         (clock clk_fpga_0 rise edge)
                                                      0.000     0.000 r  
    PS7_X0Y0             PS7                          0.000     0.000 r  design_1_i/processing_system7_0/inst/PS7_i/FCLKCLK[0]
                         net (fo=1, routed)           0.337     0.337    design_1_i/processing_system7_0/inst/FCLK_CLK_unbuffered[0]
    BUFGCTRL_X0Y17       BUFG (Prop_bufg_I_O)         0.029     0.366 r  design_1_i/processing_system7_0/inst/buffer_fclk_clk_0.FCLK_CLK_0_BUFG/O
                         net (fo=21728, routed)       0.926     1.292    dbg_hub/inst/BSCANID.u_xsdbm_id/CORE_XSDB.UUT_MASTER/U_XSDB_BUS_CONTROLLER/U_RD_ABORT_FLAG/clk
    SLICE_X84Y128        FDCE                                         r  dbg_hub/inst/BSCANID.u_xsdbm_id/CORE_XSDB.UUT_MASTER/U_XSDB_BUS_CONTROLLER/U_RD_ABORT_FLAG/G_NEG_EDGE.flag_reg/C
                         clock pessimism             -0.288     1.004    
    SLICE_X84Y128        FDCE (Remov_fdce_C_CLR)     -0.092     0.912    dbg_hub/inst/BSCANID.u_xsdbm_id/CORE_XSDB.UUT_MASTER/U_XSDB_BUS_CONTROLLER/U_RD_ABORT_FLAG/G_NEG_EDGE.flag_reg
  -------------------------------------------------------------------
                         required time                         -0.912    
                         arrival time                           1.321    
  -------------------------------------------------------------------
                         slack                                  0.409    





---------------------------------------------------------------------------------------------------
Path Group:  **async_default**
From Clock:  dbg_hub/inst/BSCANID.u_xsdbm_id/SWITCH_N_EXT_BSCAN.bscan_inst/SERIES7_BSCAN.bscan_inst/TCK
  To Clock:  dbg_hub/inst/BSCANID.u_xsdbm_id/SWITCH_N_EXT_BSCAN.bscan_inst/SERIES7_BSCAN.bscan_inst/TCK

Setup :            0  Failing Endpoints,  Worst Slack       28.441ns,  Total Violation        0.000ns
Hold  :            0  Failing Endpoints,  Worst Slack        0.358ns,  Total Violation        0.000ns
---------------------------------------------------------------------------------------------------


Max Delay Paths
--------------------------------------------------------------------------------------
Slack (MET) :             28.441ns  (required time - arrival time)
  Source:                 dbg_hub/inst/BSCANID.u_xsdbm_id/SWITCH_N_EXT_BSCAN.bscan_switch/portno_reg[1]/C
                            (rising edge-triggered cell FDRE clocked by dbg_hub/inst/BSCANID.u_xsdbm_id/SWITCH_N_EXT_BSCAN.bscan_inst/SERIES7_BSCAN.bscan_inst/TCK  {rise@0.000ns fall@16.500ns period=33.000ns})
  Destination:            dbg_hub/inst/BSCANID.u_xsdbm_id/CORE_XSDB.U_ICON/U_CMD/iTARGET_reg[14]/CLR
                            (recovery check against rising-edge clock dbg_hub/inst/BSCANID.u_xsdbm_id/SWITCH_N_EXT_BSCAN.bscan_inst/SERIES7_BSCAN.bscan_inst/TCK  {rise@0.000ns fall@16.500ns period=33.000ns})
  Path Group:             **async_default**
  Path Type:              Recovery (Max at Slow Process Corner)
  Requirement:            33.000ns  (dbg_hub/inst/BSCANID.u_xsdbm_id/SWITCH_N_EXT_BSCAN.bscan_inst/SERIES7_BSCAN.bscan_inst/TCK rise@33.000ns - dbg_hub/inst/BSCANID.u_xsdbm_id/SWITCH_N_EXT_BSCAN.bscan_inst/SERIES7_BSCAN.bscan_inst/TCK rise@0.000ns)
  Data Path Delay:        4.094ns  (logic 0.890ns (21.740%)  route 3.204ns (78.260%))
  Logic Levels:           3  (LUT1=1 LUT4=1 LUT6=1)
  Clock Path Skew:        -0.069ns (DCD - SCD + CPR)
    Destination Clock Delay (DCD):    3.705ns = ( 36.705 - 33.000 ) 
    Source Clock Delay      (SCD):    4.198ns
    Clock Pessimism Removal (CPR):    0.424ns
  Clock Uncertainty:      0.035ns  ((TSJ^2 + TIJ^2)^1/2 + DJ) / 2 + PE
    Total System Jitter     (TSJ):    0.071ns
    Total Input Jitter      (TIJ):    0.000ns
    Discrete Jitter          (DJ):    0.000ns
    Phase Error              (PE):    0.000ns

    Location             Delay type                Incr(ns)  Path(ns)    Netlist Resource(s)
  -------------------------------------------------------------------    -------------------
                         (clock dbg_hub/inst/BSCANID.u_xsdbm_id/SWITCH_N_EXT_BSCAN.bscan_inst/SERIES7_BSCAN.bscan_inst/TCK rise edge)
                                                      0.000     0.000 r  
    BSCAN_X0Y0           BSCANE2                      0.000     0.000 r  dbg_hub/inst/BSCANID.u_xsdbm_id/SWITCH_N_EXT_BSCAN.bscan_inst/SERIES7_BSCAN.bscan_inst/TCK
                         net (fo=1, routed)           2.131     2.131    dbg_hub/inst/BSCANID.u_xsdbm_id/tck_bs
    BUFGCTRL_X0Y16       BUFG (Prop_bufg_I_O)         0.101     2.232 r  dbg_hub/inst/BSCANID.u_xsdbm_id/SWITCH_N_EXT_BSCAN.u_bufg_icon_tck/O
                         net (fo=482, routed)         1.966     4.198    dbg_hub/inst/BSCANID.u_xsdbm_id/SWITCH_N_EXT_BSCAN.bscan_switch/s_bscan_tck
    SLICE_X102Y118       FDRE                                         r  dbg_hub/inst/BSCANID.u_xsdbm_id/SWITCH_N_EXT_BSCAN.bscan_switch/portno_reg[1]/C
  -------------------------------------------------------------------    -------------------
    SLICE_X102Y118       FDRE (Prop_fdre_C_Q)         0.518     4.716 f  dbg_hub/inst/BSCANID.u_xsdbm_id/SWITCH_N_EXT_BSCAN.bscan_switch/portno_reg[1]/Q
                         net (fo=1, routed)           0.859     5.575    dbg_hub/inst/BSCANID.u_xsdbm_id/SWITCH_N_EXT_BSCAN.bscan_switch/portno[1]
    SLICE_X102Y118       LUT6 (Prop_lut6_I3_O)        0.124     5.699 f  dbg_hub/inst/BSCANID.u_xsdbm_id/SWITCH_N_EXT_BSCAN.bscan_switch/m_bscan_drck[0]_INST_0_i_1/O
                         net (fo=5, routed)           0.640     6.339    dbg_hub/inst/BSCANID.u_xsdbm_id/SWITCH_N_EXT_BSCAN.bscan_switch/m_bscan_drck[0]_INST_0_i_1_n_0
    SLICE_X102Y120       LUT4 (Prop_lut4_I3_O)        0.124     6.463 r  dbg_hub/inst/BSCANID.u_xsdbm_id/SWITCH_N_EXT_BSCAN.bscan_switch/m_bscan_sel[0]_INST_0/O
                         net (fo=2, routed)           1.171     7.634    dbg_hub/inst/BSCANID.u_xsdbm_id/CORE_XSDB.U_ICON/U_CMD/iTARGET_reg[6]_0
    SLICE_X97Y123        LUT1 (Prop_lut1_I0_O)        0.124     7.758 f  dbg_hub/inst/BSCANID.u_xsdbm_id/CORE_XSDB.U_ICON/U_CMD/iTARGET[15]_i_2/O
                         net (fo=10, routed)          0.534     8.292    dbg_hub/inst/BSCANID.u_xsdbm_id/CORE_XSDB.U_ICON/U_CMD/iSEL_n
    SLICE_X96Y124        FDCE                                         f  dbg_hub/inst/BSCANID.u_xsdbm_id/CORE_XSDB.U_ICON/U_CMD/iTARGET_reg[14]/CLR
  -------------------------------------------------------------------    -------------------

                         (clock dbg_hub/inst/BSCANID.u_xsdbm_id/SWITCH_N_EXT_BSCAN.bscan_inst/SERIES7_BSCAN.bscan_inst/TCK rise edge)
                                                     33.000    33.000 r  
    BSCAN_X0Y0           BSCANE2                      0.000    33.000 r  dbg_hub/inst/BSCANID.u_xsdbm_id/SWITCH_N_EXT_BSCAN.bscan_inst/SERIES7_BSCAN.bscan_inst/TCK
                         net (fo=1, routed)           1.849    34.849    dbg_hub/inst/BSCANID.u_xsdbm_id/tck_bs
    BUFGCTRL_X0Y16       BUFG (Prop_bufg_I_O)         0.091    34.940 r  dbg_hub/inst/BSCANID.u_xsdbm_id/SWITCH_N_EXT_BSCAN.u_bufg_icon_tck/O
                         net (fo=482, routed)         1.765    36.705    dbg_hub/inst/BSCANID.u_xsdbm_id/CORE_XSDB.U_ICON/U_CMD/m_bscan_tck[0]
    SLICE_X96Y124        FDCE                                         r  dbg_hub/inst/BSCANID.u_xsdbm_id/CORE_XSDB.U_ICON/U_CMD/iTARGET_reg[14]/C
                         clock pessimism              0.424    37.129    
                         clock uncertainty           -0.035    37.094    
    SLICE_X96Y124        FDCE (Recov_fdce_C_CLR)     -0.361    36.733    dbg_hub/inst/BSCANID.u_xsdbm_id/CORE_XSDB.U_ICON/U_CMD/iTARGET_reg[14]
  -------------------------------------------------------------------
                         required time                         36.733    
                         arrival time                          -8.292    
  -------------------------------------------------------------------
                         slack                                 28.441    

Slack (MET) :             28.441ns  (required time - arrival time)
  Source:                 dbg_hub/inst/BSCANID.u_xsdbm_id/SWITCH_N_EXT_BSCAN.bscan_switch/portno_reg[1]/C
                            (rising edge-triggered cell FDRE clocked by dbg_hub/inst/BSCANID.u_xsdbm_id/SWITCH_N_EXT_BSCAN.bscan_inst/SERIES7_BSCAN.bscan_inst/TCK  {rise@0.000ns fall@16.500ns period=33.000ns})
  Destination:            dbg_hub/inst/BSCANID.u_xsdbm_id/CORE_XSDB.U_ICON/U_CMD/iTARGET_reg[9]/CLR
                            (recovery check against rising-edge clock dbg_hub/inst/BSCANID.u_xsdbm_id/SWITCH_N_EXT_BSCAN.bscan_inst/SERIES7_BSCAN.bscan_inst/TCK  {rise@0.000ns fall@16.500ns period=33.000ns})
  Path Group:             **async_default**
  Path Type:              Recovery (Max at Slow Process Corner)
  Requirement:            33.000ns  (dbg_hub/inst/BSCANID.u_xsdbm_id/SWITCH_N_EXT_BSCAN.bscan_inst/SERIES7_BSCAN.bscan_inst/TCK rise@33.000ns - dbg_hub/inst/BSCANID.u_xsdbm_id/SWITCH_N_EXT_BSCAN.bscan_inst/SERIES7_BSCAN.bscan_inst/TCK rise@0.000ns)
  Data Path Delay:        4.094ns  (logic 0.890ns (21.740%)  route 3.204ns (78.260%))
  Logic Levels:           3  (LUT1=1 LUT4=1 LUT6=1)
  Clock Path Skew:        -0.069ns (DCD - SCD + CPR)
    Destination Clock Delay (DCD):    3.705ns = ( 36.705 - 33.000 ) 
    Source Clock Delay      (SCD):    4.198ns
    Clock Pessimism Removal (CPR):    0.424ns
  Clock Uncertainty:      0.035ns  ((TSJ^2 + TIJ^2)^1/2 + DJ) / 2 + PE
    Total System Jitter     (TSJ):    0.071ns
    Total Input Jitter      (TIJ):    0.000ns
    Discrete Jitter          (DJ):    0.000ns
    Phase Error              (PE):    0.000ns

    Location             Delay type                Incr(ns)  Path(ns)    Netlist Resource(s)
  -------------------------------------------------------------------    -------------------
                         (clock dbg_hub/inst/BSCANID.u_xsdbm_id/SWITCH_N_EXT_BSCAN.bscan_inst/SERIES7_BSCAN.bscan_inst/TCK rise edge)
                                                      0.000     0.000 r  
    BSCAN_X0Y0           BSCANE2                      0.000     0.000 r  dbg_hub/inst/BSCANID.u_xsdbm_id/SWITCH_N_EXT_BSCAN.bscan_inst/SERIES7_BSCAN.bscan_inst/TCK
                         net (fo=1, routed)           2.131     2.131    dbg_hub/inst/BSCANID.u_xsdbm_id/tck_bs
    BUFGCTRL_X0Y16       BUFG (Prop_bufg_I_O)         0.101     2.232 r  dbg_hub/inst/BSCANID.u_xsdbm_id/SWITCH_N_EXT_BSCAN.u_bufg_icon_tck/O
                         net (fo=482, routed)         1.966     4.198    dbg_hub/inst/BSCANID.u_xsdbm_id/SWITCH_N_EXT_BSCAN.bscan_switch/s_bscan_tck
    SLICE_X102Y118       FDRE                                         r  dbg_hub/inst/BSCANID.u_xsdbm_id/SWITCH_N_EXT_BSCAN.bscan_switch/portno_reg[1]/C
  -------------------------------------------------------------------    -------------------
    SLICE_X102Y118       FDRE (Prop_fdre_C_Q)         0.518     4.716 f  dbg_hub/inst/BSCANID.u_xsdbm_id/SWITCH_N_EXT_BSCAN.bscan_switch/portno_reg[1]/Q
                         net (fo=1, routed)           0.859     5.575    dbg_hub/inst/BSCANID.u_xsdbm_id/SWITCH_N_EXT_BSCAN.bscan_switch/portno[1]
    SLICE_X102Y118       LUT6 (Prop_lut6_I3_O)        0.124     5.699 f  dbg_hub/inst/BSCANID.u_xsdbm_id/SWITCH_N_EXT_BSCAN.bscan_switch/m_bscan_drck[0]_INST_0_i_1/O
                         net (fo=5, routed)           0.640     6.339    dbg_hub/inst/BSCANID.u_xsdbm_id/SWITCH_N_EXT_BSCAN.bscan_switch/m_bscan_drck[0]_INST_0_i_1_n_0
    SLICE_X102Y120       LUT4 (Prop_lut4_I3_O)        0.124     6.463 r  dbg_hub/inst/BSCANID.u_xsdbm_id/SWITCH_N_EXT_BSCAN.bscan_switch/m_bscan_sel[0]_INST_0/O
                         net (fo=2, routed)           1.171     7.634    dbg_hub/inst/BSCANID.u_xsdbm_id/CORE_XSDB.U_ICON/U_CMD/iTARGET_reg[6]_0
    SLICE_X97Y123        LUT1 (Prop_lut1_I0_O)        0.124     7.758 f  dbg_hub/inst/BSCANID.u_xsdbm_id/CORE_XSDB.U_ICON/U_CMD/iTARGET[15]_i_2/O
                         net (fo=10, routed)          0.534     8.292    dbg_hub/inst/BSCANID.u_xsdbm_id/CORE_XSDB.U_ICON/U_CMD/iSEL_n
    SLICE_X96Y124        FDCE                                         f  dbg_hub/inst/BSCANID.u_xsdbm_id/CORE_XSDB.U_ICON/U_CMD/iTARGET_reg[9]/CLR
  -------------------------------------------------------------------    -------------------

                         (clock dbg_hub/inst/BSCANID.u_xsdbm_id/SWITCH_N_EXT_BSCAN.bscan_inst/SERIES7_BSCAN.bscan_inst/TCK rise edge)
                                                     33.000    33.000 r  
    BSCAN_X0Y0           BSCANE2                      0.000    33.000 r  dbg_hub/inst/BSCANID.u_xsdbm_id/SWITCH_N_EXT_BSCAN.bscan_inst/SERIES7_BSCAN.bscan_inst/TCK
                         net (fo=1, routed)           1.849    34.849    dbg_hub/inst/BSCANID.u_xsdbm_id/tck_bs
    BUFGCTRL_X0Y16       BUFG (Prop_bufg_I_O)         0.091    34.940 r  dbg_hub/inst/BSCANID.u_xsdbm_id/SWITCH_N_EXT_BSCAN.u_bufg_icon_tck/O
                         net (fo=482, routed)         1.765    36.705    dbg_hub/inst/BSCANID.u_xsdbm_id/CORE_XSDB.U_ICON/U_CMD/m_bscan_tck[0]
    SLICE_X96Y124        FDCE                                         r  dbg_hub/inst/BSCANID.u_xsdbm_id/CORE_XSDB.U_ICON/U_CMD/iTARGET_reg[9]/C
                         clock pessimism              0.424    37.129    
                         clock uncertainty           -0.035    37.094    
    SLICE_X96Y124        FDCE (Recov_fdce_C_CLR)     -0.361    36.733    dbg_hub/inst/BSCANID.u_xsdbm_id/CORE_XSDB.U_ICON/U_CMD/iTARGET_reg[9]
  -------------------------------------------------------------------
                         required time                         36.733    
                         arrival time                          -8.292    
  -------------------------------------------------------------------
                         slack                                 28.441    

Slack (MET) :             28.483ns  (required time - arrival time)
  Source:                 dbg_hub/inst/BSCANID.u_xsdbm_id/SWITCH_N_EXT_BSCAN.bscan_switch/portno_reg[1]/C
                            (rising edge-triggered cell FDRE clocked by dbg_hub/inst/BSCANID.u_xsdbm_id/SWITCH_N_EXT_BSCAN.bscan_inst/SERIES7_BSCAN.bscan_inst/TCK  {rise@0.000ns fall@16.500ns period=33.000ns})
  Destination:            dbg_hub/inst/BSCANID.u_xsdbm_id/CORE_XSDB.U_ICON/U_CMD/iTARGET_reg[10]/CLR
                            (recovery check against rising-edge clock dbg_hub/inst/BSCANID.u_xsdbm_id/SWITCH_N_EXT_BSCAN.bscan_inst/SERIES7_BSCAN.bscan_inst/TCK  {rise@0.000ns fall@16.500ns period=33.000ns})
  Path Group:             **async_default**
  Path Type:              Recovery (Max at Slow Process Corner)
  Requirement:            33.000ns  (dbg_hub/inst/BSCANID.u_xsdbm_id/SWITCH_N_EXT_BSCAN.bscan_inst/SERIES7_BSCAN.bscan_inst/TCK rise@33.000ns - dbg_hub/inst/BSCANID.u_xsdbm_id/SWITCH_N_EXT_BSCAN.bscan_inst/SERIES7_BSCAN.bscan_inst/TCK rise@0.000ns)
  Data Path Delay:        4.094ns  (logic 0.890ns (21.740%)  route 3.204ns (78.260%))
  Logic Levels:           3  (LUT1=1 LUT4=1 LUT6=1)
  Clock Path Skew:        -0.069ns (DCD - SCD + CPR)
    Destination Clock Delay (DCD):    3.705ns = ( 36.705 - 33.000 ) 
    Source Clock Delay      (SCD):    4.198ns
    Clock Pessimism Removal (CPR):    0.424ns
  Clock Uncertainty:      0.035ns  ((TSJ^2 + TIJ^2)^1/2 + DJ) / 2 + PE
    Total System Jitter     (TSJ):    0.071ns
    Total Input Jitter      (TIJ):    0.000ns
    Discrete Jitter          (DJ):    0.000ns
    Phase Error              (PE):    0.000ns

    Location             Delay type                Incr(ns)  Path(ns)    Netlist Resource(s)
  -------------------------------------------------------------------    -------------------
                         (clock dbg_hub/inst/BSCANID.u_xsdbm_id/SWITCH_N_EXT_BSCAN.bscan_inst/SERIES7_BSCAN.bscan_inst/TCK rise edge)
                                                      0.000     0.000 r  
    BSCAN_X0Y0           BSCANE2                      0.000     0.000 r  dbg_hub/inst/BSCANID.u_xsdbm_id/SWITCH_N_EXT_BSCAN.bscan_inst/SERIES7_BSCAN.bscan_inst/TCK
                         net (fo=1, routed)           2.131     2.131    dbg_hub/inst/BSCANID.u_xsdbm_id/tck_bs
    BUFGCTRL_X0Y16       BUFG (Prop_bufg_I_O)         0.101     2.232 r  dbg_hub/inst/BSCANID.u_xsdbm_id/SWITCH_N_EXT_BSCAN.u_bufg_icon_tck/O
                         net (fo=482, routed)         1.966     4.198    dbg_hub/inst/BSCANID.u_xsdbm_id/SWITCH_N_EXT_BSCAN.bscan_switch/s_bscan_tck
    SLICE_X102Y118       FDRE                                         r  dbg_hub/inst/BSCANID.u_xsdbm_id/SWITCH_N_EXT_BSCAN.bscan_switch/portno_reg[1]/C
  -------------------------------------------------------------------    -------------------
    SLICE_X102Y118       FDRE (Prop_fdre_C_Q)         0.518     4.716 f  dbg_hub/inst/BSCANID.u_xsdbm_id/SWITCH_N_EXT_BSCAN.bscan_switch/portno_reg[1]/Q
                         net (fo=1, routed)           0.859     5.575    dbg_hub/inst/BSCANID.u_xsdbm_id/SWITCH_N_EXT_BSCAN.bscan_switch/portno[1]
    SLICE_X102Y118       LUT6 (Prop_lut6_I3_O)        0.124     5.699 f  dbg_hub/inst/BSCANID.u_xsdbm_id/SWITCH_N_EXT_BSCAN.bscan_switch/m_bscan_drck[0]_INST_0_i_1/O
                         net (fo=5, routed)           0.640     6.339    dbg_hub/inst/BSCANID.u_xsdbm_id/SWITCH_N_EXT_BSCAN.bscan_switch/m_bscan_drck[0]_INST_0_i_1_n_0
    SLICE_X102Y120       LUT4 (Prop_lut4_I3_O)        0.124     6.463 r  dbg_hub/inst/BSCANID.u_xsdbm_id/SWITCH_N_EXT_BSCAN.bscan_switch/m_bscan_sel[0]_INST_0/O
                         net (fo=2, routed)           1.171     7.634    dbg_hub/inst/BSCANID.u_xsdbm_id/CORE_XSDB.U_ICON/U_CMD/iTARGET_reg[6]_0
    SLICE_X97Y123        LUT1 (Prop_lut1_I0_O)        0.124     7.758 f  dbg_hub/inst/BSCANID.u_xsdbm_id/CORE_XSDB.U_ICON/U_CMD/iTARGET[15]_i_2/O
                         net (fo=10, routed)          0.534     8.292    dbg_hub/inst/BSCANID.u_xsdbm_id/CORE_XSDB.U_ICON/U_CMD/iSEL_n
    SLICE_X96Y124        FDCE                                         f  dbg_hub/inst/BSCANID.u_xsdbm_id/CORE_XSDB.U_ICON/U_CMD/iTARGET_reg[10]/CLR
  -------------------------------------------------------------------    -------------------

                         (clock dbg_hub/inst/BSCANID.u_xsdbm_id/SWITCH_N_EXT_BSCAN.bscan_inst/SERIES7_BSCAN.bscan_inst/TCK rise edge)
                                                     33.000    33.000 r  
    BSCAN_X0Y0           BSCANE2                      0.000    33.000 r  dbg_hub/inst/BSCANID.u_xsdbm_id/SWITCH_N_EXT_BSCAN.bscan_inst/SERIES7_BSCAN.bscan_inst/TCK
                         net (fo=1, routed)           1.849    34.849    dbg_hub/inst/BSCANID.u_xsdbm_id/tck_bs
    BUFGCTRL_X0Y16       BUFG (Prop_bufg_I_O)         0.091    34.940 r  dbg_hub/inst/BSCANID.u_xsdbm_id/SWITCH_N_EXT_BSCAN.u_bufg_icon_tck/O
                         net (fo=482, routed)         1.765    36.705    dbg_hub/inst/BSCANID.u_xsdbm_id/CORE_XSDB.U_ICON/U_CMD/m_bscan_tck[0]
    SLICE_X96Y124        FDCE                                         r  dbg_hub/inst/BSCANID.u_xsdbm_id/CORE_XSDB.U_ICON/U_CMD/iTARGET_reg[10]/C
                         clock pessimism              0.424    37.129    
                         clock uncertainty           -0.035    37.094    
    SLICE_X96Y124        FDCE (Recov_fdce_C_CLR)     -0.319    36.775    dbg_hub/inst/BSCANID.u_xsdbm_id/CORE_XSDB.U_ICON/U_CMD/iTARGET_reg[10]
  -------------------------------------------------------------------
                         required time                         36.775    
                         arrival time                          -8.292    
  -------------------------------------------------------------------
                         slack                                 28.483    

Slack (MET) :             28.483ns  (required time - arrival time)
  Source:                 dbg_hub/inst/BSCANID.u_xsdbm_id/SWITCH_N_EXT_BSCAN.bscan_switch/portno_reg[1]/C
                            (rising edge-triggered cell FDRE clocked by dbg_hub/inst/BSCANID.u_xsdbm_id/SWITCH_N_EXT_BSCAN.bscan_inst/SERIES7_BSCAN.bscan_inst/TCK  {rise@0.000ns fall@16.500ns period=33.000ns})
  Destination:            dbg_hub/inst/BSCANID.u_xsdbm_id/CORE_XSDB.U_ICON/U_CMD/iTARGET_reg[11]/CLR
                            (recovery check against rising-edge clock dbg_hub/inst/BSCANID.u_xsdbm_id/SWITCH_N_EXT_BSCAN.bscan_inst/SERIES7_BSCAN.bscan_inst/TCK  {rise@0.000ns fall@16.500ns period=33.000ns})
  Path Group:             **async_default**
  Path Type:              Recovery (Max at Slow Process Corner)
  Requirement:            33.000ns  (dbg_hub/inst/BSCANID.u_xsdbm_id/SWITCH_N_EXT_BSCAN.bscan_inst/SERIES7_BSCAN.bscan_inst/TCK rise@33.000ns - dbg_hub/inst/BSCANID.u_xsdbm_id/SWITCH_N_EXT_BSCAN.bscan_inst/SERIES7_BSCAN.bscan_inst/TCK rise@0.000ns)
  Data Path Delay:        4.094ns  (logic 0.890ns (21.740%)  route 3.204ns (78.260%))
  Logic Levels:           3  (LUT1=1 LUT4=1 LUT6=1)
  Clock Path Skew:        -0.069ns (DCD - SCD + CPR)
    Destination Clock Delay (DCD):    3.705ns = ( 36.705 - 33.000 ) 
    Source Clock Delay      (SCD):    4.198ns
    Clock Pessimism Removal (CPR):    0.424ns
  Clock Uncertainty:      0.035ns  ((TSJ^2 + TIJ^2)^1/2 + DJ) / 2 + PE
    Total System Jitter     (TSJ):    0.071ns
    Total Input Jitter      (TIJ):    0.000ns
    Discrete Jitter          (DJ):    0.000ns
    Phase Error              (PE):    0.000ns

    Location             Delay type                Incr(ns)  Path(ns)    Netlist Resource(s)
  -------------------------------------------------------------------    -------------------
                         (clock dbg_hub/inst/BSCANID.u_xsdbm_id/SWITCH_N_EXT_BSCAN.bscan_inst/SERIES7_BSCAN.bscan_inst/TCK rise edge)
                                                      0.000     0.000 r  
    BSCAN_X0Y0           BSCANE2                      0.000     0.000 r  dbg_hub/inst/BSCANID.u_xsdbm_id/SWITCH_N_EXT_BSCAN.bscan_inst/SERIES7_BSCAN.bscan_inst/TCK
                         net (fo=1, routed)           2.131     2.131    dbg_hub/inst/BSCANID.u_xsdbm_id/tck_bs
    BUFGCTRL_X0Y16       BUFG (Prop_bufg_I_O)         0.101     2.232 r  dbg_hub/inst/BSCANID.u_xsdbm_id/SWITCH_N_EXT_BSCAN.u_bufg_icon_tck/O
                         net (fo=482, routed)         1.966     4.198    dbg_hub/inst/BSCANID.u_xsdbm_id/SWITCH_N_EXT_BSCAN.bscan_switch/s_bscan_tck
    SLICE_X102Y118       FDRE                                         r  dbg_hub/inst/BSCANID.u_xsdbm_id/SWITCH_N_EXT_BSCAN.bscan_switch/portno_reg[1]/C
  -------------------------------------------------------------------    -------------------
    SLICE_X102Y118       FDRE (Prop_fdre_C_Q)         0.518     4.716 f  dbg_hub/inst/BSCANID.u_xsdbm_id/SWITCH_N_EXT_BSCAN.bscan_switch/portno_reg[1]/Q
                         net (fo=1, routed)           0.859     5.575    dbg_hub/inst/BSCANID.u_xsdbm_id/SWITCH_N_EXT_BSCAN.bscan_switch/portno[1]
    SLICE_X102Y118       LUT6 (Prop_lut6_I3_O)        0.124     5.699 f  dbg_hub/inst/BSCANID.u_xsdbm_id/SWITCH_N_EXT_BSCAN.bscan_switch/m_bscan_drck[0]_INST_0_i_1/O
                         net (fo=5, routed)           0.640     6.339    dbg_hub/inst/BSCANID.u_xsdbm_id/SWITCH_N_EXT_BSCAN.bscan_switch/m_bscan_drck[0]_INST_0_i_1_n_0
    SLICE_X102Y120       LUT4 (Prop_lut4_I3_O)        0.124     6.463 r  dbg_hub/inst/BSCANID.u_xsdbm_id/SWITCH_N_EXT_BSCAN.bscan_switch/m_bscan_sel[0]_INST_0/O
                         net (fo=2, routed)           1.171     7.634    dbg_hub/inst/BSCANID.u_xsdbm_id/CORE_XSDB.U_ICON/U_CMD/iTARGET_reg[6]_0
    SLICE_X97Y123        LUT1 (Prop_lut1_I0_O)        0.124     7.758 f  dbg_hub/inst/BSCANID.u_xsdbm_id/CORE_XSDB.U_ICON/U_CMD/iTARGET[15]_i_2/O
                         net (fo=10, routed)          0.534     8.292    dbg_hub/inst/BSCANID.u_xsdbm_id/CORE_XSDB.U_ICON/U_CMD/iSEL_n
    SLICE_X96Y124        FDCE                                         f  dbg_hub/inst/BSCANID.u_xsdbm_id/CORE_XSDB.U_ICON/U_CMD/iTARGET_reg[11]/CLR
  -------------------------------------------------------------------    -------------------

                         (clock dbg_hub/inst/BSCANID.u_xsdbm_id/SWITCH_N_EXT_BSCAN.bscan_inst/SERIES7_BSCAN.bscan_inst/TCK rise edge)
                                                     33.000    33.000 r  
    BSCAN_X0Y0           BSCANE2                      0.000    33.000 r  dbg_hub/inst/BSCANID.u_xsdbm_id/SWITCH_N_EXT_BSCAN.bscan_inst/SERIES7_BSCAN.bscan_inst/TCK
                         net (fo=1, routed)           1.849    34.849    dbg_hub/inst/BSCANID.u_xsdbm_id/tck_bs
    BUFGCTRL_X0Y16       BUFG (Prop_bufg_I_O)         0.091    34.940 r  dbg_hub/inst/BSCANID.u_xsdbm_id/SWITCH_N_EXT_BSCAN.u_bufg_icon_tck/O
                         net (fo=482, routed)         1.765    36.705    dbg_hub/inst/BSCANID.u_xsdbm_id/CORE_XSDB.U_ICON/U_CMD/m_bscan_tck[0]
    SLICE_X96Y124        FDCE                                         r  dbg_hub/inst/BSCANID.u_xsdbm_id/CORE_XSDB.U_ICON/U_CMD/iTARGET_reg[11]/C
                         clock pessimism              0.424    37.129    
                         clock uncertainty           -0.035    37.094    
    SLICE_X96Y124        FDCE (Recov_fdce_C_CLR)     -0.319    36.775    dbg_hub/inst/BSCANID.u_xsdbm_id/CORE_XSDB.U_ICON/U_CMD/iTARGET_reg[11]
  -------------------------------------------------------------------
                         required time                         36.775    
                         arrival time                          -8.292    
  -------------------------------------------------------------------
                         slack                                 28.483    

Slack (MET) :             28.483ns  (required time - arrival time)
  Source:                 dbg_hub/inst/BSCANID.u_xsdbm_id/SWITCH_N_EXT_BSCAN.bscan_switch/portno_reg[1]/C
                            (rising edge-triggered cell FDRE clocked by dbg_hub/inst/BSCANID.u_xsdbm_id/SWITCH_N_EXT_BSCAN.bscan_inst/SERIES7_BSCAN.bscan_inst/TCK  {rise@0.000ns fall@16.500ns period=33.000ns})
  Destination:            dbg_hub/inst/BSCANID.u_xsdbm_id/CORE_XSDB.U_ICON/U_CMD/iTARGET_reg[12]/CLR
                            (recovery check against rising-edge clock dbg_hub/inst/BSCANID.u_xsdbm_id/SWITCH_N_EXT_BSCAN.bscan_inst/SERIES7_BSCAN.bscan_inst/TCK  {rise@0.000ns fall@16.500ns period=33.000ns})
  Path Group:             **async_default**
  Path Type:              Recovery (Max at Slow Process Corner)
  Requirement:            33.000ns  (dbg_hub/inst/BSCANID.u_xsdbm_id/SWITCH_N_EXT_BSCAN.bscan_inst/SERIES7_BSCAN.bscan_inst/TCK rise@33.000ns - dbg_hub/inst/BSCANID.u_xsdbm_id/SWITCH_N_EXT_BSCAN.bscan_inst/SERIES7_BSCAN.bscan_inst/TCK rise@0.000ns)
  Data Path Delay:        4.094ns  (logic 0.890ns (21.740%)  route 3.204ns (78.260%))
  Logic Levels:           3  (LUT1=1 LUT4=1 LUT6=1)
  Clock Path Skew:        -0.069ns (DCD - SCD + CPR)
    Destination Clock Delay (DCD):    3.705ns = ( 36.705 - 33.000 ) 
    Source Clock Delay      (SCD):    4.198ns
    Clock Pessimism Removal (CPR):    0.424ns
  Clock Uncertainty:      0.035ns  ((TSJ^2 + TIJ^2)^1/2 + DJ) / 2 + PE
    Total System Jitter     (TSJ):    0.071ns
    Total Input Jitter      (TIJ):    0.000ns
    Discrete Jitter          (DJ):    0.000ns
    Phase Error              (PE):    0.000ns

    Location             Delay type                Incr(ns)  Path(ns)    Netlist Resource(s)
  -------------------------------------------------------------------    -------------------
                         (clock dbg_hub/inst/BSCANID.u_xsdbm_id/SWITCH_N_EXT_BSCAN.bscan_inst/SERIES7_BSCAN.bscan_inst/TCK rise edge)
                                                      0.000     0.000 r  
    BSCAN_X0Y0           BSCANE2                      0.000     0.000 r  dbg_hub/inst/BSCANID.u_xsdbm_id/SWITCH_N_EXT_BSCAN.bscan_inst/SERIES7_BSCAN.bscan_inst/TCK
                         net (fo=1, routed)           2.131     2.131    dbg_hub/inst/BSCANID.u_xsdbm_id/tck_bs
    BUFGCTRL_X0Y16       BUFG (Prop_bufg_I_O)         0.101     2.232 r  dbg_hub/inst/BSCANID.u_xsdbm_id/SWITCH_N_EXT_BSCAN.u_bufg_icon_tck/O
                         net (fo=482, routed)         1.966     4.198    dbg_hub/inst/BSCANID.u_xsdbm_id/SWITCH_N_EXT_BSCAN.bscan_switch/s_bscan_tck
    SLICE_X102Y118       FDRE                                         r  dbg_hub/inst/BSCANID.u_xsdbm_id/SWITCH_N_EXT_BSCAN.bscan_switch/portno_reg[1]/C
  -------------------------------------------------------------------    -------------------
    SLICE_X102Y118       FDRE (Prop_fdre_C_Q)         0.518     4.716 f  dbg_hub/inst/BSCANID.u_xsdbm_id/SWITCH_N_EXT_BSCAN.bscan_switch/portno_reg[1]/Q
                         net (fo=1, routed)           0.859     5.575    dbg_hub/inst/BSCANID.u_xsdbm_id/SWITCH_N_EXT_BSCAN.bscan_switch/portno[1]
    SLICE_X102Y118       LUT6 (Prop_lut6_I3_O)        0.124     5.699 f  dbg_hub/inst/BSCANID.u_xsdbm_id/SWITCH_N_EXT_BSCAN.bscan_switch/m_bscan_drck[0]_INST_0_i_1/O
                         net (fo=5, routed)           0.640     6.339    dbg_hub/inst/BSCANID.u_xsdbm_id/SWITCH_N_EXT_BSCAN.bscan_switch/m_bscan_drck[0]_INST_0_i_1_n_0
    SLICE_X102Y120       LUT4 (Prop_lut4_I3_O)        0.124     6.463 r  dbg_hub/inst/BSCANID.u_xsdbm_id/SWITCH_N_EXT_BSCAN.bscan_switch/m_bscan_sel[0]_INST_0/O
                         net (fo=2, routed)           1.171     7.634    dbg_hub/inst/BSCANID.u_xsdbm_id/CORE_XSDB.U_ICON/U_CMD/iTARGET_reg[6]_0
    SLICE_X97Y123        LUT1 (Prop_lut1_I0_O)        0.124     7.758 f  dbg_hub/inst/BSCANID.u_xsdbm_id/CORE_XSDB.U_ICON/U_CMD/iTARGET[15]_i_2/O
                         net (fo=10, routed)          0.534     8.292    dbg_hub/inst/BSCANID.u_xsdbm_id/CORE_XSDB.U_ICON/U_CMD/iSEL_n
    SLICE_X96Y124        FDCE                                         f  dbg_hub/inst/BSCANID.u_xsdbm_id/CORE_XSDB.U_ICON/U_CMD/iTARGET_reg[12]/CLR
  -------------------------------------------------------------------    -------------------

                         (clock dbg_hub/inst/BSCANID.u_xsdbm_id/SWITCH_N_EXT_BSCAN.bscan_inst/SERIES7_BSCAN.bscan_inst/TCK rise edge)
                                                     33.000    33.000 r  
    BSCAN_X0Y0           BSCANE2                      0.000    33.000 r  dbg_hub/inst/BSCANID.u_xsdbm_id/SWITCH_N_EXT_BSCAN.bscan_inst/SERIES7_BSCAN.bscan_inst/TCK
                         net (fo=1, routed)           1.849    34.849    dbg_hub/inst/BSCANID.u_xsdbm_id/tck_bs
    BUFGCTRL_X0Y16       BUFG (Prop_bufg_I_O)         0.091    34.940 r  dbg_hub/inst/BSCANID.u_xsdbm_id/SWITCH_N_EXT_BSCAN.u_bufg_icon_tck/O
                         net (fo=482, routed)         1.765    36.705    dbg_hub/inst/BSCANID.u_xsdbm_id/CORE_XSDB.U_ICON/U_CMD/m_bscan_tck[0]
    SLICE_X96Y124        FDCE                                         r  dbg_hub/inst/BSCANID.u_xsdbm_id/CORE_XSDB.U_ICON/U_CMD/iTARGET_reg[12]/C
                         clock pessimism              0.424    37.129    
                         clock uncertainty           -0.035    37.094    
    SLICE_X96Y124        FDCE (Recov_fdce_C_CLR)     -0.319    36.775    dbg_hub/inst/BSCANID.u_xsdbm_id/CORE_XSDB.U_ICON/U_CMD/iTARGET_reg[12]
  -------------------------------------------------------------------
                         required time                         36.775    
                         arrival time                          -8.292    
  -------------------------------------------------------------------
                         slack                                 28.483    

Slack (MET) :             28.483ns  (required time - arrival time)
  Source:                 dbg_hub/inst/BSCANID.u_xsdbm_id/SWITCH_N_EXT_BSCAN.bscan_switch/portno_reg[1]/C
                            (rising edge-triggered cell FDRE clocked by dbg_hub/inst/BSCANID.u_xsdbm_id/SWITCH_N_EXT_BSCAN.bscan_inst/SERIES7_BSCAN.bscan_inst/TCK  {rise@0.000ns fall@16.500ns period=33.000ns})
  Destination:            dbg_hub/inst/BSCANID.u_xsdbm_id/CORE_XSDB.U_ICON/U_CMD/iTARGET_reg[13]/CLR
                            (recovery check against rising-edge clock dbg_hub/inst/BSCANID.u_xsdbm_id/SWITCH_N_EXT_BSCAN.bscan_inst/SERIES7_BSCAN.bscan_inst/TCK  {rise@0.000ns fall@16.500ns period=33.000ns})
  Path Group:             **async_default**
  Path Type:              Recovery (Max at Slow Process Corner)
  Requirement:            33.000ns  (dbg_hub/inst/BSCANID.u_xsdbm_id/SWITCH_N_EXT_BSCAN.bscan_inst/SERIES7_BSCAN.bscan_inst/TCK rise@33.000ns - dbg_hub/inst/BSCANID.u_xsdbm_id/SWITCH_N_EXT_BSCAN.bscan_inst/SERIES7_BSCAN.bscan_inst/TCK rise@0.000ns)
  Data Path Delay:        4.094ns  (logic 0.890ns (21.740%)  route 3.204ns (78.260%))
  Logic Levels:           3  (LUT1=1 LUT4=1 LUT6=1)
  Clock Path Skew:        -0.069ns (DCD - SCD + CPR)
    Destination Clock Delay (DCD):    3.705ns = ( 36.705 - 33.000 ) 
    Source Clock Delay      (SCD):    4.198ns
    Clock Pessimism Removal (CPR):    0.424ns
  Clock Uncertainty:      0.035ns  ((TSJ^2 + TIJ^2)^1/2 + DJ) / 2 + PE
    Total System Jitter     (TSJ):    0.071ns
    Total Input Jitter      (TIJ):    0.000ns
    Discrete Jitter          (DJ):    0.000ns
    Phase Error              (PE):    0.000ns

    Location             Delay type                Incr(ns)  Path(ns)    Netlist Resource(s)
  -------------------------------------------------------------------    -------------------
                         (clock dbg_hub/inst/BSCANID.u_xsdbm_id/SWITCH_N_EXT_BSCAN.bscan_inst/SERIES7_BSCAN.bscan_inst/TCK rise edge)
                                                      0.000     0.000 r  
    BSCAN_X0Y0           BSCANE2                      0.000     0.000 r  dbg_hub/inst/BSCANID.u_xsdbm_id/SWITCH_N_EXT_BSCAN.bscan_inst/SERIES7_BSCAN.bscan_inst/TCK
                         net (fo=1, routed)           2.131     2.131    dbg_hub/inst/BSCANID.u_xsdbm_id/tck_bs
    BUFGCTRL_X0Y16       BUFG (Prop_bufg_I_O)         0.101     2.232 r  dbg_hub/inst/BSCANID.u_xsdbm_id/SWITCH_N_EXT_BSCAN.u_bufg_icon_tck/O
                         net (fo=482, routed)         1.966     4.198    dbg_hub/inst/BSCANID.u_xsdbm_id/SWITCH_N_EXT_BSCAN.bscan_switch/s_bscan_tck
    SLICE_X102Y118       FDRE                                         r  dbg_hub/inst/BSCANID.u_xsdbm_id/SWITCH_N_EXT_BSCAN.bscan_switch/portno_reg[1]/C
  -------------------------------------------------------------------    -------------------
    SLICE_X102Y118       FDRE (Prop_fdre_C_Q)         0.518     4.716 f  dbg_hub/inst/BSCANID.u_xsdbm_id/SWITCH_N_EXT_BSCAN.bscan_switch/portno_reg[1]/Q
                         net (fo=1, routed)           0.859     5.575    dbg_hub/inst/BSCANID.u_xsdbm_id/SWITCH_N_EXT_BSCAN.bscan_switch/portno[1]
    SLICE_X102Y118       LUT6 (Prop_lut6_I3_O)        0.124     5.699 f  dbg_hub/inst/BSCANID.u_xsdbm_id/SWITCH_N_EXT_BSCAN.bscan_switch/m_bscan_drck[0]_INST_0_i_1/O
                         net (fo=5, routed)           0.640     6.339    dbg_hub/inst/BSCANID.u_xsdbm_id/SWITCH_N_EXT_BSCAN.bscan_switch/m_bscan_drck[0]_INST_0_i_1_n_0
    SLICE_X102Y120       LUT4 (Prop_lut4_I3_O)        0.124     6.463 r  dbg_hub/inst/BSCANID.u_xsdbm_id/SWITCH_N_EXT_BSCAN.bscan_switch/m_bscan_sel[0]_INST_0/O
                         net (fo=2, routed)           1.171     7.634    dbg_hub/inst/BSCANID.u_xsdbm_id/CORE_XSDB.U_ICON/U_CMD/iTARGET_reg[6]_0
    SLICE_X97Y123        LUT1 (Prop_lut1_I0_O)        0.124     7.758 f  dbg_hub/inst/BSCANID.u_xsdbm_id/CORE_XSDB.U_ICON/U_CMD/iTARGET[15]_i_2/O
                         net (fo=10, routed)          0.534     8.292    dbg_hub/inst/BSCANID.u_xsdbm_id/CORE_XSDB.U_ICON/U_CMD/iSEL_n
    SLICE_X96Y124        FDCE                                         f  dbg_hub/inst/BSCANID.u_xsdbm_id/CORE_XSDB.U_ICON/U_CMD/iTARGET_reg[13]/CLR
  -------------------------------------------------------------------    -------------------

                         (clock dbg_hub/inst/BSCANID.u_xsdbm_id/SWITCH_N_EXT_BSCAN.bscan_inst/SERIES7_BSCAN.bscan_inst/TCK rise edge)
                                                     33.000    33.000 r  
    BSCAN_X0Y0           BSCANE2                      0.000    33.000 r  dbg_hub/inst/BSCANID.u_xsdbm_id/SWITCH_N_EXT_BSCAN.bscan_inst/SERIES7_BSCAN.bscan_inst/TCK
                         net (fo=1, routed)           1.849    34.849    dbg_hub/inst/BSCANID.u_xsdbm_id/tck_bs
    BUFGCTRL_X0Y16       BUFG (Prop_bufg_I_O)         0.091    34.940 r  dbg_hub/inst/BSCANID.u_xsdbm_id/SWITCH_N_EXT_BSCAN.u_bufg_icon_tck/O
                         net (fo=482, routed)         1.765    36.705    dbg_hub/inst/BSCANID.u_xsdbm_id/CORE_XSDB.U_ICON/U_CMD/m_bscan_tck[0]
    SLICE_X96Y124        FDCE                                         r  dbg_hub/inst/BSCANID.u_xsdbm_id/CORE_XSDB.U_ICON/U_CMD/iTARGET_reg[13]/C
                         clock pessimism              0.424    37.129    
                         clock uncertainty           -0.035    37.094    
    SLICE_X96Y124        FDCE (Recov_fdce_C_CLR)     -0.319    36.775    dbg_hub/inst/BSCANID.u_xsdbm_id/CORE_XSDB.U_ICON/U_CMD/iTARGET_reg[13]
  -------------------------------------------------------------------
                         required time                         36.775    
                         arrival time                          -8.292    
  -------------------------------------------------------------------
                         slack                                 28.483    

Slack (MET) :             28.590ns  (required time - arrival time)
  Source:                 dbg_hub/inst/BSCANID.u_xsdbm_id/SWITCH_N_EXT_BSCAN.bscan_switch/portno_reg[1]/C
                            (rising edge-triggered cell FDRE clocked by dbg_hub/inst/BSCANID.u_xsdbm_id/SWITCH_N_EXT_BSCAN.bscan_inst/SERIES7_BSCAN.bscan_inst/TCK  {rise@0.000ns fall@16.500ns period=33.000ns})
  Destination:            dbg_hub/inst/BSCANID.u_xsdbm_id/CORE_XSDB.U_ICON/U_CMD/iTARGET_reg[15]/CLR
                            (recovery check against rising-edge clock dbg_hub/inst/BSCANID.u_xsdbm_id/SWITCH_N_EXT_BSCAN.bscan_inst/SERIES7_BSCAN.bscan_inst/TCK  {rise@0.000ns fall@16.500ns period=33.000ns})
  Path Group:             **async_default**
  Path Type:              Recovery (Max at Slow Process Corner)
  Requirement:            33.000ns  (dbg_hub/inst/BSCANID.u_xsdbm_id/SWITCH_N_EXT_BSCAN.bscan_inst/SERIES7_BSCAN.bscan_inst/TCK rise@33.000ns - dbg_hub/inst/BSCANID.u_xsdbm_id/SWITCH_N_EXT_BSCAN.bscan_inst/SERIES7_BSCAN.bscan_inst/TCK rise@0.000ns)
  Data Path Delay:        3.903ns  (logic 0.890ns (22.803%)  route 3.013ns (77.197%))
  Logic Levels:           3  (LUT1=1 LUT4=1 LUT6=1)
  Clock Path Skew:        -0.067ns (DCD - SCD + CPR)
    Destination Clock Delay (DCD):    3.707ns = ( 36.707 - 33.000 ) 
    Source Clock Delay      (SCD):    4.198ns
    Clock Pessimism Removal (CPR):    0.424ns
  Clock Uncertainty:      0.035ns  ((TSJ^2 + TIJ^2)^1/2 + DJ) / 2 + PE
    Total System Jitter     (TSJ):    0.071ns
    Total Input Jitter      (TIJ):    0.000ns
    Discrete Jitter          (DJ):    0.000ns
    Phase Error              (PE):    0.000ns

    Location             Delay type                Incr(ns)  Path(ns)    Netlist Resource(s)
  -------------------------------------------------------------------    -------------------
                         (clock dbg_hub/inst/BSCANID.u_xsdbm_id/SWITCH_N_EXT_BSCAN.bscan_inst/SERIES7_BSCAN.bscan_inst/TCK rise edge)
                                                      0.000     0.000 r  
    BSCAN_X0Y0           BSCANE2                      0.000     0.000 r  dbg_hub/inst/BSCANID.u_xsdbm_id/SWITCH_N_EXT_BSCAN.bscan_inst/SERIES7_BSCAN.bscan_inst/TCK
                         net (fo=1, routed)           2.131     2.131    dbg_hub/inst/BSCANID.u_xsdbm_id/tck_bs
    BUFGCTRL_X0Y16       BUFG (Prop_bufg_I_O)         0.101     2.232 r  dbg_hub/inst/BSCANID.u_xsdbm_id/SWITCH_N_EXT_BSCAN.u_bufg_icon_tck/O
                         net (fo=482, routed)         1.966     4.198    dbg_hub/inst/BSCANID.u_xsdbm_id/SWITCH_N_EXT_BSCAN.bscan_switch/s_bscan_tck
    SLICE_X102Y118       FDRE                                         r  dbg_hub/inst/BSCANID.u_xsdbm_id/SWITCH_N_EXT_BSCAN.bscan_switch/portno_reg[1]/C
  -------------------------------------------------------------------    -------------------
    SLICE_X102Y118       FDRE (Prop_fdre_C_Q)         0.518     4.716 f  dbg_hub/inst/BSCANID.u_xsdbm_id/SWITCH_N_EXT_BSCAN.bscan_switch/portno_reg[1]/Q
                         net (fo=1, routed)           0.859     5.575    dbg_hub/inst/BSCANID.u_xsdbm_id/SWITCH_N_EXT_BSCAN.bscan_switch/portno[1]
    SLICE_X102Y118       LUT6 (Prop_lut6_I3_O)        0.124     5.699 f  dbg_hub/inst/BSCANID.u_xsdbm_id/SWITCH_N_EXT_BSCAN.bscan_switch/m_bscan_drck[0]_INST_0_i_1/O
                         net (fo=5, routed)           0.640     6.339    dbg_hub/inst/BSCANID.u_xsdbm_id/SWITCH_N_EXT_BSCAN.bscan_switch/m_bscan_drck[0]_INST_0_i_1_n_0
    SLICE_X102Y120       LUT4 (Prop_lut4_I3_O)        0.124     6.463 r  dbg_hub/inst/BSCANID.u_xsdbm_id/SWITCH_N_EXT_BSCAN.bscan_switch/m_bscan_sel[0]_INST_0/O
                         net (fo=2, routed)           1.171     7.634    dbg_hub/inst/BSCANID.u_xsdbm_id/CORE_XSDB.U_ICON/U_CMD/iTARGET_reg[6]_0
    SLICE_X97Y123        LUT1 (Prop_lut1_I0_O)        0.124     7.758 f  dbg_hub/inst/BSCANID.u_xsdbm_id/CORE_XSDB.U_ICON/U_CMD/iTARGET[15]_i_2/O
                         net (fo=10, routed)          0.343     8.101    dbg_hub/inst/BSCANID.u_xsdbm_id/CORE_XSDB.U_ICON/U_CMD/iSEL_n
    SLICE_X95Y123        FDCE                                         f  dbg_hub/inst/BSCANID.u_xsdbm_id/CORE_XSDB.U_ICON/U_CMD/iTARGET_reg[15]/CLR
  -------------------------------------------------------------------    -------------------

                         (clock dbg_hub/inst/BSCANID.u_xsdbm_id/SWITCH_N_EXT_BSCAN.bscan_inst/SERIES7_BSCAN.bscan_inst/TCK rise edge)
                                                     33.000    33.000 r  
    BSCAN_X0Y0           BSCANE2                      0.000    33.000 r  dbg_hub/inst/BSCANID.u_xsdbm_id/SWITCH_N_EXT_BSCAN.bscan_inst/SERIES7_BSCAN.bscan_inst/TCK
                         net (fo=1, routed)           1.849    34.849    dbg_hub/inst/BSCANID.u_xsdbm_id/tck_bs
    BUFGCTRL_X0Y16       BUFG (Prop_bufg_I_O)         0.091    34.940 r  dbg_hub/inst/BSCANID.u_xsdbm_id/SWITCH_N_EXT_BSCAN.u_bufg_icon_tck/O
                         net (fo=482, routed)         1.767    36.707    dbg_hub/inst/BSCANID.u_xsdbm_id/CORE_XSDB.U_ICON/U_CMD/m_bscan_tck[0]
    SLICE_X95Y123        FDCE                                         r  dbg_hub/inst/BSCANID.u_xsdbm_id/CORE_XSDB.U_ICON/U_CMD/iTARGET_reg[15]/C
                         clock pessimism              0.424    37.131    
                         clock uncertainty           -0.035    37.096    
    SLICE_X95Y123        FDCE (Recov_fdce_C_CLR)     -0.405    36.691    dbg_hub/inst/BSCANID.u_xsdbm_id/CORE_XSDB.U_ICON/U_CMD/iTARGET_reg[15]
  -------------------------------------------------------------------
                         required time                         36.691    
                         arrival time                          -8.101    
  -------------------------------------------------------------------
                         slack                                 28.590    

Slack (MET) :             28.590ns  (required time - arrival time)
  Source:                 dbg_hub/inst/BSCANID.u_xsdbm_id/SWITCH_N_EXT_BSCAN.bscan_switch/portno_reg[1]/C
                            (rising edge-triggered cell FDRE clocked by dbg_hub/inst/BSCANID.u_xsdbm_id/SWITCH_N_EXT_BSCAN.bscan_inst/SERIES7_BSCAN.bscan_inst/TCK  {rise@0.000ns fall@16.500ns period=33.000ns})
  Destination:            dbg_hub/inst/BSCANID.u_xsdbm_id/CORE_XSDB.U_ICON/U_CMD/iTARGET_reg[6]/CLR
                            (recovery check against rising-edge clock dbg_hub/inst/BSCANID.u_xsdbm_id/SWITCH_N_EXT_BSCAN.bscan_inst/SERIES7_BSCAN.bscan_inst/TCK  {rise@0.000ns fall@16.500ns period=33.000ns})
  Path Group:             **async_default**
  Path Type:              Recovery (Max at Slow Process Corner)
  Requirement:            33.000ns  (dbg_hub/inst/BSCANID.u_xsdbm_id/SWITCH_N_EXT_BSCAN.bscan_inst/SERIES7_BSCAN.bscan_inst/TCK rise@33.000ns - dbg_hub/inst/BSCANID.u_xsdbm_id/SWITCH_N_EXT_BSCAN.bscan_inst/SERIES7_BSCAN.bscan_inst/TCK rise@0.000ns)
  Data Path Delay:        3.903ns  (logic 0.890ns (22.803%)  route 3.013ns (77.197%))
  Logic Levels:           3  (LUT1=1 LUT4=1 LUT6=1)
  Clock Path Skew:        -0.067ns (DCD - SCD + CPR)
    Destination Clock Delay (DCD):    3.707ns = ( 36.707 - 33.000 ) 
    Source Clock Delay      (SCD):    4.198ns
    Clock Pessimism Removal (CPR):    0.424ns
  Clock Uncertainty:      0.035ns  ((TSJ^2 + TIJ^2)^1/2 + DJ) / 2 + PE
    Total System Jitter     (TSJ):    0.071ns
    Total Input Jitter      (TIJ):    0.000ns
    Discrete Jitter          (DJ):    0.000ns
    Phase Error              (PE):    0.000ns

    Location             Delay type                Incr(ns)  Path(ns)    Netlist Resource(s)
  -------------------------------------------------------------------    -------------------
                         (clock dbg_hub/inst/BSCANID.u_xsdbm_id/SWITCH_N_EXT_BSCAN.bscan_inst/SERIES7_BSCAN.bscan_inst/TCK rise edge)
                                                      0.000     0.000 r  
    BSCAN_X0Y0           BSCANE2                      0.000     0.000 r  dbg_hub/inst/BSCANID.u_xsdbm_id/SWITCH_N_EXT_BSCAN.bscan_inst/SERIES7_BSCAN.bscan_inst/TCK
                         net (fo=1, routed)           2.131     2.131    dbg_hub/inst/BSCANID.u_xsdbm_id/tck_bs
    BUFGCTRL_X0Y16       BUFG (Prop_bufg_I_O)         0.101     2.232 r  dbg_hub/inst/BSCANID.u_xsdbm_id/SWITCH_N_EXT_BSCAN.u_bufg_icon_tck/O
                         net (fo=482, routed)         1.966     4.198    dbg_hub/inst/BSCANID.u_xsdbm_id/SWITCH_N_EXT_BSCAN.bscan_switch/s_bscan_tck
    SLICE_X102Y118       FDRE                                         r  dbg_hub/inst/BSCANID.u_xsdbm_id/SWITCH_N_EXT_BSCAN.bscan_switch/portno_reg[1]/C
  -------------------------------------------------------------------    -------------------
    SLICE_X102Y118       FDRE (Prop_fdre_C_Q)         0.518     4.716 f  dbg_hub/inst/BSCANID.u_xsdbm_id/SWITCH_N_EXT_BSCAN.bscan_switch/portno_reg[1]/Q
                         net (fo=1, routed)           0.859     5.575    dbg_hub/inst/BSCANID.u_xsdbm_id/SWITCH_N_EXT_BSCAN.bscan_switch/portno[1]
    SLICE_X102Y118       LUT6 (Prop_lut6_I3_O)        0.124     5.699 f  dbg_hub/inst/BSCANID.u_xsdbm_id/SWITCH_N_EXT_BSCAN.bscan_switch/m_bscan_drck[0]_INST_0_i_1/O
                         net (fo=5, routed)           0.640     6.339    dbg_hub/inst/BSCANID.u_xsdbm_id/SWITCH_N_EXT_BSCAN.bscan_switch/m_bscan_drck[0]_INST_0_i_1_n_0
    SLICE_X102Y120       LUT4 (Prop_lut4_I3_O)        0.124     6.463 r  dbg_hub/inst/BSCANID.u_xsdbm_id/SWITCH_N_EXT_BSCAN.bscan_switch/m_bscan_sel[0]_INST_0/O
                         net (fo=2, routed)           1.171     7.634    dbg_hub/inst/BSCANID.u_xsdbm_id/CORE_XSDB.U_ICON/U_CMD/iTARGET_reg[6]_0
    SLICE_X97Y123        LUT1 (Prop_lut1_I0_O)        0.124     7.758 f  dbg_hub/inst/BSCANID.u_xsdbm_id/CORE_XSDB.U_ICON/U_CMD/iTARGET[15]_i_2/O
                         net (fo=10, routed)          0.343     8.101    dbg_hub/inst/BSCANID.u_xsdbm_id/CORE_XSDB.U_ICON/U_CMD/iSEL_n
    SLICE_X95Y123        FDCE                                         f  dbg_hub/inst/BSCANID.u_xsdbm_id/CORE_XSDB.U_ICON/U_CMD/iTARGET_reg[6]/CLR
  -------------------------------------------------------------------    -------------------

                         (clock dbg_hub/inst/BSCANID.u_xsdbm_id/SWITCH_N_EXT_BSCAN.bscan_inst/SERIES7_BSCAN.bscan_inst/TCK rise edge)
                                                     33.000    33.000 r  
    BSCAN_X0Y0           BSCANE2                      0.000    33.000 r  dbg_hub/inst/BSCANID.u_xsdbm_id/SWITCH_N_EXT_BSCAN.bscan_inst/SERIES7_BSCAN.bscan_inst/TCK
                         net (fo=1, routed)           1.849    34.849    dbg_hub/inst/BSCANID.u_xsdbm_id/tck_bs
    BUFGCTRL_X0Y16       BUFG (Prop_bufg_I_O)         0.091    34.940 r  dbg_hub/inst/BSCANID.u_xsdbm_id/SWITCH_N_EXT_BSCAN.u_bufg_icon_tck/O
                         net (fo=482, routed)         1.767    36.707    dbg_hub/inst/BSCANID.u_xsdbm_id/CORE_XSDB.U_ICON/U_CMD/m_bscan_tck[0]
    SLICE_X95Y123        FDCE                                         r  dbg_hub/inst/BSCANID.u_xsdbm_id/CORE_XSDB.U_ICON/U_CMD/iTARGET_reg[6]/C
                         clock pessimism              0.424    37.131    
                         clock uncertainty           -0.035    37.096    
    SLICE_X95Y123        FDCE (Recov_fdce_C_CLR)     -0.405    36.691    dbg_hub/inst/BSCANID.u_xsdbm_id/CORE_XSDB.U_ICON/U_CMD/iTARGET_reg[6]
  -------------------------------------------------------------------
                         required time                         36.691    
                         arrival time                          -8.101    
  -------------------------------------------------------------------
                         slack                                 28.590    

Slack (MET) :             28.590ns  (required time - arrival time)
  Source:                 dbg_hub/inst/BSCANID.u_xsdbm_id/SWITCH_N_EXT_BSCAN.bscan_switch/portno_reg[1]/C
                            (rising edge-triggered cell FDRE clocked by dbg_hub/inst/BSCANID.u_xsdbm_id/SWITCH_N_EXT_BSCAN.bscan_inst/SERIES7_BSCAN.bscan_inst/TCK  {rise@0.000ns fall@16.500ns period=33.000ns})
  Destination:            dbg_hub/inst/BSCANID.u_xsdbm_id/CORE_XSDB.U_ICON/U_CMD/iTARGET_reg[7]/CLR
                            (recovery check against rising-edge clock dbg_hub/inst/BSCANID.u_xsdbm_id/SWITCH_N_EXT_BSCAN.bscan_inst/SERIES7_BSCAN.bscan_inst/TCK  {rise@0.000ns fall@16.500ns period=33.000ns})
  Path Group:             **async_default**
  Path Type:              Recovery (Max at Slow Process Corner)
  Requirement:            33.000ns  (dbg_hub/inst/BSCANID.u_xsdbm_id/SWITCH_N_EXT_BSCAN.bscan_inst/SERIES7_BSCAN.bscan_inst/TCK rise@33.000ns - dbg_hub/inst/BSCANID.u_xsdbm_id/SWITCH_N_EXT_BSCAN.bscan_inst/SERIES7_BSCAN.bscan_inst/TCK rise@0.000ns)
  Data Path Delay:        3.903ns  (logic 0.890ns (22.803%)  route 3.013ns (77.197%))
  Logic Levels:           3  (LUT1=1 LUT4=1 LUT6=1)
  Clock Path Skew:        -0.067ns (DCD - SCD + CPR)
    Destination Clock Delay (DCD):    3.707ns = ( 36.707 - 33.000 ) 
    Source Clock Delay      (SCD):    4.198ns
    Clock Pessimism Removal (CPR):    0.424ns
  Clock Uncertainty:      0.035ns  ((TSJ^2 + TIJ^2)^1/2 + DJ) / 2 + PE
    Total System Jitter     (TSJ):    0.071ns
    Total Input Jitter      (TIJ):    0.000ns
    Discrete Jitter          (DJ):    0.000ns
    Phase Error              (PE):    0.000ns

    Location             Delay type                Incr(ns)  Path(ns)    Netlist Resource(s)
  -------------------------------------------------------------------    -------------------
                         (clock dbg_hub/inst/BSCANID.u_xsdbm_id/SWITCH_N_EXT_BSCAN.bscan_inst/SERIES7_BSCAN.bscan_inst/TCK rise edge)
                                                      0.000     0.000 r  
    BSCAN_X0Y0           BSCANE2                      0.000     0.000 r  dbg_hub/inst/BSCANID.u_xsdbm_id/SWITCH_N_EXT_BSCAN.bscan_inst/SERIES7_BSCAN.bscan_inst/TCK
                         net (fo=1, routed)           2.131     2.131    dbg_hub/inst/BSCANID.u_xsdbm_id/tck_bs
    BUFGCTRL_X0Y16       BUFG (Prop_bufg_I_O)         0.101     2.232 r  dbg_hub/inst/BSCANID.u_xsdbm_id/SWITCH_N_EXT_BSCAN.u_bufg_icon_tck/O
                         net (fo=482, routed)         1.966     4.198    dbg_hub/inst/BSCANID.u_xsdbm_id/SWITCH_N_EXT_BSCAN.bscan_switch/s_bscan_tck
    SLICE_X102Y118       FDRE                                         r  dbg_hub/inst/BSCANID.u_xsdbm_id/SWITCH_N_EXT_BSCAN.bscan_switch/portno_reg[1]/C
  -------------------------------------------------------------------    -------------------
    SLICE_X102Y118       FDRE (Prop_fdre_C_Q)         0.518     4.716 f  dbg_hub/inst/BSCANID.u_xsdbm_id/SWITCH_N_EXT_BSCAN.bscan_switch/portno_reg[1]/Q
                         net (fo=1, routed)           0.859     5.575    dbg_hub/inst/BSCANID.u_xsdbm_id/SWITCH_N_EXT_BSCAN.bscan_switch/portno[1]
    SLICE_X102Y118       LUT6 (Prop_lut6_I3_O)        0.124     5.699 f  dbg_hub/inst/BSCANID.u_xsdbm_id/SWITCH_N_EXT_BSCAN.bscan_switch/m_bscan_drck[0]_INST_0_i_1/O
                         net (fo=5, routed)           0.640     6.339    dbg_hub/inst/BSCANID.u_xsdbm_id/SWITCH_N_EXT_BSCAN.bscan_switch/m_bscan_drck[0]_INST_0_i_1_n_0
    SLICE_X102Y120       LUT4 (Prop_lut4_I3_O)        0.124     6.463 r  dbg_hub/inst/BSCANID.u_xsdbm_id/SWITCH_N_EXT_BSCAN.bscan_switch/m_bscan_sel[0]_INST_0/O
                         net (fo=2, routed)           1.171     7.634    dbg_hub/inst/BSCANID.u_xsdbm_id/CORE_XSDB.U_ICON/U_CMD/iTARGET_reg[6]_0
    SLICE_X97Y123        LUT1 (Prop_lut1_I0_O)        0.124     7.758 f  dbg_hub/inst/BSCANID.u_xsdbm_id/CORE_XSDB.U_ICON/U_CMD/iTARGET[15]_i_2/O
                         net (fo=10, routed)          0.343     8.101    dbg_hub/inst/BSCANID.u_xsdbm_id/CORE_XSDB.U_ICON/U_CMD/iSEL_n
    SLICE_X95Y123        FDCE                                         f  dbg_hub/inst/BSCANID.u_xsdbm_id/CORE_XSDB.U_ICON/U_CMD/iTARGET_reg[7]/CLR
  -------------------------------------------------------------------    -------------------

                         (clock dbg_hub/inst/BSCANID.u_xsdbm_id/SWITCH_N_EXT_BSCAN.bscan_inst/SERIES7_BSCAN.bscan_inst/TCK rise edge)
                                                     33.000    33.000 r  
    BSCAN_X0Y0           BSCANE2                      0.000    33.000 r  dbg_hub/inst/BSCANID.u_xsdbm_id/SWITCH_N_EXT_BSCAN.bscan_inst/SERIES7_BSCAN.bscan_inst/TCK
                         net (fo=1, routed)           1.849    34.849    dbg_hub/inst/BSCANID.u_xsdbm_id/tck_bs
    BUFGCTRL_X0Y16       BUFG (Prop_bufg_I_O)         0.091    34.940 r  dbg_hub/inst/BSCANID.u_xsdbm_id/SWITCH_N_EXT_BSCAN.u_bufg_icon_tck/O
                         net (fo=482, routed)         1.767    36.707    dbg_hub/inst/BSCANID.u_xsdbm_id/CORE_XSDB.U_ICON/U_CMD/m_bscan_tck[0]
    SLICE_X95Y123        FDCE                                         r  dbg_hub/inst/BSCANID.u_xsdbm_id/CORE_XSDB.U_ICON/U_CMD/iTARGET_reg[7]/C
                         clock pessimism              0.424    37.131    
                         clock uncertainty           -0.035    37.096    
    SLICE_X95Y123        FDCE (Recov_fdce_C_CLR)     -0.405    36.691    dbg_hub/inst/BSCANID.u_xsdbm_id/CORE_XSDB.U_ICON/U_CMD/iTARGET_reg[7]
  -------------------------------------------------------------------
                         required time                         36.691    
                         arrival time                          -8.101    
  -------------------------------------------------------------------
                         slack                                 28.590    

Slack (MET) :             28.590ns  (required time - arrival time)
  Source:                 dbg_hub/inst/BSCANID.u_xsdbm_id/SWITCH_N_EXT_BSCAN.bscan_switch/portno_reg[1]/C
                            (rising edge-triggered cell FDRE clocked by dbg_hub/inst/BSCANID.u_xsdbm_id/SWITCH_N_EXT_BSCAN.bscan_inst/SERIES7_BSCAN.bscan_inst/TCK  {rise@0.000ns fall@16.500ns period=33.000ns})
  Destination:            dbg_hub/inst/BSCANID.u_xsdbm_id/CORE_XSDB.U_ICON/U_CMD/iTARGET_reg[8]/CLR
                            (recovery check against rising-edge clock dbg_hub/inst/BSCANID.u_xsdbm_id/SWITCH_N_EXT_BSCAN.bscan_inst/SERIES7_BSCAN.bscan_inst/TCK  {rise@0.000ns fall@16.500ns period=33.000ns})
  Path Group:             **async_default**
  Path Type:              Recovery (Max at Slow Process Corner)
  Requirement:            33.000ns  (dbg_hub/inst/BSCANID.u_xsdbm_id/SWITCH_N_EXT_BSCAN.bscan_inst/SERIES7_BSCAN.bscan_inst/TCK rise@33.000ns - dbg_hub/inst/BSCANID.u_xsdbm_id/SWITCH_N_EXT_BSCAN.bscan_inst/SERIES7_BSCAN.bscan_inst/TCK rise@0.000ns)
  Data Path Delay:        3.903ns  (logic 0.890ns (22.803%)  route 3.013ns (77.197%))
  Logic Levels:           3  (LUT1=1 LUT4=1 LUT6=1)
  Clock Path Skew:        -0.067ns (DCD - SCD + CPR)
    Destination Clock Delay (DCD):    3.707ns = ( 36.707 - 33.000 ) 
    Source Clock Delay      (SCD):    4.198ns
    Clock Pessimism Removal (CPR):    0.424ns
  Clock Uncertainty:      0.035ns  ((TSJ^2 + TIJ^2)^1/2 + DJ) / 2 + PE
    Total System Jitter     (TSJ):    0.071ns
    Total Input Jitter      (TIJ):    0.000ns
    Discrete Jitter          (DJ):    0.000ns
    Phase Error              (PE):    0.000ns

    Location             Delay type                Incr(ns)  Path(ns)    Netlist Resource(s)
  -------------------------------------------------------------------    -------------------
                         (clock dbg_hub/inst/BSCANID.u_xsdbm_id/SWITCH_N_EXT_BSCAN.bscan_inst/SERIES7_BSCAN.bscan_inst/TCK rise edge)
                                                      0.000     0.000 r  
    BSCAN_X0Y0           BSCANE2                      0.000     0.000 r  dbg_hub/inst/BSCANID.u_xsdbm_id/SWITCH_N_EXT_BSCAN.bscan_inst/SERIES7_BSCAN.bscan_inst/TCK
                         net (fo=1, routed)           2.131     2.131    dbg_hub/inst/BSCANID.u_xsdbm_id/tck_bs
    BUFGCTRL_X0Y16       BUFG (Prop_bufg_I_O)         0.101     2.232 r  dbg_hub/inst/BSCANID.u_xsdbm_id/SWITCH_N_EXT_BSCAN.u_bufg_icon_tck/O
                         net (fo=482, routed)         1.966     4.198    dbg_hub/inst/BSCANID.u_xsdbm_id/SWITCH_N_EXT_BSCAN.bscan_switch/s_bscan_tck
    SLICE_X102Y118       FDRE                                         r  dbg_hub/inst/BSCANID.u_xsdbm_id/SWITCH_N_EXT_BSCAN.bscan_switch/portno_reg[1]/C
  -------------------------------------------------------------------    -------------------
    SLICE_X102Y118       FDRE (Prop_fdre_C_Q)         0.518     4.716 f  dbg_hub/inst/BSCANID.u_xsdbm_id/SWITCH_N_EXT_BSCAN.bscan_switch/portno_reg[1]/Q
                         net (fo=1, routed)           0.859     5.575    dbg_hub/inst/BSCANID.u_xsdbm_id/SWITCH_N_EXT_BSCAN.bscan_switch/portno[1]
    SLICE_X102Y118       LUT6 (Prop_lut6_I3_O)        0.124     5.699 f  dbg_hub/inst/BSCANID.u_xsdbm_id/SWITCH_N_EXT_BSCAN.bscan_switch/m_bscan_drck[0]_INST_0_i_1/O
                         net (fo=5, routed)           0.640     6.339    dbg_hub/inst/BSCANID.u_xsdbm_id/SWITCH_N_EXT_BSCAN.bscan_switch/m_bscan_drck[0]_INST_0_i_1_n_0
    SLICE_X102Y120       LUT4 (Prop_lut4_I3_O)        0.124     6.463 r  dbg_hub/inst/BSCANID.u_xsdbm_id/SWITCH_N_EXT_BSCAN.bscan_switch/m_bscan_sel[0]_INST_0/O
                         net (fo=2, routed)           1.171     7.634    dbg_hub/inst/BSCANID.u_xsdbm_id/CORE_XSDB.U_ICON/U_CMD/iTARGET_reg[6]_0
    SLICE_X97Y123        LUT1 (Prop_lut1_I0_O)        0.124     7.758 f  dbg_hub/inst/BSCANID.u_xsdbm_id/CORE_XSDB.U_ICON/U_CMD/iTARGET[15]_i_2/O
                         net (fo=10, routed)          0.343     8.101    dbg_hub/inst/BSCANID.u_xsdbm_id/CORE_XSDB.U_ICON/U_CMD/iSEL_n
    SLICE_X95Y123        FDCE                                         f  dbg_hub/inst/BSCANID.u_xsdbm_id/CORE_XSDB.U_ICON/U_CMD/iTARGET_reg[8]/CLR
  -------------------------------------------------------------------    -------------------

                         (clock dbg_hub/inst/BSCANID.u_xsdbm_id/SWITCH_N_EXT_BSCAN.bscan_inst/SERIES7_BSCAN.bscan_inst/TCK rise edge)
                                                     33.000    33.000 r  
    BSCAN_X0Y0           BSCANE2                      0.000    33.000 r  dbg_hub/inst/BSCANID.u_xsdbm_id/SWITCH_N_EXT_BSCAN.bscan_inst/SERIES7_BSCAN.bscan_inst/TCK
                         net (fo=1, routed)           1.849    34.849    dbg_hub/inst/BSCANID.u_xsdbm_id/tck_bs
    BUFGCTRL_X0Y16       BUFG (Prop_bufg_I_O)         0.091    34.940 r  dbg_hub/inst/BSCANID.u_xsdbm_id/SWITCH_N_EXT_BSCAN.u_bufg_icon_tck/O
                         net (fo=482, routed)         1.767    36.707    dbg_hub/inst/BSCANID.u_xsdbm_id/CORE_XSDB.U_ICON/U_CMD/m_bscan_tck[0]
    SLICE_X95Y123        FDCE                                         r  dbg_hub/inst/BSCANID.u_xsdbm_id/CORE_XSDB.U_ICON/U_CMD/iTARGET_reg[8]/C
                         clock pessimism              0.424    37.131    
                         clock uncertainty           -0.035    37.096    
    SLICE_X95Y123        FDCE (Recov_fdce_C_CLR)     -0.405    36.691    dbg_hub/inst/BSCANID.u_xsdbm_id/CORE_XSDB.U_ICON/U_CMD/iTARGET_reg[8]
  -------------------------------------------------------------------
                         required time                         36.691    
                         arrival time                          -8.101    
  -------------------------------------------------------------------
                         slack                                 28.590    





Min Delay Paths
--------------------------------------------------------------------------------------
Slack (MET) :             0.358ns  (arrival time - required time)
  Source:                 dbg_hub/inst/BSCANID.u_xsdbm_id/CORE_XSDB.UUT_MASTER/U_ICON_INTERFACE/U_CMD6_RD/U_RD_FIFO/SUBCORE_FIFO.xsdbm_v3_0_0_rdfifo_inst/inst_fifo_gen/gconvfifo.rf/grf.rf/rstblk/ngwrdrst.grst.g7serrst.rd_rst_reg_reg[1]/C
                            (rising edge-triggered cell FDPE clocked by dbg_hub/inst/BSCANID.u_xsdbm_id/SWITCH_N_EXT_BSCAN.bscan_inst/SERIES7_BSCAN.bscan_inst/TCK  {rise@0.000ns fall@16.500ns period=33.000ns})
  Destination:            dbg_hub/inst/BSCANID.u_xsdbm_id/CORE_XSDB.UUT_MASTER/U_ICON_INTERFACE/U_CMD6_RD/U_RD_FIFO/SUBCORE_FIFO.xsdbm_v3_0_0_rdfifo_inst/inst_fifo_gen/gconvfifo.rf/grf.rf/gntv_or_sync_fifo.gcx.clkx/gnxpm_cdc.gsync_stage[1].rd_stg_inst/Q_reg_reg[0]/CLR
                            (removal check against rising-edge clock dbg_hub/inst/BSCANID.u_xsdbm_id/SWITCH_N_EXT_BSCAN.bscan_inst/SERIES7_BSCAN.bscan_inst/TCK  {rise@0.000ns fall@16.500ns period=33.000ns})
  Path Group:             **async_default**
  Path Type:              Removal (Min at Fast Process Corner)
  Requirement:            0.000ns  (dbg_hub/inst/BSCANID.u_xsdbm_id/SWITCH_N_EXT_BSCAN.bscan_inst/SERIES7_BSCAN.bscan_inst/TCK rise@0.000ns - dbg_hub/inst/BSCANID.u_xsdbm_id/SWITCH_N_EXT_BSCAN.bscan_inst/SERIES7_BSCAN.bscan_inst/TCK rise@0.000ns)
  Data Path Delay:        0.301ns  (logic 0.164ns (54.553%)  route 0.137ns (45.447%))
  Logic Levels:           0  
  Clock Path Skew:        0.035ns (DCD - SCD - CPR)
    Destination Clock Delay (DCD):    2.030ns
    Source Clock Delay      (SCD):    1.635ns
    Clock Pessimism Removal (CPR):    0.360ns

    Location             Delay type                Incr(ns)  Path(ns)    Netlist Resource(s)
  -------------------------------------------------------------------    -------------------
                         (clock dbg_hub/inst/BSCANID.u_xsdbm_id/SWITCH_N_EXT_BSCAN.bscan_inst/SERIES7_BSCAN.bscan_inst/TCK rise edge)
                                                      0.000     0.000 r  
    BSCAN_X0Y0           BSCANE2                      0.000     0.000 r  dbg_hub/inst/BSCANID.u_xsdbm_id/SWITCH_N_EXT_BSCAN.bscan_inst/SERIES7_BSCAN.bscan_inst/TCK
                         net (fo=1, routed)           0.956     0.956    dbg_hub/inst/BSCANID.u_xsdbm_id/tck_bs
    BUFGCTRL_X0Y16       BUFG (Prop_bufg_I_O)         0.026     0.982 r  dbg_hub/inst/BSCANID.u_xsdbm_id/SWITCH_N_EXT_BSCAN.u_bufg_icon_tck/O
                         net (fo=482, routed)         0.653     1.635    dbg_hub/inst/BSCANID.u_xsdbm_id/CORE_XSDB.UUT_MASTER/U_ICON_INTERFACE/U_CMD6_RD/U_RD_FIFO/SUBCORE_FIFO.xsdbm_v3_0_0_rdfifo_inst/inst_fifo_gen/gconvfifo.rf/grf.rf/rstblk/rd_clk
    SLICE_X58Y132        FDPE                                         r  dbg_hub/inst/BSCANID.u_xsdbm_id/CORE_XSDB.UUT_MASTER/U_ICON_INTERFACE/U_CMD6_RD/U_RD_FIFO/SUBCORE_FIFO.xsdbm_v3_0_0_rdfifo_inst/inst_fifo_gen/gconvfifo.rf/grf.rf/rstblk/ngwrdrst.grst.g7serrst.rd_rst_reg_reg[1]/C
  -------------------------------------------------------------------    -------------------
    SLICE_X58Y132        FDPE (Prop_fdpe_C_Q)         0.164     1.799 f  dbg_hub/inst/BSCANID.u_xsdbm_id/CORE_XSDB.UUT_MASTER/U_ICON_INTERFACE/U_CMD6_RD/U_RD_FIFO/SUBCORE_FIFO.xsdbm_v3_0_0_rdfifo_inst/inst_fifo_gen/gconvfifo.rf/grf.rf/rstblk/ngwrdrst.grst.g7serrst.rd_rst_reg_reg[1]/Q
                         net (fo=16, routed)          0.137     1.936    dbg_hub/inst/BSCANID.u_xsdbm_id/CORE_XSDB.UUT_MASTER/U_ICON_INTERFACE/U_CMD6_RD/U_RD_FIFO/SUBCORE_FIFO.xsdbm_v3_0_0_rdfifo_inst/inst_fifo_gen/gconvfifo.rf/grf.rf/gntv_or_sync_fifo.gcx.clkx/gnxpm_cdc.gsync_stage[1].rd_stg_inst/Q_reg_reg[0]_0[0]
    SLICE_X60Y132        FDCE                                         f  dbg_hub/inst/BSCANID.u_xsdbm_id/CORE_XSDB.UUT_MASTER/U_ICON_INTERFACE/U_CMD6_RD/U_RD_FIFO/SUBCORE_FIFO.xsdbm_v3_0_0_rdfifo_inst/inst_fifo_gen/gconvfifo.rf/grf.rf/gntv_or_sync_fifo.gcx.clkx/gnxpm_cdc.gsync_stage[1].rd_stg_inst/Q_reg_reg[0]/CLR
  -------------------------------------------------------------------    -------------------

                         (clock dbg_hub/inst/BSCANID.u_xsdbm_id/SWITCH_N_EXT_BSCAN.bscan_inst/SERIES7_BSCAN.bscan_inst/TCK rise edge)
                                                      0.000     0.000 r  
    BSCAN_X0Y0           BSCANE2                      0.000     0.000 r  dbg_hub/inst/BSCANID.u_xsdbm_id/SWITCH_N_EXT_BSCAN.bscan_inst/SERIES7_BSCAN.bscan_inst/TCK
                         net (fo=1, routed)           1.075     1.075    dbg_hub/inst/BSCANID.u_xsdbm_id/tck_bs
    BUFGCTRL_X0Y16       BUFG (Prop_bufg_I_O)         0.029     1.104 r  dbg_hub/inst/BSCANID.u_xsdbm_id/SWITCH_N_EXT_BSCAN.u_bufg_icon_tck/O
                         net (fo=482, routed)         0.926     2.030    dbg_hub/inst/BSCANID.u_xsdbm_id/CORE_XSDB.UUT_MASTER/U_ICON_INTERFACE/U_CMD6_RD/U_RD_FIFO/SUBCORE_FIFO.xsdbm_v3_0_0_rdfifo_inst/inst_fifo_gen/gconvfifo.rf/grf.rf/gntv_or_sync_fifo.gcx.clkx/gnxpm_cdc.gsync_stage[1].rd_stg_inst/rd_clk
    SLICE_X60Y132        FDCE                                         r  dbg_hub/inst/BSCANID.u_xsdbm_id/CORE_XSDB.UUT_MASTER/U_ICON_INTERFACE/U_CMD6_RD/U_RD_FIFO/SUBCORE_FIFO.xsdbm_v3_0_0_rdfifo_inst/inst_fifo_gen/gconvfifo.rf/grf.rf/gntv_or_sync_fifo.gcx.clkx/gnxpm_cdc.gsync_stage[1].rd_stg_inst/Q_reg_reg[0]/C
                         clock pessimism             -0.360     1.670    
    SLICE_X60Y132        FDCE (Remov_fdce_C_CLR)     -0.092     1.578    dbg_hub/inst/BSCANID.u_xsdbm_id/CORE_XSDB.UUT_MASTER/U_ICON_INTERFACE/U_CMD6_RD/U_RD_FIFO/SUBCORE_FIFO.xsdbm_v3_0_0_rdfifo_inst/inst_fifo_gen/gconvfifo.rf/grf.rf/gntv_or_sync_fifo.gcx.clkx/gnxpm_cdc.gsync_stage[1].rd_stg_inst/Q_reg_reg[0]
  -------------------------------------------------------------------
                         required time                         -1.578    
                         arrival time                           1.936    
  -------------------------------------------------------------------
                         slack                                  0.358    

Slack (MET) :             0.358ns  (arrival time - required time)
  Source:                 dbg_hub/inst/BSCANID.u_xsdbm_id/CORE_XSDB.UUT_MASTER/U_ICON_INTERFACE/U_CMD6_RD/U_RD_FIFO/SUBCORE_FIFO.xsdbm_v3_0_0_rdfifo_inst/inst_fifo_gen/gconvfifo.rf/grf.rf/rstblk/ngwrdrst.grst.g7serrst.rd_rst_reg_reg[1]/C
                            (rising edge-triggered cell FDPE clocked by dbg_hub/inst/BSCANID.u_xsdbm_id/SWITCH_N_EXT_BSCAN.bscan_inst/SERIES7_BSCAN.bscan_inst/TCK  {rise@0.000ns fall@16.500ns period=33.000ns})
  Destination:            dbg_hub/inst/BSCANID.u_xsdbm_id/CORE_XSDB.UUT_MASTER/U_ICON_INTERFACE/U_CMD6_RD/U_RD_FIFO/SUBCORE_FIFO.xsdbm_v3_0_0_rdfifo_inst/inst_fifo_gen/gconvfifo.rf/grf.rf/gntv_or_sync_fifo.gcx.clkx/gnxpm_cdc.gsync_stage[1].rd_stg_inst/Q_reg_reg[1]/CLR
                            (removal check against rising-edge clock dbg_hub/inst/BSCANID.u_xsdbm_id/SWITCH_N_EXT_BSCAN.bscan_inst/SERIES7_BSCAN.bscan_inst/TCK  {rise@0.000ns fall@16.500ns period=33.000ns})
  Path Group:             **async_default**
  Path Type:              Removal (Min at Fast Process Corner)
  Requirement:            0.000ns  (dbg_hub/inst/BSCANID.u_xsdbm_id/SWITCH_N_EXT_BSCAN.bscan_inst/SERIES7_BSCAN.bscan_inst/TCK rise@0.000ns - dbg_hub/inst/BSCANID.u_xsdbm_id/SWITCH_N_EXT_BSCAN.bscan_inst/SERIES7_BSCAN.bscan_inst/TCK rise@0.000ns)
  Data Path Delay:        0.301ns  (logic 0.164ns (54.553%)  route 0.137ns (45.447%))
  Logic Levels:           0  
  Clock Path Skew:        0.035ns (DCD - SCD - CPR)
    Destination Clock Delay (DCD):    2.030ns
    Source Clock Delay      (SCD):    1.635ns
    Clock Pessimism Removal (CPR):    0.360ns

    Location             Delay type                Incr(ns)  Path(ns)    Netlist Resource(s)
  -------------------------------------------------------------------    -------------------
                         (clock dbg_hub/inst/BSCANID.u_xsdbm_id/SWITCH_N_EXT_BSCAN.bscan_inst/SERIES7_BSCAN.bscan_inst/TCK rise edge)
                                                      0.000     0.000 r  
    BSCAN_X0Y0           BSCANE2                      0.000     0.000 r  dbg_hub/inst/BSCANID.u_xsdbm_id/SWITCH_N_EXT_BSCAN.bscan_inst/SERIES7_BSCAN.bscan_inst/TCK
                         net (fo=1, routed)           0.956     0.956    dbg_hub/inst/BSCANID.u_xsdbm_id/tck_bs
    BUFGCTRL_X0Y16       BUFG (Prop_bufg_I_O)         0.026     0.982 r  dbg_hub/inst/BSCANID.u_xsdbm_id/SWITCH_N_EXT_BSCAN.u_bufg_icon_tck/O
                         net (fo=482, routed)         0.653     1.635    dbg_hub/inst/BSCANID.u_xsdbm_id/CORE_XSDB.UUT_MASTER/U_ICON_INTERFACE/U_CMD6_RD/U_RD_FIFO/SUBCORE_FIFO.xsdbm_v3_0_0_rdfifo_inst/inst_fifo_gen/gconvfifo.rf/grf.rf/rstblk/rd_clk
    SLICE_X58Y132        FDPE                                         r  dbg_hub/inst/BSCANID.u_xsdbm_id/CORE_XSDB.UUT_MASTER/U_ICON_INTERFACE/U_CMD6_RD/U_RD_FIFO/SUBCORE_FIFO.xsdbm_v3_0_0_rdfifo_inst/inst_fifo_gen/gconvfifo.rf/grf.rf/rstblk/ngwrdrst.grst.g7serrst.rd_rst_reg_reg[1]/C
  -------------------------------------------------------------------    -------------------
    SLICE_X58Y132        FDPE (Prop_fdpe_C_Q)         0.164     1.799 f  dbg_hub/inst/BSCANID.u_xsdbm_id/CORE_XSDB.UUT_MASTER/U_ICON_INTERFACE/U_CMD6_RD/U_RD_FIFO/SUBCORE_FIFO.xsdbm_v3_0_0_rdfifo_inst/inst_fifo_gen/gconvfifo.rf/grf.rf/rstblk/ngwrdrst.grst.g7serrst.rd_rst_reg_reg[1]/Q
                         net (fo=16, routed)          0.137     1.936    dbg_hub/inst/BSCANID.u_xsdbm_id/CORE_XSDB.UUT_MASTER/U_ICON_INTERFACE/U_CMD6_RD/U_RD_FIFO/SUBCORE_FIFO.xsdbm_v3_0_0_rdfifo_inst/inst_fifo_gen/gconvfifo.rf/grf.rf/gntv_or_sync_fifo.gcx.clkx/gnxpm_cdc.gsync_stage[1].rd_stg_inst/Q_reg_reg[0]_0[0]
    SLICE_X60Y132        FDCE                                         f  dbg_hub/inst/BSCANID.u_xsdbm_id/CORE_XSDB.UUT_MASTER/U_ICON_INTERFACE/U_CMD6_RD/U_RD_FIFO/SUBCORE_FIFO.xsdbm_v3_0_0_rdfifo_inst/inst_fifo_gen/gconvfifo.rf/grf.rf/gntv_or_sync_fifo.gcx.clkx/gnxpm_cdc.gsync_stage[1].rd_stg_inst/Q_reg_reg[1]/CLR
  -------------------------------------------------------------------    -------------------

                         (clock dbg_hub/inst/BSCANID.u_xsdbm_id/SWITCH_N_EXT_BSCAN.bscan_inst/SERIES7_BSCAN.bscan_inst/TCK rise edge)
                                                      0.000     0.000 r  
    BSCAN_X0Y0           BSCANE2                      0.000     0.000 r  dbg_hub/inst/BSCANID.u_xsdbm_id/SWITCH_N_EXT_BSCAN.bscan_inst/SERIES7_BSCAN.bscan_inst/TCK
                         net (fo=1, routed)           1.075     1.075    dbg_hub/inst/BSCANID.u_xsdbm_id/tck_bs
    BUFGCTRL_X0Y16       BUFG (Prop_bufg_I_O)         0.029     1.104 r  dbg_hub/inst/BSCANID.u_xsdbm_id/SWITCH_N_EXT_BSCAN.u_bufg_icon_tck/O
                         net (fo=482, routed)         0.926     2.030    dbg_hub/inst/BSCANID.u_xsdbm_id/CORE_XSDB.UUT_MASTER/U_ICON_INTERFACE/U_CMD6_RD/U_RD_FIFO/SUBCORE_FIFO.xsdbm_v3_0_0_rdfifo_inst/inst_fifo_gen/gconvfifo.rf/grf.rf/gntv_or_sync_fifo.gcx.clkx/gnxpm_cdc.gsync_stage[1].rd_stg_inst/rd_clk
    SLICE_X60Y132        FDCE                                         r  dbg_hub/inst/BSCANID.u_xsdbm_id/CORE_XSDB.UUT_MASTER/U_ICON_INTERFACE/U_CMD6_RD/U_RD_FIFO/SUBCORE_FIFO.xsdbm_v3_0_0_rdfifo_inst/inst_fifo_gen/gconvfifo.rf/grf.rf/gntv_or_sync_fifo.gcx.clkx/gnxpm_cdc.gsync_stage[1].rd_stg_inst/Q_reg_reg[1]/C
                         clock pessimism             -0.360     1.670    
    SLICE_X60Y132        FDCE (Remov_fdce_C_CLR)     -0.092     1.578    dbg_hub/inst/BSCANID.u_xsdbm_id/CORE_XSDB.UUT_MASTER/U_ICON_INTERFACE/U_CMD6_RD/U_RD_FIFO/SUBCORE_FIFO.xsdbm_v3_0_0_rdfifo_inst/inst_fifo_gen/gconvfifo.rf/grf.rf/gntv_or_sync_fifo.gcx.clkx/gnxpm_cdc.gsync_stage[1].rd_stg_inst/Q_reg_reg[1]
  -------------------------------------------------------------------
                         required time                         -1.578    
                         arrival time                           1.936    
  -------------------------------------------------------------------
                         slack                                  0.358    

Slack (MET) :             0.358ns  (arrival time - required time)
  Source:                 dbg_hub/inst/BSCANID.u_xsdbm_id/CORE_XSDB.UUT_MASTER/U_ICON_INTERFACE/U_CMD6_RD/U_RD_FIFO/SUBCORE_FIFO.xsdbm_v3_0_0_rdfifo_inst/inst_fifo_gen/gconvfifo.rf/grf.rf/rstblk/ngwrdrst.grst.g7serrst.rd_rst_reg_reg[1]/C
                            (rising edge-triggered cell FDPE clocked by dbg_hub/inst/BSCANID.u_xsdbm_id/SWITCH_N_EXT_BSCAN.bscan_inst/SERIES7_BSCAN.bscan_inst/TCK  {rise@0.000ns fall@16.500ns period=33.000ns})
  Destination:            dbg_hub/inst/BSCANID.u_xsdbm_id/CORE_XSDB.UUT_MASTER/U_ICON_INTERFACE/U_CMD6_RD/U_RD_FIFO/SUBCORE_FIFO.xsdbm_v3_0_0_rdfifo_inst/inst_fifo_gen/gconvfifo.rf/grf.rf/gntv_or_sync_fifo.gcx.clkx/gnxpm_cdc.gsync_stage[2].rd_stg_inst/Q_reg_reg[0]/CLR
                            (removal check against rising-edge clock dbg_hub/inst/BSCANID.u_xsdbm_id/SWITCH_N_EXT_BSCAN.bscan_inst/SERIES7_BSCAN.bscan_inst/TCK  {rise@0.000ns fall@16.500ns period=33.000ns})
  Path Group:             **async_default**
  Path Type:              Removal (Min at Fast Process Corner)
  Requirement:            0.000ns  (dbg_hub/inst/BSCANID.u_xsdbm_id/SWITCH_N_EXT_BSCAN.bscan_inst/SERIES7_BSCAN.bscan_inst/TCK rise@0.000ns - dbg_hub/inst/BSCANID.u_xsdbm_id/SWITCH_N_EXT_BSCAN.bscan_inst/SERIES7_BSCAN.bscan_inst/TCK rise@0.000ns)
  Data Path Delay:        0.301ns  (logic 0.164ns (54.553%)  route 0.137ns (45.447%))
  Logic Levels:           0  
  Clock Path Skew:        0.035ns (DCD - SCD - CPR)
    Destination Clock Delay (DCD):    2.030ns
    Source Clock Delay      (SCD):    1.635ns
    Clock Pessimism Removal (CPR):    0.360ns

    Location             Delay type                Incr(ns)  Path(ns)    Netlist Resource(s)
  -------------------------------------------------------------------    -------------------
                         (clock dbg_hub/inst/BSCANID.u_xsdbm_id/SWITCH_N_EXT_BSCAN.bscan_inst/SERIES7_BSCAN.bscan_inst/TCK rise edge)
                                                      0.000     0.000 r  
    BSCAN_X0Y0           BSCANE2                      0.000     0.000 r  dbg_hub/inst/BSCANID.u_xsdbm_id/SWITCH_N_EXT_BSCAN.bscan_inst/SERIES7_BSCAN.bscan_inst/TCK
                         net (fo=1, routed)           0.956     0.956    dbg_hub/inst/BSCANID.u_xsdbm_id/tck_bs
    BUFGCTRL_X0Y16       BUFG (Prop_bufg_I_O)         0.026     0.982 r  dbg_hub/inst/BSCANID.u_xsdbm_id/SWITCH_N_EXT_BSCAN.u_bufg_icon_tck/O
                         net (fo=482, routed)         0.653     1.635    dbg_hub/inst/BSCANID.u_xsdbm_id/CORE_XSDB.UUT_MASTER/U_ICON_INTERFACE/U_CMD6_RD/U_RD_FIFO/SUBCORE_FIFO.xsdbm_v3_0_0_rdfifo_inst/inst_fifo_gen/gconvfifo.rf/grf.rf/rstblk/rd_clk
    SLICE_X58Y132        FDPE                                         r  dbg_hub/inst/BSCANID.u_xsdbm_id/CORE_XSDB.UUT_MASTER/U_ICON_INTERFACE/U_CMD6_RD/U_RD_FIFO/SUBCORE_FIFO.xsdbm_v3_0_0_rdfifo_inst/inst_fifo_gen/gconvfifo.rf/grf.rf/rstblk/ngwrdrst.grst.g7serrst.rd_rst_reg_reg[1]/C
  -------------------------------------------------------------------    -------------------
    SLICE_X58Y132        FDPE (Prop_fdpe_C_Q)         0.164     1.799 f  dbg_hub/inst/BSCANID.u_xsdbm_id/CORE_XSDB.UUT_MASTER/U_ICON_INTERFACE/U_CMD6_RD/U_RD_FIFO/SUBCORE_FIFO.xsdbm_v3_0_0_rdfifo_inst/inst_fifo_gen/gconvfifo.rf/grf.rf/rstblk/ngwrdrst.grst.g7serrst.rd_rst_reg_reg[1]/Q
                         net (fo=16, routed)          0.137     1.936    dbg_hub/inst/BSCANID.u_xsdbm_id/CORE_XSDB.UUT_MASTER/U_ICON_INTERFACE/U_CMD6_RD/U_RD_FIFO/SUBCORE_FIFO.xsdbm_v3_0_0_rdfifo_inst/inst_fifo_gen/gconvfifo.rf/grf.rf/gntv_or_sync_fifo.gcx.clkx/gnxpm_cdc.gsync_stage[2].rd_stg_inst/Q_reg_reg[0]_0[0]
    SLICE_X60Y132        FDCE                                         f  dbg_hub/inst/BSCANID.u_xsdbm_id/CORE_XSDB.UUT_MASTER/U_ICON_INTERFACE/U_CMD6_RD/U_RD_FIFO/SUBCORE_FIFO.xsdbm_v3_0_0_rdfifo_inst/inst_fifo_gen/gconvfifo.rf/grf.rf/gntv_or_sync_fifo.gcx.clkx/gnxpm_cdc.gsync_stage[2].rd_stg_inst/Q_reg_reg[0]/CLR
  -------------------------------------------------------------------    -------------------

                         (clock dbg_hub/inst/BSCANID.u_xsdbm_id/SWITCH_N_EXT_BSCAN.bscan_inst/SERIES7_BSCAN.bscan_inst/TCK rise edge)
                                                      0.000     0.000 r  
    BSCAN_X0Y0           BSCANE2                      0.000     0.000 r  dbg_hub/inst/BSCANID.u_xsdbm_id/SWITCH_N_EXT_BSCAN.bscan_inst/SERIES7_BSCAN.bscan_inst/TCK
                         net (fo=1, routed)           1.075     1.075    dbg_hub/inst/BSCANID.u_xsdbm_id/tck_bs
    BUFGCTRL_X0Y16       BUFG (Prop_bufg_I_O)         0.029     1.104 r  dbg_hub/inst/BSCANID.u_xsdbm_id/SWITCH_N_EXT_BSCAN.u_bufg_icon_tck/O
                         net (fo=482, routed)         0.926     2.030    dbg_hub/inst/BSCANID.u_xsdbm_id/CORE_XSDB.UUT_MASTER/U_ICON_INTERFACE/U_CMD6_RD/U_RD_FIFO/SUBCORE_FIFO.xsdbm_v3_0_0_rdfifo_inst/inst_fifo_gen/gconvfifo.rf/grf.rf/gntv_or_sync_fifo.gcx.clkx/gnxpm_cdc.gsync_stage[2].rd_stg_inst/rd_clk
    SLICE_X60Y132        FDCE                                         r  dbg_hub/inst/BSCANID.u_xsdbm_id/CORE_XSDB.UUT_MASTER/U_ICON_INTERFACE/U_CMD6_RD/U_RD_FIFO/SUBCORE_FIFO.xsdbm_v3_0_0_rdfifo_inst/inst_fifo_gen/gconvfifo.rf/grf.rf/gntv_or_sync_fifo.gcx.clkx/gnxpm_cdc.gsync_stage[2].rd_stg_inst/Q_reg_reg[0]/C
                         clock pessimism             -0.360     1.670    
    SLICE_X60Y132        FDCE (Remov_fdce_C_CLR)     -0.092     1.578    dbg_hub/inst/BSCANID.u_xsdbm_id/CORE_XSDB.UUT_MASTER/U_ICON_INTERFACE/U_CMD6_RD/U_RD_FIFO/SUBCORE_FIFO.xsdbm_v3_0_0_rdfifo_inst/inst_fifo_gen/gconvfifo.rf/grf.rf/gntv_or_sync_fifo.gcx.clkx/gnxpm_cdc.gsync_stage[2].rd_stg_inst/Q_reg_reg[0]
  -------------------------------------------------------------------
                         required time                         -1.578    
                         arrival time                           1.936    
  -------------------------------------------------------------------
                         slack                                  0.358    

Slack (MET) :             0.358ns  (arrival time - required time)
  Source:                 dbg_hub/inst/BSCANID.u_xsdbm_id/CORE_XSDB.UUT_MASTER/U_ICON_INTERFACE/U_CMD6_RD/U_RD_FIFO/SUBCORE_FIFO.xsdbm_v3_0_0_rdfifo_inst/inst_fifo_gen/gconvfifo.rf/grf.rf/rstblk/ngwrdrst.grst.g7serrst.rd_rst_reg_reg[1]/C
                            (rising edge-triggered cell FDPE clocked by dbg_hub/inst/BSCANID.u_xsdbm_id/SWITCH_N_EXT_BSCAN.bscan_inst/SERIES7_BSCAN.bscan_inst/TCK  {rise@0.000ns fall@16.500ns period=33.000ns})
  Destination:            dbg_hub/inst/BSCANID.u_xsdbm_id/CORE_XSDB.UUT_MASTER/U_ICON_INTERFACE/U_CMD6_RD/U_RD_FIFO/SUBCORE_FIFO.xsdbm_v3_0_0_rdfifo_inst/inst_fifo_gen/gconvfifo.rf/grf.rf/gntv_or_sync_fifo.gcx.clkx/gnxpm_cdc.gsync_stage[2].rd_stg_inst/Q_reg_reg[1]/CLR
                            (removal check against rising-edge clock dbg_hub/inst/BSCANID.u_xsdbm_id/SWITCH_N_EXT_BSCAN.bscan_inst/SERIES7_BSCAN.bscan_inst/TCK  {rise@0.000ns fall@16.500ns period=33.000ns})
  Path Group:             **async_default**
  Path Type:              Removal (Min at Fast Process Corner)
  Requirement:            0.000ns  (dbg_hub/inst/BSCANID.u_xsdbm_id/SWITCH_N_EXT_BSCAN.bscan_inst/SERIES7_BSCAN.bscan_inst/TCK rise@0.000ns - dbg_hub/inst/BSCANID.u_xsdbm_id/SWITCH_N_EXT_BSCAN.bscan_inst/SERIES7_BSCAN.bscan_inst/TCK rise@0.000ns)
  Data Path Delay:        0.301ns  (logic 0.164ns (54.553%)  route 0.137ns (45.447%))
  Logic Levels:           0  
  Clock Path Skew:        0.035ns (DCD - SCD - CPR)
    Destination Clock Delay (DCD):    2.030ns
    Source Clock Delay      (SCD):    1.635ns
    Clock Pessimism Removal (CPR):    0.360ns

    Location             Delay type                Incr(ns)  Path(ns)    Netlist Resource(s)
  -------------------------------------------------------------------    -------------------
                         (clock dbg_hub/inst/BSCANID.u_xsdbm_id/SWITCH_N_EXT_BSCAN.bscan_inst/SERIES7_BSCAN.bscan_inst/TCK rise edge)
                                                      0.000     0.000 r  
    BSCAN_X0Y0           BSCANE2                      0.000     0.000 r  dbg_hub/inst/BSCANID.u_xsdbm_id/SWITCH_N_EXT_BSCAN.bscan_inst/SERIES7_BSCAN.bscan_inst/TCK
                         net (fo=1, routed)           0.956     0.956    dbg_hub/inst/BSCANID.u_xsdbm_id/tck_bs
    BUFGCTRL_X0Y16       BUFG (Prop_bufg_I_O)         0.026     0.982 r  dbg_hub/inst/BSCANID.u_xsdbm_id/SWITCH_N_EXT_BSCAN.u_bufg_icon_tck/O
                         net (fo=482, routed)         0.653     1.635    dbg_hub/inst/BSCANID.u_xsdbm_id/CORE_XSDB.UUT_MASTER/U_ICON_INTERFACE/U_CMD6_RD/U_RD_FIFO/SUBCORE_FIFO.xsdbm_v3_0_0_rdfifo_inst/inst_fifo_gen/gconvfifo.rf/grf.rf/rstblk/rd_clk
    SLICE_X58Y132        FDPE                                         r  dbg_hub/inst/BSCANID.u_xsdbm_id/CORE_XSDB.UUT_MASTER/U_ICON_INTERFACE/U_CMD6_RD/U_RD_FIFO/SUBCORE_FIFO.xsdbm_v3_0_0_rdfifo_inst/inst_fifo_gen/gconvfifo.rf/grf.rf/rstblk/ngwrdrst.grst.g7serrst.rd_rst_reg_reg[1]/C
  -------------------------------------------------------------------    -------------------
    SLICE_X58Y132        FDPE (Prop_fdpe_C_Q)         0.164     1.799 f  dbg_hub/inst/BSCANID.u_xsdbm_id/CORE_XSDB.UUT_MASTER/U_ICON_INTERFACE/U_CMD6_RD/U_RD_FIFO/SUBCORE_FIFO.xsdbm_v3_0_0_rdfifo_inst/inst_fifo_gen/gconvfifo.rf/grf.rf/rstblk/ngwrdrst.grst.g7serrst.rd_rst_reg_reg[1]/Q
                         net (fo=16, routed)          0.137     1.936    dbg_hub/inst/BSCANID.u_xsdbm_id/CORE_XSDB.UUT_MASTER/U_ICON_INTERFACE/U_CMD6_RD/U_RD_FIFO/SUBCORE_FIFO.xsdbm_v3_0_0_rdfifo_inst/inst_fifo_gen/gconvfifo.rf/grf.rf/gntv_or_sync_fifo.gcx.clkx/gnxpm_cdc.gsync_stage[2].rd_stg_inst/Q_reg_reg[0]_0[0]
    SLICE_X60Y132        FDCE                                         f  dbg_hub/inst/BSCANID.u_xsdbm_id/CORE_XSDB.UUT_MASTER/U_ICON_INTERFACE/U_CMD6_RD/U_RD_FIFO/SUBCORE_FIFO.xsdbm_v3_0_0_rdfifo_inst/inst_fifo_gen/gconvfifo.rf/grf.rf/gntv_or_sync_fifo.gcx.clkx/gnxpm_cdc.gsync_stage[2].rd_stg_inst/Q_reg_reg[1]/CLR
  -------------------------------------------------------------------    -------------------

                         (clock dbg_hub/inst/BSCANID.u_xsdbm_id/SWITCH_N_EXT_BSCAN.bscan_inst/SERIES7_BSCAN.bscan_inst/TCK rise edge)
                                                      0.000     0.000 r  
    BSCAN_X0Y0           BSCANE2                      0.000     0.000 r  dbg_hub/inst/BSCANID.u_xsdbm_id/SWITCH_N_EXT_BSCAN.bscan_inst/SERIES7_BSCAN.bscan_inst/TCK
                         net (fo=1, routed)           1.075     1.075    dbg_hub/inst/BSCANID.u_xsdbm_id/tck_bs
    BUFGCTRL_X0Y16       BUFG (Prop_bufg_I_O)         0.029     1.104 r  dbg_hub/inst/BSCANID.u_xsdbm_id/SWITCH_N_EXT_BSCAN.u_bufg_icon_tck/O
                         net (fo=482, routed)         0.926     2.030    dbg_hub/inst/BSCANID.u_xsdbm_id/CORE_XSDB.UUT_MASTER/U_ICON_INTERFACE/U_CMD6_RD/U_RD_FIFO/SUBCORE_FIFO.xsdbm_v3_0_0_rdfifo_inst/inst_fifo_gen/gconvfifo.rf/grf.rf/gntv_or_sync_fifo.gcx.clkx/gnxpm_cdc.gsync_stage[2].rd_stg_inst/rd_clk
    SLICE_X60Y132        FDCE                                         r  dbg_hub/inst/BSCANID.u_xsdbm_id/CORE_XSDB.UUT_MASTER/U_ICON_INTERFACE/U_CMD6_RD/U_RD_FIFO/SUBCORE_FIFO.xsdbm_v3_0_0_rdfifo_inst/inst_fifo_gen/gconvfifo.rf/grf.rf/gntv_or_sync_fifo.gcx.clkx/gnxpm_cdc.gsync_stage[2].rd_stg_inst/Q_reg_reg[1]/C
                         clock pessimism             -0.360     1.670    
    SLICE_X60Y132        FDCE (Remov_fdce_C_CLR)     -0.092     1.578    dbg_hub/inst/BSCANID.u_xsdbm_id/CORE_XSDB.UUT_MASTER/U_ICON_INTERFACE/U_CMD6_RD/U_RD_FIFO/SUBCORE_FIFO.xsdbm_v3_0_0_rdfifo_inst/inst_fifo_gen/gconvfifo.rf/grf.rf/gntv_or_sync_fifo.gcx.clkx/gnxpm_cdc.gsync_stage[2].rd_stg_inst/Q_reg_reg[1]
  -------------------------------------------------------------------
                         required time                         -1.578    
                         arrival time                           1.936    
  -------------------------------------------------------------------
                         slack                                  0.358    

Slack (MET) :             0.410ns  (arrival time - required time)
  Source:                 dbg_hub/inst/BSCANID.u_xsdbm_id/CORE_XSDB.UUT_MASTER/U_ICON_INTERFACE/U_CMD6_RD/U_RD_FIFO/SUBCORE_FIFO.xsdbm_v3_0_0_rdfifo_inst/inst_fifo_gen/gconvfifo.rf/grf.rf/rstblk/ngwrdrst.grst.g7serrst.rd_rst_reg_reg[2]/C
                            (rising edge-triggered cell FDPE clocked by dbg_hub/inst/BSCANID.u_xsdbm_id/SWITCH_N_EXT_BSCAN.bscan_inst/SERIES7_BSCAN.bscan_inst/TCK  {rise@0.000ns fall@16.500ns period=33.000ns})
  Destination:            dbg_hub/inst/BSCANID.u_xsdbm_id/CORE_XSDB.UUT_MASTER/U_ICON_INTERFACE/U_CMD6_RD/U_RD_FIFO/SUBCORE_FIFO.xsdbm_v3_0_0_rdfifo_inst/inst_fifo_gen/gconvfifo.rf/grf.rf/gntv_or_sync_fifo.gl0.rd/rpntr/gc0.count_d1_reg[0]/CLR
                            (removal check against rising-edge clock dbg_hub/inst/BSCANID.u_xsdbm_id/SWITCH_N_EXT_BSCAN.bscan_inst/SERIES7_BSCAN.bscan_inst/TCK  {rise@0.000ns fall@16.500ns period=33.000ns})
  Path Group:             **async_default**
  Path Type:              Removal (Min at Fast Process Corner)
  Requirement:            0.000ns  (dbg_hub/inst/BSCANID.u_xsdbm_id/SWITCH_N_EXT_BSCAN.bscan_inst/SERIES7_BSCAN.bscan_inst/TCK rise@0.000ns - dbg_hub/inst/BSCANID.u_xsdbm_id/SWITCH_N_EXT_BSCAN.bscan_inst/SERIES7_BSCAN.bscan_inst/TCK rise@0.000ns)
  Data Path Delay:        0.356ns  (logic 0.164ns (46.040%)  route 0.192ns (53.960%))
  Logic Levels:           0  
  Clock Path Skew:        0.013ns (DCD - SCD - CPR)
    Destination Clock Delay (DCD):    2.028ns
    Source Clock Delay      (SCD):    1.635ns
    Clock Pessimism Removal (CPR):    0.380ns

    Location             Delay type                Incr(ns)  Path(ns)    Netlist Resource(s)
  -------------------------------------------------------------------    -------------------
                         (clock dbg_hub/inst/BSCANID.u_xsdbm_id/SWITCH_N_EXT_BSCAN.bscan_inst/SERIES7_BSCAN.bscan_inst/TCK rise edge)
                                                      0.000     0.000 r  
    BSCAN_X0Y0           BSCANE2                      0.000     0.000 r  dbg_hub/inst/BSCANID.u_xsdbm_id/SWITCH_N_EXT_BSCAN.bscan_inst/SERIES7_BSCAN.bscan_inst/TCK
                         net (fo=1, routed)           0.956     0.956    dbg_hub/inst/BSCANID.u_xsdbm_id/tck_bs
    BUFGCTRL_X0Y16       BUFG (Prop_bufg_I_O)         0.026     0.982 r  dbg_hub/inst/BSCANID.u_xsdbm_id/SWITCH_N_EXT_BSCAN.u_bufg_icon_tck/O
                         net (fo=482, routed)         0.653     1.635    dbg_hub/inst/BSCANID.u_xsdbm_id/CORE_XSDB.UUT_MASTER/U_ICON_INTERFACE/U_CMD6_RD/U_RD_FIFO/SUBCORE_FIFO.xsdbm_v3_0_0_rdfifo_inst/inst_fifo_gen/gconvfifo.rf/grf.rf/rstblk/rd_clk
    SLICE_X58Y132        FDPE                                         r  dbg_hub/inst/BSCANID.u_xsdbm_id/CORE_XSDB.UUT_MASTER/U_ICON_INTERFACE/U_CMD6_RD/U_RD_FIFO/SUBCORE_FIFO.xsdbm_v3_0_0_rdfifo_inst/inst_fifo_gen/gconvfifo.rf/grf.rf/rstblk/ngwrdrst.grst.g7serrst.rd_rst_reg_reg[2]/C
  -------------------------------------------------------------------    -------------------
    SLICE_X58Y132        FDPE (Prop_fdpe_C_Q)         0.164     1.799 f  dbg_hub/inst/BSCANID.u_xsdbm_id/CORE_XSDB.UUT_MASTER/U_ICON_INTERFACE/U_CMD6_RD/U_RD_FIFO/SUBCORE_FIFO.xsdbm_v3_0_0_rdfifo_inst/inst_fifo_gen/gconvfifo.rf/grf.rf/rstblk/ngwrdrst.grst.g7serrst.rd_rst_reg_reg[2]/Q
                         net (fo=18, routed)          0.192     1.991    dbg_hub/inst/BSCANID.u_xsdbm_id/CORE_XSDB.UUT_MASTER/U_ICON_INTERFACE/U_CMD6_RD/U_RD_FIFO/SUBCORE_FIFO.xsdbm_v3_0_0_rdfifo_inst/inst_fifo_gen/gconvfifo.rf/grf.rf/gntv_or_sync_fifo.gl0.rd/rpntr/out[0]
    SLICE_X58Y131        FDCE                                         f  dbg_hub/inst/BSCANID.u_xsdbm_id/CORE_XSDB.UUT_MASTER/U_ICON_INTERFACE/U_CMD6_RD/U_RD_FIFO/SUBCORE_FIFO.xsdbm_v3_0_0_rdfifo_inst/inst_fifo_gen/gconvfifo.rf/grf.rf/gntv_or_sync_fifo.gl0.rd/rpntr/gc0.count_d1_reg[0]/CLR
  -------------------------------------------------------------------    -------------------

                         (clock dbg_hub/inst/BSCANID.u_xsdbm_id/SWITCH_N_EXT_BSCAN.bscan_inst/SERIES7_BSCAN.bscan_inst/TCK rise edge)
                                                      0.000     0.000 r  
    BSCAN_X0Y0           BSCANE2                      0.000     0.000 r  dbg_hub/inst/BSCANID.u_xsdbm_id/SWITCH_N_EXT_BSCAN.bscan_inst/SERIES7_BSCAN.bscan_inst/TCK
                         net (fo=1, routed)           1.075     1.075    dbg_hub/inst/BSCANID.u_xsdbm_id/tck_bs
    BUFGCTRL_X0Y16       BUFG (Prop_bufg_I_O)         0.029     1.104 r  dbg_hub/inst/BSCANID.u_xsdbm_id/SWITCH_N_EXT_BSCAN.u_bufg_icon_tck/O
                         net (fo=482, routed)         0.924     2.028    dbg_hub/inst/BSCANID.u_xsdbm_id/CORE_XSDB.UUT_MASTER/U_ICON_INTERFACE/U_CMD6_RD/U_RD_FIFO/SUBCORE_FIFO.xsdbm_v3_0_0_rdfifo_inst/inst_fifo_gen/gconvfifo.rf/grf.rf/gntv_or_sync_fifo.gl0.rd/rpntr/rd_clk
    SLICE_X58Y131        FDCE                                         r  dbg_hub/inst/BSCANID.u_xsdbm_id/CORE_XSDB.UUT_MASTER/U_ICON_INTERFACE/U_CMD6_RD/U_RD_FIFO/SUBCORE_FIFO.xsdbm_v3_0_0_rdfifo_inst/inst_fifo_gen/gconvfifo.rf/grf.rf/gntv_or_sync_fifo.gl0.rd/rpntr/gc0.count_d1_reg[0]/C
                         clock pessimism             -0.380     1.648    
    SLICE_X58Y131        FDCE (Remov_fdce_C_CLR)     -0.067     1.581    dbg_hub/inst/BSCANID.u_xsdbm_id/CORE_XSDB.UUT_MASTER/U_ICON_INTERFACE/U_CMD6_RD/U_RD_FIFO/SUBCORE_FIFO.xsdbm_v3_0_0_rdfifo_inst/inst_fifo_gen/gconvfifo.rf/grf.rf/gntv_or_sync_fifo.gl0.rd/rpntr/gc0.count_d1_reg[0]
  -------------------------------------------------------------------
                         required time                         -1.581    
                         arrival time                           1.991    
  -------------------------------------------------------------------
                         slack                                  0.410    

Slack (MET) :             0.410ns  (arrival time - required time)
  Source:                 dbg_hub/inst/BSCANID.u_xsdbm_id/CORE_XSDB.UUT_MASTER/U_ICON_INTERFACE/U_CMD6_RD/U_RD_FIFO/SUBCORE_FIFO.xsdbm_v3_0_0_rdfifo_inst/inst_fifo_gen/gconvfifo.rf/grf.rf/rstblk/ngwrdrst.grst.g7serrst.rd_rst_reg_reg[2]/C
                            (rising edge-triggered cell FDPE clocked by dbg_hub/inst/BSCANID.u_xsdbm_id/SWITCH_N_EXT_BSCAN.bscan_inst/SERIES7_BSCAN.bscan_inst/TCK  {rise@0.000ns fall@16.500ns period=33.000ns})
  Destination:            dbg_hub/inst/BSCANID.u_xsdbm_id/CORE_XSDB.UUT_MASTER/U_ICON_INTERFACE/U_CMD6_RD/U_RD_FIFO/SUBCORE_FIFO.xsdbm_v3_0_0_rdfifo_inst/inst_fifo_gen/gconvfifo.rf/grf.rf/gntv_or_sync_fifo.gl0.rd/rpntr/gc0.count_d1_reg[1]/CLR
                            (removal check against rising-edge clock dbg_hub/inst/BSCANID.u_xsdbm_id/SWITCH_N_EXT_BSCAN.bscan_inst/SERIES7_BSCAN.bscan_inst/TCK  {rise@0.000ns fall@16.500ns period=33.000ns})
  Path Group:             **async_default**
  Path Type:              Removal (Min at Fast Process Corner)
  Requirement:            0.000ns  (dbg_hub/inst/BSCANID.u_xsdbm_id/SWITCH_N_EXT_BSCAN.bscan_inst/SERIES7_BSCAN.bscan_inst/TCK rise@0.000ns - dbg_hub/inst/BSCANID.u_xsdbm_id/SWITCH_N_EXT_BSCAN.bscan_inst/SERIES7_BSCAN.bscan_inst/TCK rise@0.000ns)
  Data Path Delay:        0.356ns  (logic 0.164ns (46.040%)  route 0.192ns (53.960%))
  Logic Levels:           0  
  Clock Path Skew:        0.013ns (DCD - SCD - CPR)
    Destination Clock Delay (DCD):    2.028ns
    Source Clock Delay      (SCD):    1.635ns
    Clock Pessimism Removal (CPR):    0.380ns

    Location             Delay type                Incr(ns)  Path(ns)    Netlist Resource(s)
  -------------------------------------------------------------------    -------------------
                         (clock dbg_hub/inst/BSCANID.u_xsdbm_id/SWITCH_N_EXT_BSCAN.bscan_inst/SERIES7_BSCAN.bscan_inst/TCK rise edge)
                                                      0.000     0.000 r  
    BSCAN_X0Y0           BSCANE2                      0.000     0.000 r  dbg_hub/inst/BSCANID.u_xsdbm_id/SWITCH_N_EXT_BSCAN.bscan_inst/SERIES7_BSCAN.bscan_inst/TCK
                         net (fo=1, routed)           0.956     0.956    dbg_hub/inst/BSCANID.u_xsdbm_id/tck_bs
    BUFGCTRL_X0Y16       BUFG (Prop_bufg_I_O)         0.026     0.982 r  dbg_hub/inst/BSCANID.u_xsdbm_id/SWITCH_N_EXT_BSCAN.u_bufg_icon_tck/O
                         net (fo=482, routed)         0.653     1.635    dbg_hub/inst/BSCANID.u_xsdbm_id/CORE_XSDB.UUT_MASTER/U_ICON_INTERFACE/U_CMD6_RD/U_RD_FIFO/SUBCORE_FIFO.xsdbm_v3_0_0_rdfifo_inst/inst_fifo_gen/gconvfifo.rf/grf.rf/rstblk/rd_clk
    SLICE_X58Y132        FDPE                                         r  dbg_hub/inst/BSCANID.u_xsdbm_id/CORE_XSDB.UUT_MASTER/U_ICON_INTERFACE/U_CMD6_RD/U_RD_FIFO/SUBCORE_FIFO.xsdbm_v3_0_0_rdfifo_inst/inst_fifo_gen/gconvfifo.rf/grf.rf/rstblk/ngwrdrst.grst.g7serrst.rd_rst_reg_reg[2]/C
  -------------------------------------------------------------------    -------------------
    SLICE_X58Y132        FDPE (Prop_fdpe_C_Q)         0.164     1.799 f  dbg_hub/inst/BSCANID.u_xsdbm_id/CORE_XSDB.UUT_MASTER/U_ICON_INTERFACE/U_CMD6_RD/U_RD_FIFO/SUBCORE_FIFO.xsdbm_v3_0_0_rdfifo_inst/inst_fifo_gen/gconvfifo.rf/grf.rf/rstblk/ngwrdrst.grst.g7serrst.rd_rst_reg_reg[2]/Q
                         net (fo=18, routed)          0.192     1.991    dbg_hub/inst/BSCANID.u_xsdbm_id/CORE_XSDB.UUT_MASTER/U_ICON_INTERFACE/U_CMD6_RD/U_RD_FIFO/SUBCORE_FIFO.xsdbm_v3_0_0_rdfifo_inst/inst_fifo_gen/gconvfifo.rf/grf.rf/gntv_or_sync_fifo.gl0.rd/rpntr/out[0]
    SLICE_X58Y131        FDCE                                         f  dbg_hub/inst/BSCANID.u_xsdbm_id/CORE_XSDB.UUT_MASTER/U_ICON_INTERFACE/U_CMD6_RD/U_RD_FIFO/SUBCORE_FIFO.xsdbm_v3_0_0_rdfifo_inst/inst_fifo_gen/gconvfifo.rf/grf.rf/gntv_or_sync_fifo.gl0.rd/rpntr/gc0.count_d1_reg[1]/CLR
  -------------------------------------------------------------------    -------------------

                         (clock dbg_hub/inst/BSCANID.u_xsdbm_id/SWITCH_N_EXT_BSCAN.bscan_inst/SERIES7_BSCAN.bscan_inst/TCK rise edge)
                                                      0.000     0.000 r  
    BSCAN_X0Y0           BSCANE2                      0.000     0.000 r  dbg_hub/inst/BSCANID.u_xsdbm_id/SWITCH_N_EXT_BSCAN.bscan_inst/SERIES7_BSCAN.bscan_inst/TCK
                         net (fo=1, routed)           1.075     1.075    dbg_hub/inst/BSCANID.u_xsdbm_id/tck_bs
    BUFGCTRL_X0Y16       BUFG (Prop_bufg_I_O)         0.029     1.104 r  dbg_hub/inst/BSCANID.u_xsdbm_id/SWITCH_N_EXT_BSCAN.u_bufg_icon_tck/O
                         net (fo=482, routed)         0.924     2.028    dbg_hub/inst/BSCANID.u_xsdbm_id/CORE_XSDB.UUT_MASTER/U_ICON_INTERFACE/U_CMD6_RD/U_RD_FIFO/SUBCORE_FIFO.xsdbm_v3_0_0_rdfifo_inst/inst_fifo_gen/gconvfifo.rf/grf.rf/gntv_or_sync_fifo.gl0.rd/rpntr/rd_clk
    SLICE_X58Y131        FDCE                                         r  dbg_hub/inst/BSCANID.u_xsdbm_id/CORE_XSDB.UUT_MASTER/U_ICON_INTERFACE/U_CMD6_RD/U_RD_FIFO/SUBCORE_FIFO.xsdbm_v3_0_0_rdfifo_inst/inst_fifo_gen/gconvfifo.rf/grf.rf/gntv_or_sync_fifo.gl0.rd/rpntr/gc0.count_d1_reg[1]/C
                         clock pessimism             -0.380     1.648    
    SLICE_X58Y131        FDCE (Remov_fdce_C_CLR)     -0.067     1.581    dbg_hub/inst/BSCANID.u_xsdbm_id/CORE_XSDB.UUT_MASTER/U_ICON_INTERFACE/U_CMD6_RD/U_RD_FIFO/SUBCORE_FIFO.xsdbm_v3_0_0_rdfifo_inst/inst_fifo_gen/gconvfifo.rf/grf.rf/gntv_or_sync_fifo.gl0.rd/rpntr/gc0.count_d1_reg[1]
  -------------------------------------------------------------------
                         required time                         -1.581    
                         arrival time                           1.991    
  -------------------------------------------------------------------
                         slack                                  0.410    

Slack (MET) :             0.410ns  (arrival time - required time)
  Source:                 dbg_hub/inst/BSCANID.u_xsdbm_id/CORE_XSDB.UUT_MASTER/U_ICON_INTERFACE/U_CMD6_RD/U_RD_FIFO/SUBCORE_FIFO.xsdbm_v3_0_0_rdfifo_inst/inst_fifo_gen/gconvfifo.rf/grf.rf/rstblk/ngwrdrst.grst.g7serrst.rd_rst_reg_reg[2]/C
                            (rising edge-triggered cell FDPE clocked by dbg_hub/inst/BSCANID.u_xsdbm_id/SWITCH_N_EXT_BSCAN.bscan_inst/SERIES7_BSCAN.bscan_inst/TCK  {rise@0.000ns fall@16.500ns period=33.000ns})
  Destination:            dbg_hub/inst/BSCANID.u_xsdbm_id/CORE_XSDB.UUT_MASTER/U_ICON_INTERFACE/U_CMD6_RD/U_RD_FIFO/SUBCORE_FIFO.xsdbm_v3_0_0_rdfifo_inst/inst_fifo_gen/gconvfifo.rf/grf.rf/gntv_or_sync_fifo.gl0.rd/rpntr/gc0.count_d1_reg[2]/CLR
                            (removal check against rising-edge clock dbg_hub/inst/BSCANID.u_xsdbm_id/SWITCH_N_EXT_BSCAN.bscan_inst/SERIES7_BSCAN.bscan_inst/TCK  {rise@0.000ns fall@16.500ns period=33.000ns})
  Path Group:             **async_default**
  Path Type:              Removal (Min at Fast Process Corner)
  Requirement:            0.000ns  (dbg_hub/inst/BSCANID.u_xsdbm_id/SWITCH_N_EXT_BSCAN.bscan_inst/SERIES7_BSCAN.bscan_inst/TCK rise@0.000ns - dbg_hub/inst/BSCANID.u_xsdbm_id/SWITCH_N_EXT_BSCAN.bscan_inst/SERIES7_BSCAN.bscan_inst/TCK rise@0.000ns)
  Data Path Delay:        0.356ns  (logic 0.164ns (46.040%)  route 0.192ns (53.960%))
  Logic Levels:           0  
  Clock Path Skew:        0.013ns (DCD - SCD - CPR)
    Destination Clock Delay (DCD):    2.028ns
    Source Clock Delay      (SCD):    1.635ns
    Clock Pessimism Removal (CPR):    0.380ns

    Location             Delay type                Incr(ns)  Path(ns)    Netlist Resource(s)
  -------------------------------------------------------------------    -------------------
                         (clock dbg_hub/inst/BSCANID.u_xsdbm_id/SWITCH_N_EXT_BSCAN.bscan_inst/SERIES7_BSCAN.bscan_inst/TCK rise edge)
                                                      0.000     0.000 r  
    BSCAN_X0Y0           BSCANE2                      0.000     0.000 r  dbg_hub/inst/BSCANID.u_xsdbm_id/SWITCH_N_EXT_BSCAN.bscan_inst/SERIES7_BSCAN.bscan_inst/TCK
                         net (fo=1, routed)           0.956     0.956    dbg_hub/inst/BSCANID.u_xsdbm_id/tck_bs
    BUFGCTRL_X0Y16       BUFG (Prop_bufg_I_O)         0.026     0.982 r  dbg_hub/inst/BSCANID.u_xsdbm_id/SWITCH_N_EXT_BSCAN.u_bufg_icon_tck/O
                         net (fo=482, routed)         0.653     1.635    dbg_hub/inst/BSCANID.u_xsdbm_id/CORE_XSDB.UUT_MASTER/U_ICON_INTERFACE/U_CMD6_RD/U_RD_FIFO/SUBCORE_FIFO.xsdbm_v3_0_0_rdfifo_inst/inst_fifo_gen/gconvfifo.rf/grf.rf/rstblk/rd_clk
    SLICE_X58Y132        FDPE                                         r  dbg_hub/inst/BSCANID.u_xsdbm_id/CORE_XSDB.UUT_MASTER/U_ICON_INTERFACE/U_CMD6_RD/U_RD_FIFO/SUBCORE_FIFO.xsdbm_v3_0_0_rdfifo_inst/inst_fifo_gen/gconvfifo.rf/grf.rf/rstblk/ngwrdrst.grst.g7serrst.rd_rst_reg_reg[2]/C
  -------------------------------------------------------------------    -------------------
    SLICE_X58Y132        FDPE (Prop_fdpe_C_Q)         0.164     1.799 f  dbg_hub/inst/BSCANID.u_xsdbm_id/CORE_XSDB.UUT_MASTER/U_ICON_INTERFACE/U_CMD6_RD/U_RD_FIFO/SUBCORE_FIFO.xsdbm_v3_0_0_rdfifo_inst/inst_fifo_gen/gconvfifo.rf/grf.rf/rstblk/ngwrdrst.grst.g7serrst.rd_rst_reg_reg[2]/Q
                         net (fo=18, routed)          0.192     1.991    dbg_hub/inst/BSCANID.u_xsdbm_id/CORE_XSDB.UUT_MASTER/U_ICON_INTERFACE/U_CMD6_RD/U_RD_FIFO/SUBCORE_FIFO.xsdbm_v3_0_0_rdfifo_inst/inst_fifo_gen/gconvfifo.rf/grf.rf/gntv_or_sync_fifo.gl0.rd/rpntr/out[0]
    SLICE_X58Y131        FDCE                                         f  dbg_hub/inst/BSCANID.u_xsdbm_id/CORE_XSDB.UUT_MASTER/U_ICON_INTERFACE/U_CMD6_RD/U_RD_FIFO/SUBCORE_FIFO.xsdbm_v3_0_0_rdfifo_inst/inst_fifo_gen/gconvfifo.rf/grf.rf/gntv_or_sync_fifo.gl0.rd/rpntr/gc0.count_d1_reg[2]/CLR
  -------------------------------------------------------------------    -------------------

                         (clock dbg_hub/inst/BSCANID.u_xsdbm_id/SWITCH_N_EXT_BSCAN.bscan_inst/SERIES7_BSCAN.bscan_inst/TCK rise edge)
                                                      0.000     0.000 r  
    BSCAN_X0Y0           BSCANE2                      0.000     0.000 r  dbg_hub/inst/BSCANID.u_xsdbm_id/SWITCH_N_EXT_BSCAN.bscan_inst/SERIES7_BSCAN.bscan_inst/TCK
                         net (fo=1, routed)           1.075     1.075    dbg_hub/inst/BSCANID.u_xsdbm_id/tck_bs
    BUFGCTRL_X0Y16       BUFG (Prop_bufg_I_O)         0.029     1.104 r  dbg_hub/inst/BSCANID.u_xsdbm_id/SWITCH_N_EXT_BSCAN.u_bufg_icon_tck/O
                         net (fo=482, routed)         0.924     2.028    dbg_hub/inst/BSCANID.u_xsdbm_id/CORE_XSDB.UUT_MASTER/U_ICON_INTERFACE/U_CMD6_RD/U_RD_FIFO/SUBCORE_FIFO.xsdbm_v3_0_0_rdfifo_inst/inst_fifo_gen/gconvfifo.rf/grf.rf/gntv_or_sync_fifo.gl0.rd/rpntr/rd_clk
    SLICE_X58Y131        FDCE                                         r  dbg_hub/inst/BSCANID.u_xsdbm_id/CORE_XSDB.UUT_MASTER/U_ICON_INTERFACE/U_CMD6_RD/U_RD_FIFO/SUBCORE_FIFO.xsdbm_v3_0_0_rdfifo_inst/inst_fifo_gen/gconvfifo.rf/grf.rf/gntv_or_sync_fifo.gl0.rd/rpntr/gc0.count_d1_reg[2]/C
                         clock pessimism             -0.380     1.648    
    SLICE_X58Y131        FDCE (Remov_fdce_C_CLR)     -0.067     1.581    dbg_hub/inst/BSCANID.u_xsdbm_id/CORE_XSDB.UUT_MASTER/U_ICON_INTERFACE/U_CMD6_RD/U_RD_FIFO/SUBCORE_FIFO.xsdbm_v3_0_0_rdfifo_inst/inst_fifo_gen/gconvfifo.rf/grf.rf/gntv_or_sync_fifo.gl0.rd/rpntr/gc0.count_d1_reg[2]
  -------------------------------------------------------------------
                         required time                         -1.581    
                         arrival time                           1.991    
  -------------------------------------------------------------------
                         slack                                  0.410    

Slack (MET) :             0.410ns  (arrival time - required time)
  Source:                 dbg_hub/inst/BSCANID.u_xsdbm_id/CORE_XSDB.UUT_MASTER/U_ICON_INTERFACE/U_CMD6_RD/U_RD_FIFO/SUBCORE_FIFO.xsdbm_v3_0_0_rdfifo_inst/inst_fifo_gen/gconvfifo.rf/grf.rf/rstblk/ngwrdrst.grst.g7serrst.rd_rst_reg_reg[2]/C
                            (rising edge-triggered cell FDPE clocked by dbg_hub/inst/BSCANID.u_xsdbm_id/SWITCH_N_EXT_BSCAN.bscan_inst/SERIES7_BSCAN.bscan_inst/TCK  {rise@0.000ns fall@16.500ns period=33.000ns})
  Destination:            dbg_hub/inst/BSCANID.u_xsdbm_id/CORE_XSDB.UUT_MASTER/U_ICON_INTERFACE/U_CMD6_RD/U_RD_FIFO/SUBCORE_FIFO.xsdbm_v3_0_0_rdfifo_inst/inst_fifo_gen/gconvfifo.rf/grf.rf/gntv_or_sync_fifo.gl0.rd/rpntr/gc0.count_d1_reg[3]/CLR
                            (removal check against rising-edge clock dbg_hub/inst/BSCANID.u_xsdbm_id/SWITCH_N_EXT_BSCAN.bscan_inst/SERIES7_BSCAN.bscan_inst/TCK  {rise@0.000ns fall@16.500ns period=33.000ns})
  Path Group:             **async_default**
  Path Type:              Removal (Min at Fast Process Corner)
  Requirement:            0.000ns  (dbg_hub/inst/BSCANID.u_xsdbm_id/SWITCH_N_EXT_BSCAN.bscan_inst/SERIES7_BSCAN.bscan_inst/TCK rise@0.000ns - dbg_hub/inst/BSCANID.u_xsdbm_id/SWITCH_N_EXT_BSCAN.bscan_inst/SERIES7_BSCAN.bscan_inst/TCK rise@0.000ns)
  Data Path Delay:        0.356ns  (logic 0.164ns (46.040%)  route 0.192ns (53.960%))
  Logic Levels:           0  
  Clock Path Skew:        0.013ns (DCD - SCD - CPR)
    Destination Clock Delay (DCD):    2.028ns
    Source Clock Delay      (SCD):    1.635ns
    Clock Pessimism Removal (CPR):    0.380ns

    Location             Delay type                Incr(ns)  Path(ns)    Netlist Resource(s)
  -------------------------------------------------------------------    -------------------
                         (clock dbg_hub/inst/BSCANID.u_xsdbm_id/SWITCH_N_EXT_BSCAN.bscan_inst/SERIES7_BSCAN.bscan_inst/TCK rise edge)
                                                      0.000     0.000 r  
    BSCAN_X0Y0           BSCANE2                      0.000     0.000 r  dbg_hub/inst/BSCANID.u_xsdbm_id/SWITCH_N_EXT_BSCAN.bscan_inst/SERIES7_BSCAN.bscan_inst/TCK
                         net (fo=1, routed)           0.956     0.956    dbg_hub/inst/BSCANID.u_xsdbm_id/tck_bs
    BUFGCTRL_X0Y16       BUFG (Prop_bufg_I_O)         0.026     0.982 r  dbg_hub/inst/BSCANID.u_xsdbm_id/SWITCH_N_EXT_BSCAN.u_bufg_icon_tck/O
                         net (fo=482, routed)         0.653     1.635    dbg_hub/inst/BSCANID.u_xsdbm_id/CORE_XSDB.UUT_MASTER/U_ICON_INTERFACE/U_CMD6_RD/U_RD_FIFO/SUBCORE_FIFO.xsdbm_v3_0_0_rdfifo_inst/inst_fifo_gen/gconvfifo.rf/grf.rf/rstblk/rd_clk
    SLICE_X58Y132        FDPE                                         r  dbg_hub/inst/BSCANID.u_xsdbm_id/CORE_XSDB.UUT_MASTER/U_ICON_INTERFACE/U_CMD6_RD/U_RD_FIFO/SUBCORE_FIFO.xsdbm_v3_0_0_rdfifo_inst/inst_fifo_gen/gconvfifo.rf/grf.rf/rstblk/ngwrdrst.grst.g7serrst.rd_rst_reg_reg[2]/C
  -------------------------------------------------------------------    -------------------
    SLICE_X58Y132        FDPE (Prop_fdpe_C_Q)         0.164     1.799 f  dbg_hub/inst/BSCANID.u_xsdbm_id/CORE_XSDB.UUT_MASTER/U_ICON_INTERFACE/U_CMD6_RD/U_RD_FIFO/SUBCORE_FIFO.xsdbm_v3_0_0_rdfifo_inst/inst_fifo_gen/gconvfifo.rf/grf.rf/rstblk/ngwrdrst.grst.g7serrst.rd_rst_reg_reg[2]/Q
                         net (fo=18, routed)          0.192     1.991    dbg_hub/inst/BSCANID.u_xsdbm_id/CORE_XSDB.UUT_MASTER/U_ICON_INTERFACE/U_CMD6_RD/U_RD_FIFO/SUBCORE_FIFO.xsdbm_v3_0_0_rdfifo_inst/inst_fifo_gen/gconvfifo.rf/grf.rf/gntv_or_sync_fifo.gl0.rd/rpntr/out[0]
    SLICE_X58Y131        FDCE                                         f  dbg_hub/inst/BSCANID.u_xsdbm_id/CORE_XSDB.UUT_MASTER/U_ICON_INTERFACE/U_CMD6_RD/U_RD_FIFO/SUBCORE_FIFO.xsdbm_v3_0_0_rdfifo_inst/inst_fifo_gen/gconvfifo.rf/grf.rf/gntv_or_sync_fifo.gl0.rd/rpntr/gc0.count_d1_reg[3]/CLR
  -------------------------------------------------------------------    -------------------

                         (clock dbg_hub/inst/BSCANID.u_xsdbm_id/SWITCH_N_EXT_BSCAN.bscan_inst/SERIES7_BSCAN.bscan_inst/TCK rise edge)
                                                      0.000     0.000 r  
    BSCAN_X0Y0           BSCANE2                      0.000     0.000 r  dbg_hub/inst/BSCANID.u_xsdbm_id/SWITCH_N_EXT_BSCAN.bscan_inst/SERIES7_BSCAN.bscan_inst/TCK
                         net (fo=1, routed)           1.075     1.075    dbg_hub/inst/BSCANID.u_xsdbm_id/tck_bs
    BUFGCTRL_X0Y16       BUFG (Prop_bufg_I_O)         0.029     1.104 r  dbg_hub/inst/BSCANID.u_xsdbm_id/SWITCH_N_EXT_BSCAN.u_bufg_icon_tck/O
                         net (fo=482, routed)         0.924     2.028    dbg_hub/inst/BSCANID.u_xsdbm_id/CORE_XSDB.UUT_MASTER/U_ICON_INTERFACE/U_CMD6_RD/U_RD_FIFO/SUBCORE_FIFO.xsdbm_v3_0_0_rdfifo_inst/inst_fifo_gen/gconvfifo.rf/grf.rf/gntv_or_sync_fifo.gl0.rd/rpntr/rd_clk
    SLICE_X58Y131        FDCE                                         r  dbg_hub/inst/BSCANID.u_xsdbm_id/CORE_XSDB.UUT_MASTER/U_ICON_INTERFACE/U_CMD6_RD/U_RD_FIFO/SUBCORE_FIFO.xsdbm_v3_0_0_rdfifo_inst/inst_fifo_gen/gconvfifo.rf/grf.rf/gntv_or_sync_fifo.gl0.rd/rpntr/gc0.count_d1_reg[3]/C
                         clock pessimism             -0.380     1.648    
    SLICE_X58Y131        FDCE (Remov_fdce_C_CLR)     -0.067     1.581    dbg_hub/inst/BSCANID.u_xsdbm_id/CORE_XSDB.UUT_MASTER/U_ICON_INTERFACE/U_CMD6_RD/U_RD_FIFO/SUBCORE_FIFO.xsdbm_v3_0_0_rdfifo_inst/inst_fifo_gen/gconvfifo.rf/grf.rf/gntv_or_sync_fifo.gl0.rd/rpntr/gc0.count_d1_reg[3]
  -------------------------------------------------------------------
                         required time                         -1.581    
                         arrival time                           1.991    
  -------------------------------------------------------------------
                         slack                                  0.410    

Slack (MET) :             0.426ns  (arrival time - required time)
  Source:                 dbg_hub/inst/BSCANID.u_xsdbm_id/CORE_XSDB.UUT_MASTER/U_ICON_INTERFACE/U_CMD6_RD/U_RD_FIFO/SUBCORE_FIFO.xsdbm_v3_0_0_rdfifo_inst/inst_fifo_gen/gconvfifo.rf/grf.rf/rstblk/ngwrdrst.grst.g7serrst.rd_rst_reg_reg[1]/C
                            (rising edge-triggered cell FDPE clocked by dbg_hub/inst/BSCANID.u_xsdbm_id/SWITCH_N_EXT_BSCAN.bscan_inst/SERIES7_BSCAN.bscan_inst/TCK  {rise@0.000ns fall@16.500ns period=33.000ns})
  Destination:            dbg_hub/inst/BSCANID.u_xsdbm_id/CORE_XSDB.UUT_MASTER/U_ICON_INTERFACE/U_CMD6_RD/U_RD_FIFO/SUBCORE_FIFO.xsdbm_v3_0_0_rdfifo_inst/inst_fifo_gen/gconvfifo.rf/grf.rf/gntv_or_sync_fifo.gcx.clkx/gnxpm_cdc.rd_pntr_gc_reg[2]/CLR
                            (removal check against rising-edge clock dbg_hub/inst/BSCANID.u_xsdbm_id/SWITCH_N_EXT_BSCAN.bscan_inst/SERIES7_BSCAN.bscan_inst/TCK  {rise@0.000ns fall@16.500ns period=33.000ns})
  Path Group:             **async_default**
  Path Type:              Removal (Min at Fast Process Corner)
  Requirement:            0.000ns  (dbg_hub/inst/BSCANID.u_xsdbm_id/SWITCH_N_EXT_BSCAN.bscan_inst/SERIES7_BSCAN.bscan_inst/TCK rise@0.000ns - dbg_hub/inst/BSCANID.u_xsdbm_id/SWITCH_N_EXT_BSCAN.bscan_inst/SERIES7_BSCAN.bscan_inst/TCK rise@0.000ns)
  Data Path Delay:        0.368ns  (logic 0.164ns (44.543%)  route 0.204ns (55.457%))
  Logic Levels:           0  
  Clock Path Skew:        0.034ns (DCD - SCD - CPR)
    Destination Clock Delay (DCD):    2.029ns
    Source Clock Delay      (SCD):    1.635ns
    Clock Pessimism Removal (CPR):    0.360ns

    Location             Delay type                Incr(ns)  Path(ns)    Netlist Resource(s)
  -------------------------------------------------------------------    -------------------
                         (clock dbg_hub/inst/BSCANID.u_xsdbm_id/SWITCH_N_EXT_BSCAN.bscan_inst/SERIES7_BSCAN.bscan_inst/TCK rise edge)
                                                      0.000     0.000 r  
    BSCAN_X0Y0           BSCANE2                      0.000     0.000 r  dbg_hub/inst/BSCANID.u_xsdbm_id/SWITCH_N_EXT_BSCAN.bscan_inst/SERIES7_BSCAN.bscan_inst/TCK
                         net (fo=1, routed)           0.956     0.956    dbg_hub/inst/BSCANID.u_xsdbm_id/tck_bs
    BUFGCTRL_X0Y16       BUFG (Prop_bufg_I_O)         0.026     0.982 r  dbg_hub/inst/BSCANID.u_xsdbm_id/SWITCH_N_EXT_BSCAN.u_bufg_icon_tck/O
                         net (fo=482, routed)         0.653     1.635    dbg_hub/inst/BSCANID.u_xsdbm_id/CORE_XSDB.UUT_MASTER/U_ICON_INTERFACE/U_CMD6_RD/U_RD_FIFO/SUBCORE_FIFO.xsdbm_v3_0_0_rdfifo_inst/inst_fifo_gen/gconvfifo.rf/grf.rf/rstblk/rd_clk
    SLICE_X58Y132        FDPE                                         r  dbg_hub/inst/BSCANID.u_xsdbm_id/CORE_XSDB.UUT_MASTER/U_ICON_INTERFACE/U_CMD6_RD/U_RD_FIFO/SUBCORE_FIFO.xsdbm_v3_0_0_rdfifo_inst/inst_fifo_gen/gconvfifo.rf/grf.rf/rstblk/ngwrdrst.grst.g7serrst.rd_rst_reg_reg[1]/C
  -------------------------------------------------------------------    -------------------
    SLICE_X58Y132        FDPE (Prop_fdpe_C_Q)         0.164     1.799 f  dbg_hub/inst/BSCANID.u_xsdbm_id/CORE_XSDB.UUT_MASTER/U_ICON_INTERFACE/U_CMD6_RD/U_RD_FIFO/SUBCORE_FIFO.xsdbm_v3_0_0_rdfifo_inst/inst_fifo_gen/gconvfifo.rf/grf.rf/rstblk/ngwrdrst.grst.g7serrst.rd_rst_reg_reg[1]/Q
                         net (fo=16, routed)          0.204     2.003    dbg_hub/inst/BSCANID.u_xsdbm_id/CORE_XSDB.UUT_MASTER/U_ICON_INTERFACE/U_CMD6_RD/U_RD_FIFO/SUBCORE_FIFO.xsdbm_v3_0_0_rdfifo_inst/inst_fifo_gen/gconvfifo.rf/grf.rf/gntv_or_sync_fifo.gcx.clkx/Q_reg_reg[0][0]
    SLICE_X61Y131        FDCE                                         f  dbg_hub/inst/BSCANID.u_xsdbm_id/CORE_XSDB.UUT_MASTER/U_ICON_INTERFACE/U_CMD6_RD/U_RD_FIFO/SUBCORE_FIFO.xsdbm_v3_0_0_rdfifo_inst/inst_fifo_gen/gconvfifo.rf/grf.rf/gntv_or_sync_fifo.gcx.clkx/gnxpm_cdc.rd_pntr_gc_reg[2]/CLR
  -------------------------------------------------------------------    -------------------

                         (clock dbg_hub/inst/BSCANID.u_xsdbm_id/SWITCH_N_EXT_BSCAN.bscan_inst/SERIES7_BSCAN.bscan_inst/TCK rise edge)
                                                      0.000     0.000 r  
    BSCAN_X0Y0           BSCANE2                      0.000     0.000 r  dbg_hub/inst/BSCANID.u_xsdbm_id/SWITCH_N_EXT_BSCAN.bscan_inst/SERIES7_BSCAN.bscan_inst/TCK
                         net (fo=1, routed)           1.075     1.075    dbg_hub/inst/BSCANID.u_xsdbm_id/tck_bs
    BUFGCTRL_X0Y16       BUFG (Prop_bufg_I_O)         0.029     1.104 r  dbg_hub/inst/BSCANID.u_xsdbm_id/SWITCH_N_EXT_BSCAN.u_bufg_icon_tck/O
                         net (fo=482, routed)         0.925     2.029    dbg_hub/inst/BSCANID.u_xsdbm_id/CORE_XSDB.UUT_MASTER/U_ICON_INTERFACE/U_CMD6_RD/U_RD_FIFO/SUBCORE_FIFO.xsdbm_v3_0_0_rdfifo_inst/inst_fifo_gen/gconvfifo.rf/grf.rf/gntv_or_sync_fifo.gcx.clkx/rd_clk
    SLICE_X61Y131        FDCE                                         r  dbg_hub/inst/BSCANID.u_xsdbm_id/CORE_XSDB.UUT_MASTER/U_ICON_INTERFACE/U_CMD6_RD/U_RD_FIFO/SUBCORE_FIFO.xsdbm_v3_0_0_rdfifo_inst/inst_fifo_gen/gconvfifo.rf/grf.rf/gntv_or_sync_fifo.gcx.clkx/gnxpm_cdc.rd_pntr_gc_reg[2]/C
                         clock pessimism             -0.360     1.669    
    SLICE_X61Y131        FDCE (Remov_fdce_C_CLR)     -0.092     1.577    dbg_hub/inst/BSCANID.u_xsdbm_id/CORE_XSDB.UUT_MASTER/U_ICON_INTERFACE/U_CMD6_RD/U_RD_FIFO/SUBCORE_FIFO.xsdbm_v3_0_0_rdfifo_inst/inst_fifo_gen/gconvfifo.rf/grf.rf/gntv_or_sync_fifo.gcx.clkx/gnxpm_cdc.rd_pntr_gc_reg[2]
  -------------------------------------------------------------------
                         required time                         -1.577    
                         arrival time                           2.003    
  -------------------------------------------------------------------
                         slack                                  0.426    

Slack (MET) :             0.426ns  (arrival time - required time)
  Source:                 dbg_hub/inst/BSCANID.u_xsdbm_id/CORE_XSDB.UUT_MASTER/U_ICON_INTERFACE/U_CMD6_RD/U_RD_FIFO/SUBCORE_FIFO.xsdbm_v3_0_0_rdfifo_inst/inst_fifo_gen/gconvfifo.rf/grf.rf/rstblk/ngwrdrst.grst.g7serrst.rd_rst_reg_reg[1]/C
                            (rising edge-triggered cell FDPE clocked by dbg_hub/inst/BSCANID.u_xsdbm_id/SWITCH_N_EXT_BSCAN.bscan_inst/SERIES7_BSCAN.bscan_inst/TCK  {rise@0.000ns fall@16.500ns period=33.000ns})
  Destination:            dbg_hub/inst/BSCANID.u_xsdbm_id/CORE_XSDB.UUT_MASTER/U_ICON_INTERFACE/U_CMD6_RD/U_RD_FIFO/SUBCORE_FIFO.xsdbm_v3_0_0_rdfifo_inst/inst_fifo_gen/gconvfifo.rf/grf.rf/gntv_or_sync_fifo.gcx.clkx/gnxpm_cdc.rd_pntr_gc_reg[3]/CLR
                            (removal check against rising-edge clock dbg_hub/inst/BSCANID.u_xsdbm_id/SWITCH_N_EXT_BSCAN.bscan_inst/SERIES7_BSCAN.bscan_inst/TCK  {rise@0.000ns fall@16.500ns period=33.000ns})
  Path Group:             **async_default**
  Path Type:              Removal (Min at Fast Process Corner)
  Requirement:            0.000ns  (dbg_hub/inst/BSCANID.u_xsdbm_id/SWITCH_N_EXT_BSCAN.bscan_inst/SERIES7_BSCAN.bscan_inst/TCK rise@0.000ns - dbg_hub/inst/BSCANID.u_xsdbm_id/SWITCH_N_EXT_BSCAN.bscan_inst/SERIES7_BSCAN.bscan_inst/TCK rise@0.000ns)
  Data Path Delay:        0.368ns  (logic 0.164ns (44.543%)  route 0.204ns (55.457%))
  Logic Levels:           0  
  Clock Path Skew:        0.034ns (DCD - SCD - CPR)
    Destination Clock Delay (DCD):    2.029ns
    Source Clock Delay      (SCD):    1.635ns
    Clock Pessimism Removal (CPR):    0.360ns

    Location             Delay type                Incr(ns)  Path(ns)    Netlist Resource(s)
  -------------------------------------------------------------------    -------------------
                         (clock dbg_hub/inst/BSCANID.u_xsdbm_id/SWITCH_N_EXT_BSCAN.bscan_inst/SERIES7_BSCAN.bscan_inst/TCK rise edge)
                                                      0.000     0.000 r  
    BSCAN_X0Y0           BSCANE2                      0.000     0.000 r  dbg_hub/inst/BSCANID.u_xsdbm_id/SWITCH_N_EXT_BSCAN.bscan_inst/SERIES7_BSCAN.bscan_inst/TCK
                         net (fo=1, routed)           0.956     0.956    dbg_hub/inst/BSCANID.u_xsdbm_id/tck_bs
    BUFGCTRL_X0Y16       BUFG (Prop_bufg_I_O)         0.026     0.982 r  dbg_hub/inst/BSCANID.u_xsdbm_id/SWITCH_N_EXT_BSCAN.u_bufg_icon_tck/O
                         net (fo=482, routed)         0.653     1.635    dbg_hub/inst/BSCANID.u_xsdbm_id/CORE_XSDB.UUT_MASTER/U_ICON_INTERFACE/U_CMD6_RD/U_RD_FIFO/SUBCORE_FIFO.xsdbm_v3_0_0_rdfifo_inst/inst_fifo_gen/gconvfifo.rf/grf.rf/rstblk/rd_clk
    SLICE_X58Y132        FDPE                                         r  dbg_hub/inst/BSCANID.u_xsdbm_id/CORE_XSDB.UUT_MASTER/U_ICON_INTERFACE/U_CMD6_RD/U_RD_FIFO/SUBCORE_FIFO.xsdbm_v3_0_0_rdfifo_inst/inst_fifo_gen/gconvfifo.rf/grf.rf/rstblk/ngwrdrst.grst.g7serrst.rd_rst_reg_reg[1]/C
  -------------------------------------------------------------------    -------------------
    SLICE_X58Y132        FDPE (Prop_fdpe_C_Q)         0.164     1.799 f  dbg_hub/inst/BSCANID.u_xsdbm_id/CORE_XSDB.UUT_MASTER/U_ICON_INTERFACE/U_CMD6_RD/U_RD_FIFO/SUBCORE_FIFO.xsdbm_v3_0_0_rdfifo_inst/inst_fifo_gen/gconvfifo.rf/grf.rf/rstblk/ngwrdrst.grst.g7serrst.rd_rst_reg_reg[1]/Q
                         net (fo=16, routed)          0.204     2.003    dbg_hub/inst/BSCANID.u_xsdbm_id/CORE_XSDB.UUT_MASTER/U_ICON_INTERFACE/U_CMD6_RD/U_RD_FIFO/SUBCORE_FIFO.xsdbm_v3_0_0_rdfifo_inst/inst_fifo_gen/gconvfifo.rf/grf.rf/gntv_or_sync_fifo.gcx.clkx/Q_reg_reg[0][0]
    SLICE_X61Y131        FDCE                                         f  dbg_hub/inst/BSCANID.u_xsdbm_id/CORE_XSDB.UUT_MASTER/U_ICON_INTERFACE/U_CMD6_RD/U_RD_FIFO/SUBCORE_FIFO.xsdbm_v3_0_0_rdfifo_inst/inst_fifo_gen/gconvfifo.rf/grf.rf/gntv_or_sync_fifo.gcx.clkx/gnxpm_cdc.rd_pntr_gc_reg[3]/CLR
  -------------------------------------------------------------------    -------------------

                         (clock dbg_hub/inst/BSCANID.u_xsdbm_id/SWITCH_N_EXT_BSCAN.bscan_inst/SERIES7_BSCAN.bscan_inst/TCK rise edge)
                                                      0.000     0.000 r  
    BSCAN_X0Y0           BSCANE2                      0.000     0.000 r  dbg_hub/inst/BSCANID.u_xsdbm_id/SWITCH_N_EXT_BSCAN.bscan_inst/SERIES7_BSCAN.bscan_inst/TCK
                         net (fo=1, routed)           1.075     1.075    dbg_hub/inst/BSCANID.u_xsdbm_id/tck_bs
    BUFGCTRL_X0Y16       BUFG (Prop_bufg_I_O)         0.029     1.104 r  dbg_hub/inst/BSCANID.u_xsdbm_id/SWITCH_N_EXT_BSCAN.u_bufg_icon_tck/O
                         net (fo=482, routed)         0.925     2.029    dbg_hub/inst/BSCANID.u_xsdbm_id/CORE_XSDB.UUT_MASTER/U_ICON_INTERFACE/U_CMD6_RD/U_RD_FIFO/SUBCORE_FIFO.xsdbm_v3_0_0_rdfifo_inst/inst_fifo_gen/gconvfifo.rf/grf.rf/gntv_or_sync_fifo.gcx.clkx/rd_clk
    SLICE_X61Y131        FDCE                                         r  dbg_hub/inst/BSCANID.u_xsdbm_id/CORE_XSDB.UUT_MASTER/U_ICON_INTERFACE/U_CMD6_RD/U_RD_FIFO/SUBCORE_FIFO.xsdbm_v3_0_0_rdfifo_inst/inst_fifo_gen/gconvfifo.rf/grf.rf/gntv_or_sync_fifo.gcx.clkx/gnxpm_cdc.rd_pntr_gc_reg[3]/C
                         clock pessimism             -0.360     1.669    
    SLICE_X61Y131        FDCE (Remov_fdce_C_CLR)     -0.092     1.577    dbg_hub/inst/BSCANID.u_xsdbm_id/CORE_XSDB.UUT_MASTER/U_ICON_INTERFACE/U_CMD6_RD/U_RD_FIFO/SUBCORE_FIFO.xsdbm_v3_0_0_rdfifo_inst/inst_fifo_gen/gconvfifo.rf/grf.rf/gntv_or_sync_fifo.gcx.clkx/gnxpm_cdc.rd_pntr_gc_reg[3]
  -------------------------------------------------------------------
                         required time                         -1.577    
                         arrival time                           2.003    
  -------------------------------------------------------------------
                         slack                                  0.426    





