Copyright 1986-2019 Xilinx, Inc. All Rights Reserved.
--------------------------------------------------------------------------------------------------------------------------------------------------------------------------------------------------------
| Tool Version : Vivado v.2019.1 (win64) Build 2552052 Fri May 24 14:49:42 MDT 2019
| Date         : Tue Sep 10 14:19:45 2024
| Host         : DESKTOP-UKD76RS running 64-bit major release  (build 9200)
| Command      : report_timing_summary -max_paths 10 -file VIO_wrapper_timing_summary_routed.rpt -pb VIO_wrapper_timing_summary_routed.pb -rpx VIO_wrapper_timing_summary_routed.rpx -warn_on_violation
| Design       : VIO_wrapper
| Device       : 7z020-clg484
| Speed File   : -1  PRODUCTION 1.11 2014-09-11
--------------------------------------------------------------------------------------------------------------------------------------------------------------------------------------------------------

Timing Summary Report

------------------------------------------------------------------------------------------------
| Timer Settings
| --------------
------------------------------------------------------------------------------------------------

  Enable Multi Corner Analysis               :  Yes
  Enable Pessimism Removal                   :  Yes
  Pessimism Removal Resolution               :  Nearest Common Node
  Enable Input Delay Default Clock           :  No
  Enable Preset / Clear Arcs                 :  No
  Disable Flight Delays                      :  No
  Ignore I/O Paths                           :  No
  Timing Early Launch at Borrowing Latches   :  No
  Borrow Time for Max Delay Exceptions       :  Yes

  Corner  Analyze    Analyze    
  Name    Max Paths  Min Paths  
  ------  ---------  ---------  
  Slow    Yes        Yes        
  Fast    Yes        Yes        



check_timing report

Table of Contents
-----------------
1. checking no_clock
2. checking constant_clock
3. checking pulse_width_clock
4. checking unconstrained_internal_endpoints
5. checking no_input_delay
6. checking no_output_delay
7. checking multiple_clock
8. checking generated_clocks
9. checking loops
10. checking partial_input_delay
11. checking partial_output_delay
12. checking latch_loops

1. checking no_clock
--------------------
 There are 1830 register/latch pins with no clock driven by root clock pin: Clk_100M (HIGH)

 There are 12 register/latch pins with no clock driven by root clock pin: t1/cd1/Count_reg_reg[23]/Q (HIGH)


2. checking constant_clock
--------------------------
 There are 0 register/latch pins with constant_clock.


3. checking pulse_width_clock
-----------------------------
 There are 0 register/latch pins which need pulse_width check


4. checking unconstrained_internal_endpoints
--------------------------------------------
 There are 2657 pins that are not constrained for maximum delay. (HIGH)

 There are 0 pins that are not constrained for maximum delay due to constant clock.


5. checking no_input_delay
--------------------------
 There are 0 input ports with no input delay specified.

 There are 0 input ports with no input delay but user has a false path constraint.


6. checking no_output_delay
---------------------------
 There are 0 ports with no output delay specified.

 There are 0 ports with no output delay but user has a false path constraint

 There are 0 ports with no output delay but with a timing clock defined on it or propagating through it


7. checking multiple_clock
--------------------------
 There are 0 register/latch pins with multiple clocks.


8. checking generated_clocks
----------------------------
 There are 0 generated clocks that are not connected to a clock source.


9. checking loops
-----------------
 There are 0 combinational loops in the design.


10. checking partial_input_delay
--------------------------------
 There are 0 input ports with partial input delay specified.


11. checking partial_output_delay
---------------------------------
 There are 0 ports with partial output delay specified.


12. checking latch_loops
------------------------
 There are 0 combinational latch loops in the design through latch input



------------------------------------------------------------------------------------------------
| Design Timing Summary
| ---------------------
------------------------------------------------------------------------------------------------

    WNS(ns)      TNS(ns)  TNS Failing Endpoints  TNS Total Endpoints      WHS(ns)      THS(ns)  THS Failing Endpoints  THS Total Endpoints     WPWS(ns)     TPWS(ns)  TPWS Failing Endpoints  TPWS Total Endpoints  
    -------      -------  ---------------------  -------------------      -------      -------  ---------------------  -------------------     --------     --------  ----------------------  --------------------  
     26.464        0.000                      0                 1065        0.103        0.000                      0                 1057        3.000        0.000                       0                   517  


All user specified timing constraints are met.


------------------------------------------------------------------------------------------------
| Clock Summary
| -------------
------------------------------------------------------------------------------------------------

Clock                                                                                       Waveform(ns)       Period(ns)      Frequency(MHz)
-----                                                                                       ------------       ----------      --------------
dbg_hub/inst/BSCANID.u_xsdbm_id/SWITCH_N_EXT_BSCAN.bscan_inst/SERIES7_BSCAN.bscan_inst/TCK  {0.000 16.500}     33.000          30.303          
t1/cd/inst/Clk_100M                                                                         {0.000 5.000}      10.000          100.000         
  Clk_16M_clk_wiz_0                                                                         {0.000 29.815}     59.630          16.770          
  clkfbout_clk_wiz_0                                                                        {0.000 30.000}     60.000          16.667          


------------------------------------------------------------------------------------------------
| Intra Clock Table
| -----------------
------------------------------------------------------------------------------------------------

Clock                                                                                           WNS(ns)      TNS(ns)  TNS Failing Endpoints  TNS Total Endpoints      WHS(ns)      THS(ns)  THS Failing Endpoints  THS Total Endpoints     WPWS(ns)     TPWS(ns)  TPWS Failing Endpoints  TPWS Total Endpoints  
-----                                                                                           -------      -------  ---------------------  -------------------      -------      -------  ---------------------  -------------------     --------     --------  ----------------------  --------------------  
dbg_hub/inst/BSCANID.u_xsdbm_id/SWITCH_N_EXT_BSCAN.bscan_inst/SERIES7_BSCAN.bscan_inst/TCK       26.464        0.000                      0                  933        0.103        0.000                      0                  933       15.250        0.000                       0                   487  
t1/cd/inst/Clk_100M                                                                                                                                                                                                                           3.000        0.000                       0                     1  
  Clk_16M_clk_wiz_0                                                                              56.975        0.000                      0                   24        0.268        0.000                      0                   24       29.315        0.000                       0                    26  
  clkfbout_clk_wiz_0                                                                                                                                                                                                                         40.000        0.000                       0                     3  


------------------------------------------------------------------------------------------------
| Inter Clock Table
| -----------------
------------------------------------------------------------------------------------------------

From Clock    To Clock          WNS(ns)      TNS(ns)  TNS Failing Endpoints  TNS Total Endpoints      WHS(ns)      THS(ns)  THS Failing Endpoints  THS Total Endpoints  
----------    --------          -------      -------  ---------------------  -------------------      -------      -------  ---------------------  -------------------  


------------------------------------------------------------------------------------------------
| Other Path Groups Table
| -----------------------
------------------------------------------------------------------------------------------------

Path Group                                                                                  From Clock                                                                                  To Clock                                                                                        WNS(ns)      TNS(ns)  TNS Failing Endpoints  TNS Total Endpoints      WHS(ns)      THS(ns)  THS Failing Endpoints  THS Total Endpoints  
----------                                                                                  ----------                                                                                  --------                                                                                        -------      -------  ---------------------  -------------------      -------      -------  ---------------------  -------------------  
**async_default**                                                                           dbg_hub/inst/BSCANID.u_xsdbm_id/SWITCH_N_EXT_BSCAN.bscan_inst/SERIES7_BSCAN.bscan_inst/TCK  dbg_hub/inst/BSCANID.u_xsdbm_id/SWITCH_N_EXT_BSCAN.bscan_inst/SERIES7_BSCAN.bscan_inst/TCK       27.655        0.000                      0                  100        0.346        0.000                      0                  100  
**default**                                                                                 dbg_hub/inst/BSCANID.u_xsdbm_id/SWITCH_N_EXT_BSCAN.bscan_inst/SERIES7_BSCAN.bscan_inst/TCK                                                                                                   31.780        0.000                      0                    8                                                                        


------------------------------------------------------------------------------------------------
| Timing Details
| --------------
------------------------------------------------------------------------------------------------


---------------------------------------------------------------------------------------------------
From Clock:  dbg_hub/inst/BSCANID.u_xsdbm_id/SWITCH_N_EXT_BSCAN.bscan_inst/SERIES7_BSCAN.bscan_inst/TCK
  To Clock:  dbg_hub/inst/BSCANID.u_xsdbm_id/SWITCH_N_EXT_BSCAN.bscan_inst/SERIES7_BSCAN.bscan_inst/TCK

Setup :            0  Failing Endpoints,  Worst Slack       26.464ns,  Total Violation        0.000ns
Hold  :            0  Failing Endpoints,  Worst Slack        0.103ns,  Total Violation        0.000ns
PW    :            0  Failing Endpoints,  Worst Slack       15.250ns,  Total Violation        0.000ns
---------------------------------------------------------------------------------------------------


Max Delay Paths
--------------------------------------------------------------------------------------
Slack (MET) :             26.464ns  (required time - arrival time)
  Source:                 dbg_hub/inst/BSCANID.u_xsdbm_id/SWITCH_N_EXT_BSCAN.bscan_switch/state_reg[0]/C
                            (rising edge-triggered cell FDRE clocked by dbg_hub/inst/BSCANID.u_xsdbm_id/SWITCH_N_EXT_BSCAN.bscan_inst/SERIES7_BSCAN.bscan_inst/TCK  {rise@0.000ns fall@16.500ns period=33.000ns})
  Destination:            dbg_hub/inst/BSCANID.u_xsdbm_id/SWITCH_N_EXT_BSCAN.bscan_switch/portno_temp_reg[4]/D
                            (rising edge-triggered cell FDRE clocked by dbg_hub/inst/BSCANID.u_xsdbm_id/SWITCH_N_EXT_BSCAN.bscan_inst/SERIES7_BSCAN.bscan_inst/TCK  {rise@0.000ns fall@16.500ns period=33.000ns})
  Path Group:             dbg_hub/inst/BSCANID.u_xsdbm_id/SWITCH_N_EXT_BSCAN.bscan_inst/SERIES7_BSCAN.bscan_inst/TCK
  Path Type:              Setup (Max at Slow Process Corner)
  Requirement:            33.000ns  (dbg_hub/inst/BSCANID.u_xsdbm_id/SWITCH_N_EXT_BSCAN.bscan_inst/SERIES7_BSCAN.bscan_inst/TCK rise@33.000ns - dbg_hub/inst/BSCANID.u_xsdbm_id/SWITCH_N_EXT_BSCAN.bscan_inst/SERIES7_BSCAN.bscan_inst/TCK rise@0.000ns)
  Data Path Delay:        6.507ns  (logic 1.605ns (24.666%)  route 4.902ns (75.334%))
  Logic Levels:           6  (CARRY4=2 LUT3=1 LUT4=1 LUT5=1 LUT6=1)
  Clock Path Skew:        -0.025ns (DCD - SCD + CPR)
    Destination Clock Delay (DCD):    3.820ns = ( 36.820 - 33.000 ) 
    Source Clock Delay      (SCD):    4.336ns
    Clock Pessimism Removal (CPR):    0.492ns
  Clock Uncertainty:      0.035ns  ((TSJ^2 + TIJ^2)^1/2 + DJ) / 2 + PE
    Total System Jitter     (TSJ):    0.071ns
    Total Input Jitter      (TIJ):    0.000ns
    Discrete Jitter          (DJ):    0.000ns
    Phase Error              (PE):    0.000ns

    Location             Delay type                Incr(ns)  Path(ns)    Netlist Resource(s)
  -------------------------------------------------------------------    -------------------
                         (clock dbg_hub/inst/BSCANID.u_xsdbm_id/SWITCH_N_EXT_BSCAN.bscan_inst/SERIES7_BSCAN.bscan_inst/TCK rise edge)
                                                      0.000     0.000 r  
    BSCAN_X0Y0           BSCANE2                      0.000     0.000 r  dbg_hub/inst/BSCANID.u_xsdbm_id/SWITCH_N_EXT_BSCAN.bscan_inst/SERIES7_BSCAN.bscan_inst/TCK
                         net (fo=1, routed)           2.325     2.325    dbg_hub/inst/BSCANID.u_xsdbm_id/tck_bs
    BUFGCTRL_X0Y1        BUFG (Prop_bufg_I_O)         0.101     2.426 r  dbg_hub/inst/BSCANID.u_xsdbm_id/SWITCH_N_EXT_BSCAN.u_bufg_icon_tck/O
                         net (fo=486, routed)         1.910     4.336    dbg_hub/inst/BSCANID.u_xsdbm_id/SWITCH_N_EXT_BSCAN.bscan_switch/s_bscan_tck
    SLICE_X63Y102        FDRE                                         r  dbg_hub/inst/BSCANID.u_xsdbm_id/SWITCH_N_EXT_BSCAN.bscan_switch/state_reg[0]/C
  -------------------------------------------------------------------    -------------------
    SLICE_X63Y102        FDRE (Prop_fdre_C_Q)         0.419     4.755 r  dbg_hub/inst/BSCANID.u_xsdbm_id/SWITCH_N_EXT_BSCAN.bscan_switch/state_reg[0]/Q
                         net (fo=50, routed)          2.407     7.163    dbg_hub/inst/BSCANID.u_xsdbm_id/SWITCH_N_EXT_BSCAN.bscan_switch/state[0]
    SLICE_X66Y101        LUT4 (Prop_lut4_I1_O)        0.299     7.462 r  dbg_hub/inst/BSCANID.u_xsdbm_id/SWITCH_N_EXT_BSCAN.bscan_switch/curid_inferred_i_13/O
                         net (fo=2, routed)           0.794     8.255    dbg_hub/inst/BSCANID.u_xsdbm_id/SWITCH_N_EXT_BSCAN.bscan_switch/curid[19]
    SLICE_X65Y102        LUT6 (Prop_lut6_I4_O)        0.124     8.379 r  dbg_hub/inst/BSCANID.u_xsdbm_id/SWITCH_N_EXT_BSCAN.bscan_switch/state_temp[0]_i_9/O
                         net (fo=1, routed)           0.000     8.379    dbg_hub/inst/BSCANID.u_xsdbm_id/SWITCH_N_EXT_BSCAN.bscan_switch/state_temp[0]_i_9_n_0
    SLICE_X65Y102        CARRY4 (Prop_carry4_S[3]_CO[3])
                                                      0.401     8.780 r  dbg_hub/inst/BSCANID.u_xsdbm_id/SWITCH_N_EXT_BSCAN.bscan_switch/state_temp_reg[0]_i_4/CO[3]
                         net (fo=1, routed)           0.000     8.780    dbg_hub/inst/BSCANID.u_xsdbm_id/SWITCH_N_EXT_BSCAN.bscan_switch/state_temp_reg[0]_i_4_n_0
    SLICE_X65Y103        CARRY4 (Prop_carry4_CI_CO[3])
                                                      0.114     8.894 f  dbg_hub/inst/BSCANID.u_xsdbm_id/SWITCH_N_EXT_BSCAN.bscan_switch/state_temp_reg[0]_i_3/CO[3]
                         net (fo=4, routed)           1.087     9.981    dbg_hub/inst/BSCANID.u_xsdbm_id/SWITCH_N_EXT_BSCAN.bscan_switch/state_temp_reg[0]_i_3_n_0
    SLICE_X62Y101        LUT5 (Prop_lut5_I1_O)        0.124    10.105 r  dbg_hub/inst/BSCANID.u_xsdbm_id/SWITCH_N_EXT_BSCAN.bscan_switch/portno_temp[5]_i_2/O
                         net (fo=7, routed)           0.614    10.719    dbg_hub/inst/BSCANID.u_xsdbm_id/SWITCH_N_EXT_BSCAN.bscan_switch/portno_temp[5]_i_2_n_0
    SLICE_X61Y101        LUT3 (Prop_lut3_I1_O)        0.124    10.843 r  dbg_hub/inst/BSCANID.u_xsdbm_id/SWITCH_N_EXT_BSCAN.bscan_switch/portno_temp[4]_i_1/O
                         net (fo=1, routed)           0.000    10.843    dbg_hub/inst/BSCANID.u_xsdbm_id/SWITCH_N_EXT_BSCAN.bscan_switch/portno_temp[4]_i_1_n_0
    SLICE_X61Y101        FDRE                                         r  dbg_hub/inst/BSCANID.u_xsdbm_id/SWITCH_N_EXT_BSCAN.bscan_switch/portno_temp_reg[4]/D
  -------------------------------------------------------------------    -------------------

                         (clock dbg_hub/inst/BSCANID.u_xsdbm_id/SWITCH_N_EXT_BSCAN.bscan_inst/SERIES7_BSCAN.bscan_inst/TCK rise edge)
                                                     33.000    33.000 r  
    BSCAN_X0Y0           BSCANE2                      0.000    33.000 r  dbg_hub/inst/BSCANID.u_xsdbm_id/SWITCH_N_EXT_BSCAN.bscan_inst/SERIES7_BSCAN.bscan_inst/TCK
                         net (fo=1, routed)           2.010    35.010    dbg_hub/inst/BSCANID.u_xsdbm_id/tck_bs
    BUFGCTRL_X0Y1        BUFG (Prop_bufg_I_O)         0.091    35.101 r  dbg_hub/inst/BSCANID.u_xsdbm_id/SWITCH_N_EXT_BSCAN.u_bufg_icon_tck/O
                         net (fo=486, routed)         1.718    36.820    dbg_hub/inst/BSCANID.u_xsdbm_id/SWITCH_N_EXT_BSCAN.bscan_switch/s_bscan_tck
    SLICE_X61Y101        FDRE                                         r  dbg_hub/inst/BSCANID.u_xsdbm_id/SWITCH_N_EXT_BSCAN.bscan_switch/portno_temp_reg[4]/C
                         clock pessimism              0.492    37.311    
                         clock uncertainty           -0.035    37.276    
    SLICE_X61Y101        FDRE (Setup_fdre_C_D)        0.031    37.307    dbg_hub/inst/BSCANID.u_xsdbm_id/SWITCH_N_EXT_BSCAN.bscan_switch/portno_temp_reg[4]
  -------------------------------------------------------------------
                         required time                         37.307    
                         arrival time                         -10.843    
  -------------------------------------------------------------------
                         slack                                 26.464    

Slack (MET) :             26.516ns  (required time - arrival time)
  Source:                 dbg_hub/inst/BSCANID.u_xsdbm_id/SWITCH_N_EXT_BSCAN.bscan_switch/state_reg[0]/C
                            (rising edge-triggered cell FDRE clocked by dbg_hub/inst/BSCANID.u_xsdbm_id/SWITCH_N_EXT_BSCAN.bscan_inst/SERIES7_BSCAN.bscan_inst/TCK  {rise@0.000ns fall@16.500ns period=33.000ns})
  Destination:            dbg_hub/inst/BSCANID.u_xsdbm_id/SWITCH_N_EXT_BSCAN.bscan_switch/state_temp_reg[2]/D
                            (rising edge-triggered cell FDRE clocked by dbg_hub/inst/BSCANID.u_xsdbm_id/SWITCH_N_EXT_BSCAN.bscan_inst/SERIES7_BSCAN.bscan_inst/TCK  {rise@0.000ns fall@16.500ns period=33.000ns})
  Path Group:             dbg_hub/inst/BSCANID.u_xsdbm_id/SWITCH_N_EXT_BSCAN.bscan_inst/SERIES7_BSCAN.bscan_inst/TCK
  Path Type:              Setup (Max at Slow Process Corner)
  Requirement:            33.000ns  (dbg_hub/inst/BSCANID.u_xsdbm_id/SWITCH_N_EXT_BSCAN.bscan_inst/SERIES7_BSCAN.bscan_inst/TCK rise@33.000ns - dbg_hub/inst/BSCANID.u_xsdbm_id/SWITCH_N_EXT_BSCAN.bscan_inst/SERIES7_BSCAN.bscan_inst/TCK rise@0.000ns)
  Data Path Delay:        6.508ns  (logic 1.605ns (24.662%)  route 4.903ns (75.338%))
  Logic Levels:           6  (CARRY4=2 LUT4=1 LUT5=1 LUT6=2)
  Clock Path Skew:        -0.022ns (DCD - SCD + CPR)
    Destination Clock Delay (DCD):    3.820ns = ( 36.820 - 33.000 ) 
    Source Clock Delay      (SCD):    4.336ns
    Clock Pessimism Removal (CPR):    0.495ns
  Clock Uncertainty:      0.035ns  ((TSJ^2 + TIJ^2)^1/2 + DJ) / 2 + PE
    Total System Jitter     (TSJ):    0.071ns
    Total Input Jitter      (TIJ):    0.000ns
    Discrete Jitter          (DJ):    0.000ns
    Phase Error              (PE):    0.000ns

    Location             Delay type                Incr(ns)  Path(ns)    Netlist Resource(s)
  -------------------------------------------------------------------    -------------------
                         (clock dbg_hub/inst/BSCANID.u_xsdbm_id/SWITCH_N_EXT_BSCAN.bscan_inst/SERIES7_BSCAN.bscan_inst/TCK rise edge)
                                                      0.000     0.000 r  
    BSCAN_X0Y0           BSCANE2                      0.000     0.000 r  dbg_hub/inst/BSCANID.u_xsdbm_id/SWITCH_N_EXT_BSCAN.bscan_inst/SERIES7_BSCAN.bscan_inst/TCK
                         net (fo=1, routed)           2.325     2.325    dbg_hub/inst/BSCANID.u_xsdbm_id/tck_bs
    BUFGCTRL_X0Y1        BUFG (Prop_bufg_I_O)         0.101     2.426 r  dbg_hub/inst/BSCANID.u_xsdbm_id/SWITCH_N_EXT_BSCAN.u_bufg_icon_tck/O
                         net (fo=486, routed)         1.910     4.336    dbg_hub/inst/BSCANID.u_xsdbm_id/SWITCH_N_EXT_BSCAN.bscan_switch/s_bscan_tck
    SLICE_X63Y102        FDRE                                         r  dbg_hub/inst/BSCANID.u_xsdbm_id/SWITCH_N_EXT_BSCAN.bscan_switch/state_reg[0]/C
  -------------------------------------------------------------------    -------------------
    SLICE_X63Y102        FDRE (Prop_fdre_C_Q)         0.419     4.755 r  dbg_hub/inst/BSCANID.u_xsdbm_id/SWITCH_N_EXT_BSCAN.bscan_switch/state_reg[0]/Q
                         net (fo=50, routed)          2.407     7.163    dbg_hub/inst/BSCANID.u_xsdbm_id/SWITCH_N_EXT_BSCAN.bscan_switch/state[0]
    SLICE_X66Y101        LUT4 (Prop_lut4_I1_O)        0.299     7.462 r  dbg_hub/inst/BSCANID.u_xsdbm_id/SWITCH_N_EXT_BSCAN.bscan_switch/curid_inferred_i_13/O
                         net (fo=2, routed)           0.794     8.255    dbg_hub/inst/BSCANID.u_xsdbm_id/SWITCH_N_EXT_BSCAN.bscan_switch/curid[19]
    SLICE_X65Y102        LUT6 (Prop_lut6_I4_O)        0.124     8.379 r  dbg_hub/inst/BSCANID.u_xsdbm_id/SWITCH_N_EXT_BSCAN.bscan_switch/state_temp[0]_i_9/O
                         net (fo=1, routed)           0.000     8.379    dbg_hub/inst/BSCANID.u_xsdbm_id/SWITCH_N_EXT_BSCAN.bscan_switch/state_temp[0]_i_9_n_0
    SLICE_X65Y102        CARRY4 (Prop_carry4_S[3]_CO[3])
                                                      0.401     8.780 r  dbg_hub/inst/BSCANID.u_xsdbm_id/SWITCH_N_EXT_BSCAN.bscan_switch/state_temp_reg[0]_i_4/CO[3]
                         net (fo=1, routed)           0.000     8.780    dbg_hub/inst/BSCANID.u_xsdbm_id/SWITCH_N_EXT_BSCAN.bscan_switch/state_temp_reg[0]_i_4_n_0
    SLICE_X65Y103        CARRY4 (Prop_carry4_CI_CO[3])
                                                      0.114     8.894 f  dbg_hub/inst/BSCANID.u_xsdbm_id/SWITCH_N_EXT_BSCAN.bscan_switch/state_temp_reg[0]_i_3/CO[3]
                         net (fo=4, routed)           1.087     9.981    dbg_hub/inst/BSCANID.u_xsdbm_id/SWITCH_N_EXT_BSCAN.bscan_switch/state_temp_reg[0]_i_3_n_0
    SLICE_X62Y101        LUT5 (Prop_lut5_I1_O)        0.124    10.105 r  dbg_hub/inst/BSCANID.u_xsdbm_id/SWITCH_N_EXT_BSCAN.bscan_switch/portno_temp[5]_i_2/O
                         net (fo=7, routed)           0.615    10.720    dbg_hub/inst/BSCANID.u_xsdbm_id/SWITCH_N_EXT_BSCAN.bscan_switch/portno_temp[5]_i_2_n_0
    SLICE_X62Y102        LUT6 (Prop_lut6_I2_O)        0.124    10.844 r  dbg_hub/inst/BSCANID.u_xsdbm_id/SWITCH_N_EXT_BSCAN.bscan_switch/state_temp[2]_i_1/O
                         net (fo=1, routed)           0.000    10.844    dbg_hub/inst/BSCANID.u_xsdbm_id/SWITCH_N_EXT_BSCAN.bscan_switch/state_temp[2]_i_1_n_0
    SLICE_X62Y102        FDRE                                         r  dbg_hub/inst/BSCANID.u_xsdbm_id/SWITCH_N_EXT_BSCAN.bscan_switch/state_temp_reg[2]/D
  -------------------------------------------------------------------    -------------------

                         (clock dbg_hub/inst/BSCANID.u_xsdbm_id/SWITCH_N_EXT_BSCAN.bscan_inst/SERIES7_BSCAN.bscan_inst/TCK rise edge)
                                                     33.000    33.000 r  
    BSCAN_X0Y0           BSCANE2                      0.000    33.000 r  dbg_hub/inst/BSCANID.u_xsdbm_id/SWITCH_N_EXT_BSCAN.bscan_inst/SERIES7_BSCAN.bscan_inst/TCK
                         net (fo=1, routed)           2.010    35.010    dbg_hub/inst/BSCANID.u_xsdbm_id/tck_bs
    BUFGCTRL_X0Y1        BUFG (Prop_bufg_I_O)         0.091    35.101 r  dbg_hub/inst/BSCANID.u_xsdbm_id/SWITCH_N_EXT_BSCAN.u_bufg_icon_tck/O
                         net (fo=486, routed)         1.718    36.820    dbg_hub/inst/BSCANID.u_xsdbm_id/SWITCH_N_EXT_BSCAN.bscan_switch/s_bscan_tck
    SLICE_X62Y102        FDRE                                         r  dbg_hub/inst/BSCANID.u_xsdbm_id/SWITCH_N_EXT_BSCAN.bscan_switch/state_temp_reg[2]/C
                         clock pessimism              0.495    37.314    
                         clock uncertainty           -0.035    37.279    
    SLICE_X62Y102        FDRE (Setup_fdre_C_D)        0.081    37.360    dbg_hub/inst/BSCANID.u_xsdbm_id/SWITCH_N_EXT_BSCAN.bscan_switch/state_temp_reg[2]
  -------------------------------------------------------------------
                         required time                         37.360    
                         arrival time                         -10.844    
  -------------------------------------------------------------------
                         slack                                 26.516    

Slack (MET) :             26.551ns  (required time - arrival time)
  Source:                 dbg_hub/inst/BSCANID.u_xsdbm_id/SWITCH_N_EXT_BSCAN.bscan_switch/state_reg[0]/C
                            (rising edge-triggered cell FDRE clocked by dbg_hub/inst/BSCANID.u_xsdbm_id/SWITCH_N_EXT_BSCAN.bscan_inst/SERIES7_BSCAN.bscan_inst/TCK  {rise@0.000ns fall@16.500ns period=33.000ns})
  Destination:            dbg_hub/inst/BSCANID.u_xsdbm_id/SWITCH_N_EXT_BSCAN.bscan_switch/portno_temp_reg[5]/D
                            (rising edge-triggered cell FDRE clocked by dbg_hub/inst/BSCANID.u_xsdbm_id/SWITCH_N_EXT_BSCAN.bscan_inst/SERIES7_BSCAN.bscan_inst/TCK  {rise@0.000ns fall@16.500ns period=33.000ns})
  Path Group:             dbg_hub/inst/BSCANID.u_xsdbm_id/SWITCH_N_EXT_BSCAN.bscan_inst/SERIES7_BSCAN.bscan_inst/TCK
  Path Type:              Setup (Max at Slow Process Corner)
  Requirement:            33.000ns  (dbg_hub/inst/BSCANID.u_xsdbm_id/SWITCH_N_EXT_BSCAN.bscan_inst/SERIES7_BSCAN.bscan_inst/TCK rise@33.000ns - dbg_hub/inst/BSCANID.u_xsdbm_id/SWITCH_N_EXT_BSCAN.bscan_inst/SERIES7_BSCAN.bscan_inst/TCK rise@0.000ns)
  Data Path Delay:        6.420ns  (logic 1.605ns (24.999%)  route 4.815ns (75.001%))
  Logic Levels:           6  (CARRY4=2 LUT3=1 LUT4=1 LUT5=1 LUT6=1)
  Clock Path Skew:        -0.025ns (DCD - SCD + CPR)
    Destination Clock Delay (DCD):    3.820ns = ( 36.820 - 33.000 ) 
    Source Clock Delay      (SCD):    4.336ns
    Clock Pessimism Removal (CPR):    0.492ns
  Clock Uncertainty:      0.035ns  ((TSJ^2 + TIJ^2)^1/2 + DJ) / 2 + PE
    Total System Jitter     (TSJ):    0.071ns
    Total Input Jitter      (TIJ):    0.000ns
    Discrete Jitter          (DJ):    0.000ns
    Phase Error              (PE):    0.000ns

    Location             Delay type                Incr(ns)  Path(ns)    Netlist Resource(s)
  -------------------------------------------------------------------    -------------------
                         (clock dbg_hub/inst/BSCANID.u_xsdbm_id/SWITCH_N_EXT_BSCAN.bscan_inst/SERIES7_BSCAN.bscan_inst/TCK rise edge)
                                                      0.000     0.000 r  
    BSCAN_X0Y0           BSCANE2                      0.000     0.000 r  dbg_hub/inst/BSCANID.u_xsdbm_id/SWITCH_N_EXT_BSCAN.bscan_inst/SERIES7_BSCAN.bscan_inst/TCK
                         net (fo=1, routed)           2.325     2.325    dbg_hub/inst/BSCANID.u_xsdbm_id/tck_bs
    BUFGCTRL_X0Y1        BUFG (Prop_bufg_I_O)         0.101     2.426 r  dbg_hub/inst/BSCANID.u_xsdbm_id/SWITCH_N_EXT_BSCAN.u_bufg_icon_tck/O
                         net (fo=486, routed)         1.910     4.336    dbg_hub/inst/BSCANID.u_xsdbm_id/SWITCH_N_EXT_BSCAN.bscan_switch/s_bscan_tck
    SLICE_X63Y102        FDRE                                         r  dbg_hub/inst/BSCANID.u_xsdbm_id/SWITCH_N_EXT_BSCAN.bscan_switch/state_reg[0]/C
  -------------------------------------------------------------------    -------------------
    SLICE_X63Y102        FDRE (Prop_fdre_C_Q)         0.419     4.755 r  dbg_hub/inst/BSCANID.u_xsdbm_id/SWITCH_N_EXT_BSCAN.bscan_switch/state_reg[0]/Q
                         net (fo=50, routed)          2.407     7.163    dbg_hub/inst/BSCANID.u_xsdbm_id/SWITCH_N_EXT_BSCAN.bscan_switch/state[0]
    SLICE_X66Y101        LUT4 (Prop_lut4_I1_O)        0.299     7.462 r  dbg_hub/inst/BSCANID.u_xsdbm_id/SWITCH_N_EXT_BSCAN.bscan_switch/curid_inferred_i_13/O
                         net (fo=2, routed)           0.794     8.255    dbg_hub/inst/BSCANID.u_xsdbm_id/SWITCH_N_EXT_BSCAN.bscan_switch/curid[19]
    SLICE_X65Y102        LUT6 (Prop_lut6_I4_O)        0.124     8.379 r  dbg_hub/inst/BSCANID.u_xsdbm_id/SWITCH_N_EXT_BSCAN.bscan_switch/state_temp[0]_i_9/O
                         net (fo=1, routed)           0.000     8.379    dbg_hub/inst/BSCANID.u_xsdbm_id/SWITCH_N_EXT_BSCAN.bscan_switch/state_temp[0]_i_9_n_0
    SLICE_X65Y102        CARRY4 (Prop_carry4_S[3]_CO[3])
                                                      0.401     8.780 r  dbg_hub/inst/BSCANID.u_xsdbm_id/SWITCH_N_EXT_BSCAN.bscan_switch/state_temp_reg[0]_i_4/CO[3]
                         net (fo=1, routed)           0.000     8.780    dbg_hub/inst/BSCANID.u_xsdbm_id/SWITCH_N_EXT_BSCAN.bscan_switch/state_temp_reg[0]_i_4_n_0
    SLICE_X65Y103        CARRY4 (Prop_carry4_CI_CO[3])
                                                      0.114     8.894 f  dbg_hub/inst/BSCANID.u_xsdbm_id/SWITCH_N_EXT_BSCAN.bscan_switch/state_temp_reg[0]_i_3/CO[3]
                         net (fo=4, routed)           1.087     9.981    dbg_hub/inst/BSCANID.u_xsdbm_id/SWITCH_N_EXT_BSCAN.bscan_switch/state_temp_reg[0]_i_3_n_0
    SLICE_X62Y101        LUT5 (Prop_lut5_I1_O)        0.124    10.105 r  dbg_hub/inst/BSCANID.u_xsdbm_id/SWITCH_N_EXT_BSCAN.bscan_switch/portno_temp[5]_i_2/O
                         net (fo=7, routed)           0.527    10.633    dbg_hub/inst/BSCANID.u_xsdbm_id/SWITCH_N_EXT_BSCAN.bscan_switch/portno_temp[5]_i_2_n_0
    SLICE_X61Y101        LUT3 (Prop_lut3_I1_O)        0.124    10.757 r  dbg_hub/inst/BSCANID.u_xsdbm_id/SWITCH_N_EXT_BSCAN.bscan_switch/portno_temp[5]_i_1/O
                         net (fo=1, routed)           0.000    10.757    dbg_hub/inst/BSCANID.u_xsdbm_id/SWITCH_N_EXT_BSCAN.bscan_switch/portno_temp[5]_i_1_n_0
    SLICE_X61Y101        FDRE                                         r  dbg_hub/inst/BSCANID.u_xsdbm_id/SWITCH_N_EXT_BSCAN.bscan_switch/portno_temp_reg[5]/D
  -------------------------------------------------------------------    -------------------

                         (clock dbg_hub/inst/BSCANID.u_xsdbm_id/SWITCH_N_EXT_BSCAN.bscan_inst/SERIES7_BSCAN.bscan_inst/TCK rise edge)
                                                     33.000    33.000 r  
    BSCAN_X0Y0           BSCANE2                      0.000    33.000 r  dbg_hub/inst/BSCANID.u_xsdbm_id/SWITCH_N_EXT_BSCAN.bscan_inst/SERIES7_BSCAN.bscan_inst/TCK
                         net (fo=1, routed)           2.010    35.010    dbg_hub/inst/BSCANID.u_xsdbm_id/tck_bs
    BUFGCTRL_X0Y1        BUFG (Prop_bufg_I_O)         0.091    35.101 r  dbg_hub/inst/BSCANID.u_xsdbm_id/SWITCH_N_EXT_BSCAN.u_bufg_icon_tck/O
                         net (fo=486, routed)         1.718    36.820    dbg_hub/inst/BSCANID.u_xsdbm_id/SWITCH_N_EXT_BSCAN.bscan_switch/s_bscan_tck
    SLICE_X61Y101        FDRE                                         r  dbg_hub/inst/BSCANID.u_xsdbm_id/SWITCH_N_EXT_BSCAN.bscan_switch/portno_temp_reg[5]/C
                         clock pessimism              0.492    37.311    
                         clock uncertainty           -0.035    37.276    
    SLICE_X61Y101        FDRE (Setup_fdre_C_D)        0.032    37.308    dbg_hub/inst/BSCANID.u_xsdbm_id/SWITCH_N_EXT_BSCAN.bscan_switch/portno_temp_reg[5]
  -------------------------------------------------------------------
                         required time                         37.308    
                         arrival time                         -10.757    
  -------------------------------------------------------------------
                         slack                                 26.551    

Slack (MET) :             26.554ns  (required time - arrival time)
  Source:                 dbg_hub/inst/BSCANID.u_xsdbm_id/SWITCH_N_EXT_BSCAN.bscan_switch/state_reg[0]/C
                            (rising edge-triggered cell FDRE clocked by dbg_hub/inst/BSCANID.u_xsdbm_id/SWITCH_N_EXT_BSCAN.bscan_inst/SERIES7_BSCAN.bscan_inst/TCK  {rise@0.000ns fall@16.500ns period=33.000ns})
  Destination:            dbg_hub/inst/BSCANID.u_xsdbm_id/SWITCH_N_EXT_BSCAN.bscan_switch/portno_temp_reg[1]/D
                            (rising edge-triggered cell FDRE clocked by dbg_hub/inst/BSCANID.u_xsdbm_id/SWITCH_N_EXT_BSCAN.bscan_inst/SERIES7_BSCAN.bscan_inst/TCK  {rise@0.000ns fall@16.500ns period=33.000ns})
  Path Group:             dbg_hub/inst/BSCANID.u_xsdbm_id/SWITCH_N_EXT_BSCAN.bscan_inst/SERIES7_BSCAN.bscan_inst/TCK
  Path Type:              Setup (Max at Slow Process Corner)
  Requirement:            33.000ns  (dbg_hub/inst/BSCANID.u_xsdbm_id/SWITCH_N_EXT_BSCAN.bscan_inst/SERIES7_BSCAN.bscan_inst/TCK rise@33.000ns - dbg_hub/inst/BSCANID.u_xsdbm_id/SWITCH_N_EXT_BSCAN.bscan_inst/SERIES7_BSCAN.bscan_inst/TCK rise@0.000ns)
  Data Path Delay:        6.376ns  (logic 1.605ns (25.171%)  route 4.771ns (74.829%))
  Logic Levels:           6  (CARRY4=2 LUT3=1 LUT4=1 LUT5=1 LUT6=1)
  Clock Path Skew:        -0.063ns (DCD - SCD + CPR)
    Destination Clock Delay (DCD):    3.817ns = ( 36.817 - 33.000 ) 
    Source Clock Delay      (SCD):    4.336ns
    Clock Pessimism Removal (CPR):    0.457ns
  Clock Uncertainty:      0.035ns  ((TSJ^2 + TIJ^2)^1/2 + DJ) / 2 + PE
    Total System Jitter     (TSJ):    0.071ns
    Total Input Jitter      (TIJ):    0.000ns
    Discrete Jitter          (DJ):    0.000ns
    Phase Error              (PE):    0.000ns

    Location             Delay type                Incr(ns)  Path(ns)    Netlist Resource(s)
  -------------------------------------------------------------------    -------------------
                         (clock dbg_hub/inst/BSCANID.u_xsdbm_id/SWITCH_N_EXT_BSCAN.bscan_inst/SERIES7_BSCAN.bscan_inst/TCK rise edge)
                                                      0.000     0.000 r  
    BSCAN_X0Y0           BSCANE2                      0.000     0.000 r  dbg_hub/inst/BSCANID.u_xsdbm_id/SWITCH_N_EXT_BSCAN.bscan_inst/SERIES7_BSCAN.bscan_inst/TCK
                         net (fo=1, routed)           2.325     2.325    dbg_hub/inst/BSCANID.u_xsdbm_id/tck_bs
    BUFGCTRL_X0Y1        BUFG (Prop_bufg_I_O)         0.101     2.426 r  dbg_hub/inst/BSCANID.u_xsdbm_id/SWITCH_N_EXT_BSCAN.u_bufg_icon_tck/O
                         net (fo=486, routed)         1.910     4.336    dbg_hub/inst/BSCANID.u_xsdbm_id/SWITCH_N_EXT_BSCAN.bscan_switch/s_bscan_tck
    SLICE_X63Y102        FDRE                                         r  dbg_hub/inst/BSCANID.u_xsdbm_id/SWITCH_N_EXT_BSCAN.bscan_switch/state_reg[0]/C
  -------------------------------------------------------------------    -------------------
    SLICE_X63Y102        FDRE (Prop_fdre_C_Q)         0.419     4.755 r  dbg_hub/inst/BSCANID.u_xsdbm_id/SWITCH_N_EXT_BSCAN.bscan_switch/state_reg[0]/Q
                         net (fo=50, routed)          2.407     7.163    dbg_hub/inst/BSCANID.u_xsdbm_id/SWITCH_N_EXT_BSCAN.bscan_switch/state[0]
    SLICE_X66Y101        LUT4 (Prop_lut4_I1_O)        0.299     7.462 r  dbg_hub/inst/BSCANID.u_xsdbm_id/SWITCH_N_EXT_BSCAN.bscan_switch/curid_inferred_i_13/O
                         net (fo=2, routed)           0.794     8.255    dbg_hub/inst/BSCANID.u_xsdbm_id/SWITCH_N_EXT_BSCAN.bscan_switch/curid[19]
    SLICE_X65Y102        LUT6 (Prop_lut6_I4_O)        0.124     8.379 r  dbg_hub/inst/BSCANID.u_xsdbm_id/SWITCH_N_EXT_BSCAN.bscan_switch/state_temp[0]_i_9/O
                         net (fo=1, routed)           0.000     8.379    dbg_hub/inst/BSCANID.u_xsdbm_id/SWITCH_N_EXT_BSCAN.bscan_switch/state_temp[0]_i_9_n_0
    SLICE_X65Y102        CARRY4 (Prop_carry4_S[3]_CO[3])
                                                      0.401     8.780 r  dbg_hub/inst/BSCANID.u_xsdbm_id/SWITCH_N_EXT_BSCAN.bscan_switch/state_temp_reg[0]_i_4/CO[3]
                         net (fo=1, routed)           0.000     8.780    dbg_hub/inst/BSCANID.u_xsdbm_id/SWITCH_N_EXT_BSCAN.bscan_switch/state_temp_reg[0]_i_4_n_0
    SLICE_X65Y103        CARRY4 (Prop_carry4_CI_CO[3])
                                                      0.114     8.894 f  dbg_hub/inst/BSCANID.u_xsdbm_id/SWITCH_N_EXT_BSCAN.bscan_switch/state_temp_reg[0]_i_3/CO[3]
                         net (fo=4, routed)           1.087     9.981    dbg_hub/inst/BSCANID.u_xsdbm_id/SWITCH_N_EXT_BSCAN.bscan_switch/state_temp_reg[0]_i_3_n_0
    SLICE_X62Y101        LUT5 (Prop_lut5_I1_O)        0.124    10.105 r  dbg_hub/inst/BSCANID.u_xsdbm_id/SWITCH_N_EXT_BSCAN.bscan_switch/portno_temp[5]_i_2/O
                         net (fo=7, routed)           0.483    10.589    dbg_hub/inst/BSCANID.u_xsdbm_id/SWITCH_N_EXT_BSCAN.bscan_switch/portno_temp[5]_i_2_n_0
    SLICE_X59Y102        LUT3 (Prop_lut3_I1_O)        0.124    10.713 r  dbg_hub/inst/BSCANID.u_xsdbm_id/SWITCH_N_EXT_BSCAN.bscan_switch/portno_temp[1]_i_1/O
                         net (fo=1, routed)           0.000    10.713    dbg_hub/inst/BSCANID.u_xsdbm_id/SWITCH_N_EXT_BSCAN.bscan_switch/portno_temp[1]_i_1_n_0
    SLICE_X59Y102        FDRE                                         r  dbg_hub/inst/BSCANID.u_xsdbm_id/SWITCH_N_EXT_BSCAN.bscan_switch/portno_temp_reg[1]/D
  -------------------------------------------------------------------    -------------------

                         (clock dbg_hub/inst/BSCANID.u_xsdbm_id/SWITCH_N_EXT_BSCAN.bscan_inst/SERIES7_BSCAN.bscan_inst/TCK rise edge)
                                                     33.000    33.000 r  
    BSCAN_X0Y0           BSCANE2                      0.000    33.000 r  dbg_hub/inst/BSCANID.u_xsdbm_id/SWITCH_N_EXT_BSCAN.bscan_inst/SERIES7_BSCAN.bscan_inst/TCK
                         net (fo=1, routed)           2.010    35.010    dbg_hub/inst/BSCANID.u_xsdbm_id/tck_bs
    BUFGCTRL_X0Y1        BUFG (Prop_bufg_I_O)         0.091    35.101 r  dbg_hub/inst/BSCANID.u_xsdbm_id/SWITCH_N_EXT_BSCAN.u_bufg_icon_tck/O
                         net (fo=486, routed)         1.715    36.817    dbg_hub/inst/BSCANID.u_xsdbm_id/SWITCH_N_EXT_BSCAN.bscan_switch/s_bscan_tck
    SLICE_X59Y102        FDRE                                         r  dbg_hub/inst/BSCANID.u_xsdbm_id/SWITCH_N_EXT_BSCAN.bscan_switch/portno_temp_reg[1]/C
                         clock pessimism              0.457    37.273    
                         clock uncertainty           -0.035    37.238    
    SLICE_X59Y102        FDRE (Setup_fdre_C_D)        0.029    37.267    dbg_hub/inst/BSCANID.u_xsdbm_id/SWITCH_N_EXT_BSCAN.bscan_switch/portno_temp_reg[1]
  -------------------------------------------------------------------
                         required time                         37.267    
                         arrival time                         -10.713    
  -------------------------------------------------------------------
                         slack                                 26.554    

Slack (MET) :             26.559ns  (required time - arrival time)
  Source:                 dbg_hub/inst/BSCANID.u_xsdbm_id/SWITCH_N_EXT_BSCAN.bscan_switch/state_reg[0]/C
                            (rising edge-triggered cell FDRE clocked by dbg_hub/inst/BSCANID.u_xsdbm_id/SWITCH_N_EXT_BSCAN.bscan_inst/SERIES7_BSCAN.bscan_inst/TCK  {rise@0.000ns fall@16.500ns period=33.000ns})
  Destination:            dbg_hub/inst/BSCANID.u_xsdbm_id/SWITCH_N_EXT_BSCAN.bscan_switch/portno_temp_reg[0]/D
                            (rising edge-triggered cell FDRE clocked by dbg_hub/inst/BSCANID.u_xsdbm_id/SWITCH_N_EXT_BSCAN.bscan_inst/SERIES7_BSCAN.bscan_inst/TCK  {rise@0.000ns fall@16.500ns period=33.000ns})
  Path Group:             dbg_hub/inst/BSCANID.u_xsdbm_id/SWITCH_N_EXT_BSCAN.bscan_inst/SERIES7_BSCAN.bscan_inst/TCK
  Path Type:              Setup (Max at Slow Process Corner)
  Requirement:            33.000ns  (dbg_hub/inst/BSCANID.u_xsdbm_id/SWITCH_N_EXT_BSCAN.bscan_inst/SERIES7_BSCAN.bscan_inst/TCK rise@33.000ns - dbg_hub/inst/BSCANID.u_xsdbm_id/SWITCH_N_EXT_BSCAN.bscan_inst/SERIES7_BSCAN.bscan_inst/TCK rise@0.000ns)
  Data Path Delay:        6.373ns  (logic 1.605ns (25.183%)  route 4.768ns (74.817%))
  Logic Levels:           6  (CARRY4=2 LUT3=1 LUT4=1 LUT5=1 LUT6=1)
  Clock Path Skew:        -0.063ns (DCD - SCD + CPR)
    Destination Clock Delay (DCD):    3.817ns = ( 36.817 - 33.000 ) 
    Source Clock Delay      (SCD):    4.336ns
    Clock Pessimism Removal (CPR):    0.457ns
  Clock Uncertainty:      0.035ns  ((TSJ^2 + TIJ^2)^1/2 + DJ) / 2 + PE
    Total System Jitter     (TSJ):    0.071ns
    Total Input Jitter      (TIJ):    0.000ns
    Discrete Jitter          (DJ):    0.000ns
    Phase Error              (PE):    0.000ns

    Location             Delay type                Incr(ns)  Path(ns)    Netlist Resource(s)
  -------------------------------------------------------------------    -------------------
                         (clock dbg_hub/inst/BSCANID.u_xsdbm_id/SWITCH_N_EXT_BSCAN.bscan_inst/SERIES7_BSCAN.bscan_inst/TCK rise edge)
                                                      0.000     0.000 r  
    BSCAN_X0Y0           BSCANE2                      0.000     0.000 r  dbg_hub/inst/BSCANID.u_xsdbm_id/SWITCH_N_EXT_BSCAN.bscan_inst/SERIES7_BSCAN.bscan_inst/TCK
                         net (fo=1, routed)           2.325     2.325    dbg_hub/inst/BSCANID.u_xsdbm_id/tck_bs
    BUFGCTRL_X0Y1        BUFG (Prop_bufg_I_O)         0.101     2.426 r  dbg_hub/inst/BSCANID.u_xsdbm_id/SWITCH_N_EXT_BSCAN.u_bufg_icon_tck/O
                         net (fo=486, routed)         1.910     4.336    dbg_hub/inst/BSCANID.u_xsdbm_id/SWITCH_N_EXT_BSCAN.bscan_switch/s_bscan_tck
    SLICE_X63Y102        FDRE                                         r  dbg_hub/inst/BSCANID.u_xsdbm_id/SWITCH_N_EXT_BSCAN.bscan_switch/state_reg[0]/C
  -------------------------------------------------------------------    -------------------
    SLICE_X63Y102        FDRE (Prop_fdre_C_Q)         0.419     4.755 r  dbg_hub/inst/BSCANID.u_xsdbm_id/SWITCH_N_EXT_BSCAN.bscan_switch/state_reg[0]/Q
                         net (fo=50, routed)          2.407     7.163    dbg_hub/inst/BSCANID.u_xsdbm_id/SWITCH_N_EXT_BSCAN.bscan_switch/state[0]
    SLICE_X66Y101        LUT4 (Prop_lut4_I1_O)        0.299     7.462 r  dbg_hub/inst/BSCANID.u_xsdbm_id/SWITCH_N_EXT_BSCAN.bscan_switch/curid_inferred_i_13/O
                         net (fo=2, routed)           0.794     8.255    dbg_hub/inst/BSCANID.u_xsdbm_id/SWITCH_N_EXT_BSCAN.bscan_switch/curid[19]
    SLICE_X65Y102        LUT6 (Prop_lut6_I4_O)        0.124     8.379 r  dbg_hub/inst/BSCANID.u_xsdbm_id/SWITCH_N_EXT_BSCAN.bscan_switch/state_temp[0]_i_9/O
                         net (fo=1, routed)           0.000     8.379    dbg_hub/inst/BSCANID.u_xsdbm_id/SWITCH_N_EXT_BSCAN.bscan_switch/state_temp[0]_i_9_n_0
    SLICE_X65Y102        CARRY4 (Prop_carry4_S[3]_CO[3])
                                                      0.401     8.780 r  dbg_hub/inst/BSCANID.u_xsdbm_id/SWITCH_N_EXT_BSCAN.bscan_switch/state_temp_reg[0]_i_4/CO[3]
                         net (fo=1, routed)           0.000     8.780    dbg_hub/inst/BSCANID.u_xsdbm_id/SWITCH_N_EXT_BSCAN.bscan_switch/state_temp_reg[0]_i_4_n_0
    SLICE_X65Y103        CARRY4 (Prop_carry4_CI_CO[3])
                                                      0.114     8.894 f  dbg_hub/inst/BSCANID.u_xsdbm_id/SWITCH_N_EXT_BSCAN.bscan_switch/state_temp_reg[0]_i_3/CO[3]
                         net (fo=4, routed)           1.087     9.981    dbg_hub/inst/BSCANID.u_xsdbm_id/SWITCH_N_EXT_BSCAN.bscan_switch/state_temp_reg[0]_i_3_n_0
    SLICE_X62Y101        LUT5 (Prop_lut5_I1_O)        0.124    10.105 r  dbg_hub/inst/BSCANID.u_xsdbm_id/SWITCH_N_EXT_BSCAN.bscan_switch/portno_temp[5]_i_2/O
                         net (fo=7, routed)           0.480    10.586    dbg_hub/inst/BSCANID.u_xsdbm_id/SWITCH_N_EXT_BSCAN.bscan_switch/portno_temp[5]_i_2_n_0
    SLICE_X59Y102        LUT3 (Prop_lut3_I1_O)        0.124    10.710 r  dbg_hub/inst/BSCANID.u_xsdbm_id/SWITCH_N_EXT_BSCAN.bscan_switch/portno_temp[0]_i_1/O
                         net (fo=1, routed)           0.000    10.710    dbg_hub/inst/BSCANID.u_xsdbm_id/SWITCH_N_EXT_BSCAN.bscan_switch/portno_temp[0]_i_1_n_0
    SLICE_X59Y102        FDRE                                         r  dbg_hub/inst/BSCANID.u_xsdbm_id/SWITCH_N_EXT_BSCAN.bscan_switch/portno_temp_reg[0]/D
  -------------------------------------------------------------------    -------------------

                         (clock dbg_hub/inst/BSCANID.u_xsdbm_id/SWITCH_N_EXT_BSCAN.bscan_inst/SERIES7_BSCAN.bscan_inst/TCK rise edge)
                                                     33.000    33.000 r  
    BSCAN_X0Y0           BSCANE2                      0.000    33.000 r  dbg_hub/inst/BSCANID.u_xsdbm_id/SWITCH_N_EXT_BSCAN.bscan_inst/SERIES7_BSCAN.bscan_inst/TCK
                         net (fo=1, routed)           2.010    35.010    dbg_hub/inst/BSCANID.u_xsdbm_id/tck_bs
    BUFGCTRL_X0Y1        BUFG (Prop_bufg_I_O)         0.091    35.101 r  dbg_hub/inst/BSCANID.u_xsdbm_id/SWITCH_N_EXT_BSCAN.u_bufg_icon_tck/O
                         net (fo=486, routed)         1.715    36.817    dbg_hub/inst/BSCANID.u_xsdbm_id/SWITCH_N_EXT_BSCAN.bscan_switch/s_bscan_tck
    SLICE_X59Y102        FDRE                                         r  dbg_hub/inst/BSCANID.u_xsdbm_id/SWITCH_N_EXT_BSCAN.bscan_switch/portno_temp_reg[0]/C
                         clock pessimism              0.457    37.273    
                         clock uncertainty           -0.035    37.238    
    SLICE_X59Y102        FDRE (Setup_fdre_C_D)        0.031    37.269    dbg_hub/inst/BSCANID.u_xsdbm_id/SWITCH_N_EXT_BSCAN.bscan_switch/portno_temp_reg[0]
  -------------------------------------------------------------------
                         required time                         37.269    
                         arrival time                         -10.710    
  -------------------------------------------------------------------
                         slack                                 26.559    

Slack (MET) :             26.738ns  (required time - arrival time)
  Source:                 dbg_hub/inst/BSCANID.u_xsdbm_id/SWITCH_N_EXT_BSCAN.bscan_switch/state_reg[0]/C
                            (rising edge-triggered cell FDRE clocked by dbg_hub/inst/BSCANID.u_xsdbm_id/SWITCH_N_EXT_BSCAN.bscan_inst/SERIES7_BSCAN.bscan_inst/TCK  {rise@0.000ns fall@16.500ns period=33.000ns})
  Destination:            dbg_hub/inst/BSCANID.u_xsdbm_id/SWITCH_N_EXT_BSCAN.bscan_switch/portno_temp_reg[2]/D
                            (rising edge-triggered cell FDRE clocked by dbg_hub/inst/BSCANID.u_xsdbm_id/SWITCH_N_EXT_BSCAN.bscan_inst/SERIES7_BSCAN.bscan_inst/TCK  {rise@0.000ns fall@16.500ns period=33.000ns})
  Path Group:             dbg_hub/inst/BSCANID.u_xsdbm_id/SWITCH_N_EXT_BSCAN.bscan_inst/SERIES7_BSCAN.bscan_inst/TCK
  Path Type:              Setup (Max at Slow Process Corner)
  Requirement:            33.000ns  (dbg_hub/inst/BSCANID.u_xsdbm_id/SWITCH_N_EXT_BSCAN.bscan_inst/SERIES7_BSCAN.bscan_inst/TCK rise@33.000ns - dbg_hub/inst/BSCANID.u_xsdbm_id/SWITCH_N_EXT_BSCAN.bscan_inst/SERIES7_BSCAN.bscan_inst/TCK rise@0.000ns)
  Data Path Delay:        6.231ns  (logic 1.605ns (25.759%)  route 4.626ns (74.241%))
  Logic Levels:           6  (CARRY4=2 LUT3=1 LUT4=1 LUT5=1 LUT6=1)
  Clock Path Skew:        -0.025ns (DCD - SCD + CPR)
    Destination Clock Delay (DCD):    3.820ns = ( 36.820 - 33.000 ) 
    Source Clock Delay      (SCD):    4.336ns
    Clock Pessimism Removal (CPR):    0.492ns
  Clock Uncertainty:      0.035ns  ((TSJ^2 + TIJ^2)^1/2 + DJ) / 2 + PE
    Total System Jitter     (TSJ):    0.071ns
    Total Input Jitter      (TIJ):    0.000ns
    Discrete Jitter          (DJ):    0.000ns
    Phase Error              (PE):    0.000ns

    Location             Delay type                Incr(ns)  Path(ns)    Netlist Resource(s)
  -------------------------------------------------------------------    -------------------
                         (clock dbg_hub/inst/BSCANID.u_xsdbm_id/SWITCH_N_EXT_BSCAN.bscan_inst/SERIES7_BSCAN.bscan_inst/TCK rise edge)
                                                      0.000     0.000 r  
    BSCAN_X0Y0           BSCANE2                      0.000     0.000 r  dbg_hub/inst/BSCANID.u_xsdbm_id/SWITCH_N_EXT_BSCAN.bscan_inst/SERIES7_BSCAN.bscan_inst/TCK
                         net (fo=1, routed)           2.325     2.325    dbg_hub/inst/BSCANID.u_xsdbm_id/tck_bs
    BUFGCTRL_X0Y1        BUFG (Prop_bufg_I_O)         0.101     2.426 r  dbg_hub/inst/BSCANID.u_xsdbm_id/SWITCH_N_EXT_BSCAN.u_bufg_icon_tck/O
                         net (fo=486, routed)         1.910     4.336    dbg_hub/inst/BSCANID.u_xsdbm_id/SWITCH_N_EXT_BSCAN.bscan_switch/s_bscan_tck
    SLICE_X63Y102        FDRE                                         r  dbg_hub/inst/BSCANID.u_xsdbm_id/SWITCH_N_EXT_BSCAN.bscan_switch/state_reg[0]/C
  -------------------------------------------------------------------    -------------------
    SLICE_X63Y102        FDRE (Prop_fdre_C_Q)         0.419     4.755 r  dbg_hub/inst/BSCANID.u_xsdbm_id/SWITCH_N_EXT_BSCAN.bscan_switch/state_reg[0]/Q
                         net (fo=50, routed)          2.407     7.163    dbg_hub/inst/BSCANID.u_xsdbm_id/SWITCH_N_EXT_BSCAN.bscan_switch/state[0]
    SLICE_X66Y101        LUT4 (Prop_lut4_I1_O)        0.299     7.462 r  dbg_hub/inst/BSCANID.u_xsdbm_id/SWITCH_N_EXT_BSCAN.bscan_switch/curid_inferred_i_13/O
                         net (fo=2, routed)           0.794     8.255    dbg_hub/inst/BSCANID.u_xsdbm_id/SWITCH_N_EXT_BSCAN.bscan_switch/curid[19]
    SLICE_X65Y102        LUT6 (Prop_lut6_I4_O)        0.124     8.379 r  dbg_hub/inst/BSCANID.u_xsdbm_id/SWITCH_N_EXT_BSCAN.bscan_switch/state_temp[0]_i_9/O
                         net (fo=1, routed)           0.000     8.379    dbg_hub/inst/BSCANID.u_xsdbm_id/SWITCH_N_EXT_BSCAN.bscan_switch/state_temp[0]_i_9_n_0
    SLICE_X65Y102        CARRY4 (Prop_carry4_S[3]_CO[3])
                                                      0.401     8.780 r  dbg_hub/inst/BSCANID.u_xsdbm_id/SWITCH_N_EXT_BSCAN.bscan_switch/state_temp_reg[0]_i_4/CO[3]
                         net (fo=1, routed)           0.000     8.780    dbg_hub/inst/BSCANID.u_xsdbm_id/SWITCH_N_EXT_BSCAN.bscan_switch/state_temp_reg[0]_i_4_n_0
    SLICE_X65Y103        CARRY4 (Prop_carry4_CI_CO[3])
                                                      0.114     8.894 f  dbg_hub/inst/BSCANID.u_xsdbm_id/SWITCH_N_EXT_BSCAN.bscan_switch/state_temp_reg[0]_i_3/CO[3]
                         net (fo=4, routed)           1.087     9.981    dbg_hub/inst/BSCANID.u_xsdbm_id/SWITCH_N_EXT_BSCAN.bscan_switch/state_temp_reg[0]_i_3_n_0
    SLICE_X62Y101        LUT5 (Prop_lut5_I1_O)        0.124    10.105 r  dbg_hub/inst/BSCANID.u_xsdbm_id/SWITCH_N_EXT_BSCAN.bscan_switch/portno_temp[5]_i_2/O
                         net (fo=7, routed)           0.338    10.443    dbg_hub/inst/BSCANID.u_xsdbm_id/SWITCH_N_EXT_BSCAN.bscan_switch/portno_temp[5]_i_2_n_0
    SLICE_X61Y101        LUT3 (Prop_lut3_I1_O)        0.124    10.567 r  dbg_hub/inst/BSCANID.u_xsdbm_id/SWITCH_N_EXT_BSCAN.bscan_switch/portno_temp[2]_i_1/O
                         net (fo=1, routed)           0.000    10.567    dbg_hub/inst/BSCANID.u_xsdbm_id/SWITCH_N_EXT_BSCAN.bscan_switch/portno_temp[2]_i_1_n_0
    SLICE_X61Y101        FDRE                                         r  dbg_hub/inst/BSCANID.u_xsdbm_id/SWITCH_N_EXT_BSCAN.bscan_switch/portno_temp_reg[2]/D
  -------------------------------------------------------------------    -------------------

                         (clock dbg_hub/inst/BSCANID.u_xsdbm_id/SWITCH_N_EXT_BSCAN.bscan_inst/SERIES7_BSCAN.bscan_inst/TCK rise edge)
                                                     33.000    33.000 r  
    BSCAN_X0Y0           BSCANE2                      0.000    33.000 r  dbg_hub/inst/BSCANID.u_xsdbm_id/SWITCH_N_EXT_BSCAN.bscan_inst/SERIES7_BSCAN.bscan_inst/TCK
                         net (fo=1, routed)           2.010    35.010    dbg_hub/inst/BSCANID.u_xsdbm_id/tck_bs
    BUFGCTRL_X0Y1        BUFG (Prop_bufg_I_O)         0.091    35.101 r  dbg_hub/inst/BSCANID.u_xsdbm_id/SWITCH_N_EXT_BSCAN.u_bufg_icon_tck/O
                         net (fo=486, routed)         1.718    36.820    dbg_hub/inst/BSCANID.u_xsdbm_id/SWITCH_N_EXT_BSCAN.bscan_switch/s_bscan_tck
    SLICE_X61Y101        FDRE                                         r  dbg_hub/inst/BSCANID.u_xsdbm_id/SWITCH_N_EXT_BSCAN.bscan_switch/portno_temp_reg[2]/C
                         clock pessimism              0.492    37.311    
                         clock uncertainty           -0.035    37.276    
    SLICE_X61Y101        FDRE (Setup_fdre_C_D)        0.029    37.305    dbg_hub/inst/BSCANID.u_xsdbm_id/SWITCH_N_EXT_BSCAN.bscan_switch/portno_temp_reg[2]
  -------------------------------------------------------------------
                         required time                         37.305    
                         arrival time                         -10.567    
  -------------------------------------------------------------------
                         slack                                 26.738    

Slack (MET) :             26.743ns  (required time - arrival time)
  Source:                 dbg_hub/inst/BSCANID.u_xsdbm_id/SWITCH_N_EXT_BSCAN.bscan_switch/state_reg[0]/C
                            (rising edge-triggered cell FDRE clocked by dbg_hub/inst/BSCANID.u_xsdbm_id/SWITCH_N_EXT_BSCAN.bscan_inst/SERIES7_BSCAN.bscan_inst/TCK  {rise@0.000ns fall@16.500ns period=33.000ns})
  Destination:            dbg_hub/inst/BSCANID.u_xsdbm_id/SWITCH_N_EXT_BSCAN.bscan_switch/portno_temp_reg[3]/D
                            (rising edge-triggered cell FDRE clocked by dbg_hub/inst/BSCANID.u_xsdbm_id/SWITCH_N_EXT_BSCAN.bscan_inst/SERIES7_BSCAN.bscan_inst/TCK  {rise@0.000ns fall@16.500ns period=33.000ns})
  Path Group:             dbg_hub/inst/BSCANID.u_xsdbm_id/SWITCH_N_EXT_BSCAN.bscan_inst/SERIES7_BSCAN.bscan_inst/TCK
  Path Type:              Setup (Max at Slow Process Corner)
  Requirement:            33.000ns  (dbg_hub/inst/BSCANID.u_xsdbm_id/SWITCH_N_EXT_BSCAN.bscan_inst/SERIES7_BSCAN.bscan_inst/TCK rise@33.000ns - dbg_hub/inst/BSCANID.u_xsdbm_id/SWITCH_N_EXT_BSCAN.bscan_inst/SERIES7_BSCAN.bscan_inst/TCK rise@0.000ns)
  Data Path Delay:        6.228ns  (logic 1.605ns (25.771%)  route 4.623ns (74.229%))
  Logic Levels:           6  (CARRY4=2 LUT3=1 LUT4=1 LUT5=1 LUT6=1)
  Clock Path Skew:        -0.025ns (DCD - SCD + CPR)
    Destination Clock Delay (DCD):    3.820ns = ( 36.820 - 33.000 ) 
    Source Clock Delay      (SCD):    4.336ns
    Clock Pessimism Removal (CPR):    0.492ns
  Clock Uncertainty:      0.035ns  ((TSJ^2 + TIJ^2)^1/2 + DJ) / 2 + PE
    Total System Jitter     (TSJ):    0.071ns
    Total Input Jitter      (TIJ):    0.000ns
    Discrete Jitter          (DJ):    0.000ns
    Phase Error              (PE):    0.000ns

    Location             Delay type                Incr(ns)  Path(ns)    Netlist Resource(s)
  -------------------------------------------------------------------    -------------------
                         (clock dbg_hub/inst/BSCANID.u_xsdbm_id/SWITCH_N_EXT_BSCAN.bscan_inst/SERIES7_BSCAN.bscan_inst/TCK rise edge)
                                                      0.000     0.000 r  
    BSCAN_X0Y0           BSCANE2                      0.000     0.000 r  dbg_hub/inst/BSCANID.u_xsdbm_id/SWITCH_N_EXT_BSCAN.bscan_inst/SERIES7_BSCAN.bscan_inst/TCK
                         net (fo=1, routed)           2.325     2.325    dbg_hub/inst/BSCANID.u_xsdbm_id/tck_bs
    BUFGCTRL_X0Y1        BUFG (Prop_bufg_I_O)         0.101     2.426 r  dbg_hub/inst/BSCANID.u_xsdbm_id/SWITCH_N_EXT_BSCAN.u_bufg_icon_tck/O
                         net (fo=486, routed)         1.910     4.336    dbg_hub/inst/BSCANID.u_xsdbm_id/SWITCH_N_EXT_BSCAN.bscan_switch/s_bscan_tck
    SLICE_X63Y102        FDRE                                         r  dbg_hub/inst/BSCANID.u_xsdbm_id/SWITCH_N_EXT_BSCAN.bscan_switch/state_reg[0]/C
  -------------------------------------------------------------------    -------------------
    SLICE_X63Y102        FDRE (Prop_fdre_C_Q)         0.419     4.755 r  dbg_hub/inst/BSCANID.u_xsdbm_id/SWITCH_N_EXT_BSCAN.bscan_switch/state_reg[0]/Q
                         net (fo=50, routed)          2.407     7.163    dbg_hub/inst/BSCANID.u_xsdbm_id/SWITCH_N_EXT_BSCAN.bscan_switch/state[0]
    SLICE_X66Y101        LUT4 (Prop_lut4_I1_O)        0.299     7.462 r  dbg_hub/inst/BSCANID.u_xsdbm_id/SWITCH_N_EXT_BSCAN.bscan_switch/curid_inferred_i_13/O
                         net (fo=2, routed)           0.794     8.255    dbg_hub/inst/BSCANID.u_xsdbm_id/SWITCH_N_EXT_BSCAN.bscan_switch/curid[19]
    SLICE_X65Y102        LUT6 (Prop_lut6_I4_O)        0.124     8.379 r  dbg_hub/inst/BSCANID.u_xsdbm_id/SWITCH_N_EXT_BSCAN.bscan_switch/state_temp[0]_i_9/O
                         net (fo=1, routed)           0.000     8.379    dbg_hub/inst/BSCANID.u_xsdbm_id/SWITCH_N_EXT_BSCAN.bscan_switch/state_temp[0]_i_9_n_0
    SLICE_X65Y102        CARRY4 (Prop_carry4_S[3]_CO[3])
                                                      0.401     8.780 r  dbg_hub/inst/BSCANID.u_xsdbm_id/SWITCH_N_EXT_BSCAN.bscan_switch/state_temp_reg[0]_i_4/CO[3]
                         net (fo=1, routed)           0.000     8.780    dbg_hub/inst/BSCANID.u_xsdbm_id/SWITCH_N_EXT_BSCAN.bscan_switch/state_temp_reg[0]_i_4_n_0
    SLICE_X65Y103        CARRY4 (Prop_carry4_CI_CO[3])
                                                      0.114     8.894 f  dbg_hub/inst/BSCANID.u_xsdbm_id/SWITCH_N_EXT_BSCAN.bscan_switch/state_temp_reg[0]_i_3/CO[3]
                         net (fo=4, routed)           1.087     9.981    dbg_hub/inst/BSCANID.u_xsdbm_id/SWITCH_N_EXT_BSCAN.bscan_switch/state_temp_reg[0]_i_3_n_0
    SLICE_X62Y101        LUT5 (Prop_lut5_I1_O)        0.124    10.105 r  dbg_hub/inst/BSCANID.u_xsdbm_id/SWITCH_N_EXT_BSCAN.bscan_switch/portno_temp[5]_i_2/O
                         net (fo=7, routed)           0.335    10.440    dbg_hub/inst/BSCANID.u_xsdbm_id/SWITCH_N_EXT_BSCAN.bscan_switch/portno_temp[5]_i_2_n_0
    SLICE_X61Y101        LUT3 (Prop_lut3_I1_O)        0.124    10.564 r  dbg_hub/inst/BSCANID.u_xsdbm_id/SWITCH_N_EXT_BSCAN.bscan_switch/portno_temp[3]_i_1/O
                         net (fo=1, routed)           0.000    10.564    dbg_hub/inst/BSCANID.u_xsdbm_id/SWITCH_N_EXT_BSCAN.bscan_switch/portno_temp[3]_i_1_n_0
    SLICE_X61Y101        FDRE                                         r  dbg_hub/inst/BSCANID.u_xsdbm_id/SWITCH_N_EXT_BSCAN.bscan_switch/portno_temp_reg[3]/D
  -------------------------------------------------------------------    -------------------

                         (clock dbg_hub/inst/BSCANID.u_xsdbm_id/SWITCH_N_EXT_BSCAN.bscan_inst/SERIES7_BSCAN.bscan_inst/TCK rise edge)
                                                     33.000    33.000 r  
    BSCAN_X0Y0           BSCANE2                      0.000    33.000 r  dbg_hub/inst/BSCANID.u_xsdbm_id/SWITCH_N_EXT_BSCAN.bscan_inst/SERIES7_BSCAN.bscan_inst/TCK
                         net (fo=1, routed)           2.010    35.010    dbg_hub/inst/BSCANID.u_xsdbm_id/tck_bs
    BUFGCTRL_X0Y1        BUFG (Prop_bufg_I_O)         0.091    35.101 r  dbg_hub/inst/BSCANID.u_xsdbm_id/SWITCH_N_EXT_BSCAN.u_bufg_icon_tck/O
                         net (fo=486, routed)         1.718    36.820    dbg_hub/inst/BSCANID.u_xsdbm_id/SWITCH_N_EXT_BSCAN.bscan_switch/s_bscan_tck
    SLICE_X61Y101        FDRE                                         r  dbg_hub/inst/BSCANID.u_xsdbm_id/SWITCH_N_EXT_BSCAN.bscan_switch/portno_temp_reg[3]/C
                         clock pessimism              0.492    37.311    
                         clock uncertainty           -0.035    37.276    
    SLICE_X61Y101        FDRE (Setup_fdre_C_D)        0.031    37.307    dbg_hub/inst/BSCANID.u_xsdbm_id/SWITCH_N_EXT_BSCAN.bscan_switch/portno_temp_reg[3]
  -------------------------------------------------------------------
                         required time                         37.307    
                         arrival time                         -10.564    
  -------------------------------------------------------------------
                         slack                                 26.743    

Slack (MET) :             26.875ns  (required time - arrival time)
  Source:                 dbg_hub/inst/BSCANID.u_xsdbm_id/SWITCH_N_EXT_BSCAN.bscan_switch/state_reg[0]/C
                            (rising edge-triggered cell FDRE clocked by dbg_hub/inst/BSCANID.u_xsdbm_id/SWITCH_N_EXT_BSCAN.bscan_inst/SERIES7_BSCAN.bscan_inst/TCK  {rise@0.000ns fall@16.500ns period=33.000ns})
  Destination:            dbg_hub/inst/BSCANID.u_xsdbm_id/SWITCH_N_EXT_BSCAN.bscan_switch/state_temp_reg[1]/D
                            (rising edge-triggered cell FDRE clocked by dbg_hub/inst/BSCANID.u_xsdbm_id/SWITCH_N_EXT_BSCAN.bscan_inst/SERIES7_BSCAN.bscan_inst/TCK  {rise@0.000ns fall@16.500ns period=33.000ns})
  Path Group:             dbg_hub/inst/BSCANID.u_xsdbm_id/SWITCH_N_EXT_BSCAN.bscan_inst/SERIES7_BSCAN.bscan_inst/TCK
  Path Type:              Setup (Max at Slow Process Corner)
  Requirement:            33.000ns  (dbg_hub/inst/BSCANID.u_xsdbm_id/SWITCH_N_EXT_BSCAN.bscan_inst/SERIES7_BSCAN.bscan_inst/TCK rise@33.000ns - dbg_hub/inst/BSCANID.u_xsdbm_id/SWITCH_N_EXT_BSCAN.bscan_inst/SERIES7_BSCAN.bscan_inst/TCK rise@0.000ns)
  Data Path Delay:        6.144ns  (logic 1.605ns (26.122%)  route 4.539ns (73.878%))
  Logic Levels:           6  (CARRY4=2 LUT4=1 LUT6=3)
  Clock Path Skew:        -0.022ns (DCD - SCD + CPR)
    Destination Clock Delay (DCD):    3.820ns = ( 36.820 - 33.000 ) 
    Source Clock Delay      (SCD):    4.336ns
    Clock Pessimism Removal (CPR):    0.495ns
  Clock Uncertainty:      0.035ns  ((TSJ^2 + TIJ^2)^1/2 + DJ) / 2 + PE
    Total System Jitter     (TSJ):    0.071ns
    Total Input Jitter      (TIJ):    0.000ns
    Discrete Jitter          (DJ):    0.000ns
    Phase Error              (PE):    0.000ns

    Location             Delay type                Incr(ns)  Path(ns)    Netlist Resource(s)
  -------------------------------------------------------------------    -------------------
                         (clock dbg_hub/inst/BSCANID.u_xsdbm_id/SWITCH_N_EXT_BSCAN.bscan_inst/SERIES7_BSCAN.bscan_inst/TCK rise edge)
                                                      0.000     0.000 r  
    BSCAN_X0Y0           BSCANE2                      0.000     0.000 r  dbg_hub/inst/BSCANID.u_xsdbm_id/SWITCH_N_EXT_BSCAN.bscan_inst/SERIES7_BSCAN.bscan_inst/TCK
                         net (fo=1, routed)           2.325     2.325    dbg_hub/inst/BSCANID.u_xsdbm_id/tck_bs
    BUFGCTRL_X0Y1        BUFG (Prop_bufg_I_O)         0.101     2.426 r  dbg_hub/inst/BSCANID.u_xsdbm_id/SWITCH_N_EXT_BSCAN.u_bufg_icon_tck/O
                         net (fo=486, routed)         1.910     4.336    dbg_hub/inst/BSCANID.u_xsdbm_id/SWITCH_N_EXT_BSCAN.bscan_switch/s_bscan_tck
    SLICE_X63Y102        FDRE                                         r  dbg_hub/inst/BSCANID.u_xsdbm_id/SWITCH_N_EXT_BSCAN.bscan_switch/state_reg[0]/C
  -------------------------------------------------------------------    -------------------
    SLICE_X63Y102        FDRE (Prop_fdre_C_Q)         0.419     4.755 r  dbg_hub/inst/BSCANID.u_xsdbm_id/SWITCH_N_EXT_BSCAN.bscan_switch/state_reg[0]/Q
                         net (fo=50, routed)          2.407     7.163    dbg_hub/inst/BSCANID.u_xsdbm_id/SWITCH_N_EXT_BSCAN.bscan_switch/state[0]
    SLICE_X66Y101        LUT4 (Prop_lut4_I1_O)        0.299     7.462 r  dbg_hub/inst/BSCANID.u_xsdbm_id/SWITCH_N_EXT_BSCAN.bscan_switch/curid_inferred_i_13/O
                         net (fo=2, routed)           0.794     8.255    dbg_hub/inst/BSCANID.u_xsdbm_id/SWITCH_N_EXT_BSCAN.bscan_switch/curid[19]
    SLICE_X65Y102        LUT6 (Prop_lut6_I4_O)        0.124     8.379 r  dbg_hub/inst/BSCANID.u_xsdbm_id/SWITCH_N_EXT_BSCAN.bscan_switch/state_temp[0]_i_9/O
                         net (fo=1, routed)           0.000     8.379    dbg_hub/inst/BSCANID.u_xsdbm_id/SWITCH_N_EXT_BSCAN.bscan_switch/state_temp[0]_i_9_n_0
    SLICE_X65Y102        CARRY4 (Prop_carry4_S[3]_CO[3])
                                                      0.401     8.780 r  dbg_hub/inst/BSCANID.u_xsdbm_id/SWITCH_N_EXT_BSCAN.bscan_switch/state_temp_reg[0]_i_4/CO[3]
                         net (fo=1, routed)           0.000     8.780    dbg_hub/inst/BSCANID.u_xsdbm_id/SWITCH_N_EXT_BSCAN.bscan_switch/state_temp_reg[0]_i_4_n_0
    SLICE_X65Y103        CARRY4 (Prop_carry4_CI_CO[3])
                                                      0.114     8.894 f  dbg_hub/inst/BSCANID.u_xsdbm_id/SWITCH_N_EXT_BSCAN.bscan_switch/state_temp_reg[0]_i_3/CO[3]
                         net (fo=4, routed)           0.669     9.563    dbg_hub/inst/BSCANID.u_xsdbm_id/SWITCH_N_EXT_BSCAN.bscan_switch/state_temp_reg[0]_i_3_n_0
    SLICE_X62Y102        LUT6 (Prop_lut6_I5_O)        0.124     9.687 f  dbg_hub/inst/BSCANID.u_xsdbm_id/SWITCH_N_EXT_BSCAN.bscan_switch/state_temp[1]_i_2/O
                         net (fo=1, routed)           0.669    10.357    dbg_hub/inst/BSCANID.u_xsdbm_id/SWITCH_N_EXT_BSCAN.bscan_switch/state_temp[1]_i_2_n_0
    SLICE_X62Y102        LUT6 (Prop_lut6_I5_O)        0.124    10.481 r  dbg_hub/inst/BSCANID.u_xsdbm_id/SWITCH_N_EXT_BSCAN.bscan_switch/state_temp[1]_i_1/O
                         net (fo=1, routed)           0.000    10.481    dbg_hub/inst/BSCANID.u_xsdbm_id/SWITCH_N_EXT_BSCAN.bscan_switch/state_temp[1]_i_1_n_0
    SLICE_X62Y102        FDRE                                         r  dbg_hub/inst/BSCANID.u_xsdbm_id/SWITCH_N_EXT_BSCAN.bscan_switch/state_temp_reg[1]/D
  -------------------------------------------------------------------    -------------------

                         (clock dbg_hub/inst/BSCANID.u_xsdbm_id/SWITCH_N_EXT_BSCAN.bscan_inst/SERIES7_BSCAN.bscan_inst/TCK rise edge)
                                                     33.000    33.000 r  
    BSCAN_X0Y0           BSCANE2                      0.000    33.000 r  dbg_hub/inst/BSCANID.u_xsdbm_id/SWITCH_N_EXT_BSCAN.bscan_inst/SERIES7_BSCAN.bscan_inst/TCK
                         net (fo=1, routed)           2.010    35.010    dbg_hub/inst/BSCANID.u_xsdbm_id/tck_bs
    BUFGCTRL_X0Y1        BUFG (Prop_bufg_I_O)         0.091    35.101 r  dbg_hub/inst/BSCANID.u_xsdbm_id/SWITCH_N_EXT_BSCAN.u_bufg_icon_tck/O
                         net (fo=486, routed)         1.718    36.820    dbg_hub/inst/BSCANID.u_xsdbm_id/SWITCH_N_EXT_BSCAN.bscan_switch/s_bscan_tck
    SLICE_X62Y102        FDRE                                         r  dbg_hub/inst/BSCANID.u_xsdbm_id/SWITCH_N_EXT_BSCAN.bscan_switch/state_temp_reg[1]/C
                         clock pessimism              0.495    37.314    
                         clock uncertainty           -0.035    37.279    
    SLICE_X62Y102        FDRE (Setup_fdre_C_D)        0.077    37.356    dbg_hub/inst/BSCANID.u_xsdbm_id/SWITCH_N_EXT_BSCAN.bscan_switch/state_temp_reg[1]
  -------------------------------------------------------------------
                         required time                         37.356    
                         arrival time                         -10.481    
  -------------------------------------------------------------------
                         slack                                 26.875    

Slack (MET) :             26.907ns  (required time - arrival time)
  Source:                 dbg_hub/inst/BSCANID.u_xsdbm_id/SWITCH_N_EXT_BSCAN.bscan_switch/state_reg[0]/C
                            (rising edge-triggered cell FDRE clocked by dbg_hub/inst/BSCANID.u_xsdbm_id/SWITCH_N_EXT_BSCAN.bscan_inst/SERIES7_BSCAN.bscan_inst/TCK  {rise@0.000ns fall@16.500ns period=33.000ns})
  Destination:            dbg_hub/inst/BSCANID.u_xsdbm_id/SWITCH_N_EXT_BSCAN.bscan_switch/state_temp_reg[0]/D
                            (rising edge-triggered cell FDRE clocked by dbg_hub/inst/BSCANID.u_xsdbm_id/SWITCH_N_EXT_BSCAN.bscan_inst/SERIES7_BSCAN.bscan_inst/TCK  {rise@0.000ns fall@16.500ns period=33.000ns})
  Path Group:             dbg_hub/inst/BSCANID.u_xsdbm_id/SWITCH_N_EXT_BSCAN.bscan_inst/SERIES7_BSCAN.bscan_inst/TCK
  Path Type:              Setup (Max at Slow Process Corner)
  Requirement:            33.000ns  (dbg_hub/inst/BSCANID.u_xsdbm_id/SWITCH_N_EXT_BSCAN.bscan_inst/SERIES7_BSCAN.bscan_inst/TCK rise@33.000ns - dbg_hub/inst/BSCANID.u_xsdbm_id/SWITCH_N_EXT_BSCAN.bscan_inst/SERIES7_BSCAN.bscan_inst/TCK rise@0.000ns)
  Data Path Delay:        6.087ns  (logic 1.605ns (26.368%)  route 4.482ns (73.632%))
  Logic Levels:           6  (CARRY4=2 LUT4=1 LUT6=3)
  Clock Path Skew:        0.000ns (DCD - SCD + CPR)
    Destination Clock Delay (DCD):    3.820ns = ( 36.820 - 33.000 ) 
    Source Clock Delay      (SCD):    4.336ns
    Clock Pessimism Removal (CPR):    0.517ns
  Clock Uncertainty:      0.035ns  ((TSJ^2 + TIJ^2)^1/2 + DJ) / 2 + PE
    Total System Jitter     (TSJ):    0.071ns
    Total Input Jitter      (TIJ):    0.000ns
    Discrete Jitter          (DJ):    0.000ns
    Phase Error              (PE):    0.000ns

    Location             Delay type                Incr(ns)  Path(ns)    Netlist Resource(s)
  -------------------------------------------------------------------    -------------------
                         (clock dbg_hub/inst/BSCANID.u_xsdbm_id/SWITCH_N_EXT_BSCAN.bscan_inst/SERIES7_BSCAN.bscan_inst/TCK rise edge)
                                                      0.000     0.000 r  
    BSCAN_X0Y0           BSCANE2                      0.000     0.000 r  dbg_hub/inst/BSCANID.u_xsdbm_id/SWITCH_N_EXT_BSCAN.bscan_inst/SERIES7_BSCAN.bscan_inst/TCK
                         net (fo=1, routed)           2.325     2.325    dbg_hub/inst/BSCANID.u_xsdbm_id/tck_bs
    BUFGCTRL_X0Y1        BUFG (Prop_bufg_I_O)         0.101     2.426 r  dbg_hub/inst/BSCANID.u_xsdbm_id/SWITCH_N_EXT_BSCAN.u_bufg_icon_tck/O
                         net (fo=486, routed)         1.910     4.336    dbg_hub/inst/BSCANID.u_xsdbm_id/SWITCH_N_EXT_BSCAN.bscan_switch/s_bscan_tck
    SLICE_X63Y102        FDRE                                         r  dbg_hub/inst/BSCANID.u_xsdbm_id/SWITCH_N_EXT_BSCAN.bscan_switch/state_reg[0]/C
  -------------------------------------------------------------------    -------------------
    SLICE_X63Y102        FDRE (Prop_fdre_C_Q)         0.419     4.755 r  dbg_hub/inst/BSCANID.u_xsdbm_id/SWITCH_N_EXT_BSCAN.bscan_switch/state_reg[0]/Q
                         net (fo=50, routed)          2.407     7.163    dbg_hub/inst/BSCANID.u_xsdbm_id/SWITCH_N_EXT_BSCAN.bscan_switch/state[0]
    SLICE_X66Y101        LUT4 (Prop_lut4_I1_O)        0.299     7.462 r  dbg_hub/inst/BSCANID.u_xsdbm_id/SWITCH_N_EXT_BSCAN.bscan_switch/curid_inferred_i_13/O
                         net (fo=2, routed)           0.794     8.255    dbg_hub/inst/BSCANID.u_xsdbm_id/SWITCH_N_EXT_BSCAN.bscan_switch/curid[19]
    SLICE_X65Y102        LUT6 (Prop_lut6_I4_O)        0.124     8.379 r  dbg_hub/inst/BSCANID.u_xsdbm_id/SWITCH_N_EXT_BSCAN.bscan_switch/state_temp[0]_i_9/O
                         net (fo=1, routed)           0.000     8.379    dbg_hub/inst/BSCANID.u_xsdbm_id/SWITCH_N_EXT_BSCAN.bscan_switch/state_temp[0]_i_9_n_0
    SLICE_X65Y102        CARRY4 (Prop_carry4_S[3]_CO[3])
                                                      0.401     8.780 r  dbg_hub/inst/BSCANID.u_xsdbm_id/SWITCH_N_EXT_BSCAN.bscan_switch/state_temp_reg[0]_i_4/CO[3]
                         net (fo=1, routed)           0.000     8.780    dbg_hub/inst/BSCANID.u_xsdbm_id/SWITCH_N_EXT_BSCAN.bscan_switch/state_temp_reg[0]_i_4_n_0
    SLICE_X65Y103        CARRY4 (Prop_carry4_CI_CO[3])
                                                      0.114     8.894 f  dbg_hub/inst/BSCANID.u_xsdbm_id/SWITCH_N_EXT_BSCAN.bscan_switch/state_temp_reg[0]_i_3/CO[3]
                         net (fo=4, routed)           0.659     9.553    dbg_hub/inst/BSCANID.u_xsdbm_id/SWITCH_N_EXT_BSCAN.bscan_switch/state_temp_reg[0]_i_3_n_0
    SLICE_X62Y102        LUT6 (Prop_lut6_I0_O)        0.124     9.677 r  dbg_hub/inst/BSCANID.u_xsdbm_id/SWITCH_N_EXT_BSCAN.bscan_switch/state_temp[0]_i_2/O
                         net (fo=1, routed)           0.622    10.299    dbg_hub/inst/BSCANID.u_xsdbm_id/SWITCH_N_EXT_BSCAN.bscan_switch/state_temp[0]_i_2_n_0
    SLICE_X63Y102        LUT6 (Prop_lut6_I0_O)        0.124    10.423 r  dbg_hub/inst/BSCANID.u_xsdbm_id/SWITCH_N_EXT_BSCAN.bscan_switch/state_temp[0]_i_1/O
                         net (fo=1, routed)           0.000    10.423    dbg_hub/inst/BSCANID.u_xsdbm_id/SWITCH_N_EXT_BSCAN.bscan_switch/state_temp[0]_i_1_n_0
    SLICE_X63Y102        FDRE                                         r  dbg_hub/inst/BSCANID.u_xsdbm_id/SWITCH_N_EXT_BSCAN.bscan_switch/state_temp_reg[0]/D
  -------------------------------------------------------------------    -------------------

                         (clock dbg_hub/inst/BSCANID.u_xsdbm_id/SWITCH_N_EXT_BSCAN.bscan_inst/SERIES7_BSCAN.bscan_inst/TCK rise edge)
                                                     33.000    33.000 r  
    BSCAN_X0Y0           BSCANE2                      0.000    33.000 r  dbg_hub/inst/BSCANID.u_xsdbm_id/SWITCH_N_EXT_BSCAN.bscan_inst/SERIES7_BSCAN.bscan_inst/TCK
                         net (fo=1, routed)           2.010    35.010    dbg_hub/inst/BSCANID.u_xsdbm_id/tck_bs
    BUFGCTRL_X0Y1        BUFG (Prop_bufg_I_O)         0.091    35.101 r  dbg_hub/inst/BSCANID.u_xsdbm_id/SWITCH_N_EXT_BSCAN.u_bufg_icon_tck/O
                         net (fo=486, routed)         1.718    36.820    dbg_hub/inst/BSCANID.u_xsdbm_id/SWITCH_N_EXT_BSCAN.bscan_switch/s_bscan_tck
    SLICE_X63Y102        FDRE                                         r  dbg_hub/inst/BSCANID.u_xsdbm_id/SWITCH_N_EXT_BSCAN.bscan_switch/state_temp_reg[0]/C
                         clock pessimism              0.517    37.336    
                         clock uncertainty           -0.035    37.301    
    SLICE_X63Y102        FDRE (Setup_fdre_C_D)        0.029    37.330    dbg_hub/inst/BSCANID.u_xsdbm_id/SWITCH_N_EXT_BSCAN.bscan_switch/state_temp_reg[0]
  -------------------------------------------------------------------
                         required time                         37.330    
                         arrival time                         -10.423    
  -------------------------------------------------------------------
                         slack                                 26.907    

Slack (MET) :             26.954ns  (required time - arrival time)
  Source:                 dbg_hub/inst/BSCANID.u_xsdbm_id/SWITCH_N_EXT_BSCAN.bscan_switch/state_reg[2]/C
                            (rising edge-triggered cell FDRE clocked by dbg_hub/inst/BSCANID.u_xsdbm_id/SWITCH_N_EXT_BSCAN.bscan_inst/SERIES7_BSCAN.bscan_inst/TCK  {rise@0.000ns fall@16.500ns period=33.000ns})
  Destination:            dbg_hub/inst/BSCANID.u_xsdbm_id/CORE_XSDB.U_ICON/U_STAT/iSTAT_CNT_reg[0]/R
                            (rising edge-triggered cell FDRE clocked by dbg_hub/inst/BSCANID.u_xsdbm_id/SWITCH_N_EXT_BSCAN.bscan_inst/SERIES7_BSCAN.bscan_inst/TCK  {rise@0.000ns fall@16.500ns period=33.000ns})
  Path Group:             dbg_hub/inst/BSCANID.u_xsdbm_id/SWITCH_N_EXT_BSCAN.bscan_inst/SERIES7_BSCAN.bscan_inst/TCK
  Path Type:              Setup (Max at Slow Process Corner)
  Requirement:            33.000ns  (dbg_hub/inst/BSCANID.u_xsdbm_id/SWITCH_N_EXT_BSCAN.bscan_inst/SERIES7_BSCAN.bscan_inst/TCK rise@33.000ns - dbg_hub/inst/BSCANID.u_xsdbm_id/SWITCH_N_EXT_BSCAN.bscan_inst/SERIES7_BSCAN.bscan_inst/TCK rise@0.000ns)
  Data Path Delay:        5.230ns  (logic 1.027ns (19.637%)  route 4.203ns (80.363%))
  Logic Levels:           3  (LUT4=1 LUT5=2)
  Clock Path Skew:        -0.351ns (DCD - SCD + CPR)
    Destination Clock Delay (DCD):    3.646ns = ( 36.646 - 33.000 ) 
    Source Clock Delay      (SCD):    4.336ns
    Clock Pessimism Removal (CPR):    0.339ns
  Clock Uncertainty:      0.035ns  ((TSJ^2 + TIJ^2)^1/2 + DJ) / 2 + PE
    Total System Jitter     (TSJ):    0.071ns
    Total Input Jitter      (TIJ):    0.000ns
    Discrete Jitter          (DJ):    0.000ns
    Phase Error              (PE):    0.000ns

    Location             Delay type                Incr(ns)  Path(ns)    Netlist Resource(s)
  -------------------------------------------------------------------    -------------------
                         (clock dbg_hub/inst/BSCANID.u_xsdbm_id/SWITCH_N_EXT_BSCAN.bscan_inst/SERIES7_BSCAN.bscan_inst/TCK rise edge)
                                                      0.000     0.000 r  
    BSCAN_X0Y0           BSCANE2                      0.000     0.000 r  dbg_hub/inst/BSCANID.u_xsdbm_id/SWITCH_N_EXT_BSCAN.bscan_inst/SERIES7_BSCAN.bscan_inst/TCK
                         net (fo=1, routed)           2.325     2.325    dbg_hub/inst/BSCANID.u_xsdbm_id/tck_bs
    BUFGCTRL_X0Y1        BUFG (Prop_bufg_I_O)         0.101     2.426 r  dbg_hub/inst/BSCANID.u_xsdbm_id/SWITCH_N_EXT_BSCAN.u_bufg_icon_tck/O
                         net (fo=486, routed)         1.910     4.336    dbg_hub/inst/BSCANID.u_xsdbm_id/SWITCH_N_EXT_BSCAN.bscan_switch/s_bscan_tck
    SLICE_X62Y102        FDRE                                         r  dbg_hub/inst/BSCANID.u_xsdbm_id/SWITCH_N_EXT_BSCAN.bscan_switch/state_reg[2]/C
  -------------------------------------------------------------------    -------------------
    SLICE_X62Y102        FDRE (Prop_fdre_C_Q)         0.478     4.814 f  dbg_hub/inst/BSCANID.u_xsdbm_id/SWITCH_N_EXT_BSCAN.bscan_switch/state_reg[2]/Q
                         net (fo=50, routed)          2.807     7.622    dbg_hub/inst/BSCANID.u_xsdbm_id/SWITCH_N_EXT_BSCAN.bscan_switch/state[2]
    SLICE_X61Y96         LUT5 (Prop_lut5_I2_O)        0.301     7.923 f  dbg_hub/inst/BSCANID.u_xsdbm_id/SWITCH_N_EXT_BSCAN.bscan_switch/m_bscan_shift[0]_INST_0/O
                         net (fo=4, routed)           0.595     8.518    dbg_hub/inst/BSCANID.u_xsdbm_id/CORE_XSDB.U_ICON/U_CMD/icn_cmd_en_reg[7]
    SLICE_X61Y97         LUT4 (Prop_lut4_I1_O)        0.124     8.642 f  dbg_hub/inst/BSCANID.u_xsdbm_id/CORE_XSDB.U_ICON/U_CMD/iSTAT_CNT[5]_i_4/O
                         net (fo=1, routed)           0.264     8.906    dbg_hub/inst/BSCANID.u_xsdbm_id/CORE_XSDB.U_ICON/U_CMD/iSTAT_CNT[5]_i_4_n_0
    SLICE_X61Y97         LUT5 (Prop_lut5_I4_O)        0.124     9.030 r  dbg_hub/inst/BSCANID.u_xsdbm_id/CORE_XSDB.U_ICON/U_CMD/iSTAT_CNT[5]_i_1/O
                         net (fo=6, routed)           0.536     9.566    dbg_hub/inst/BSCANID.u_xsdbm_id/CORE_XSDB.U_ICON/U_STAT/SR[0]
    SLICE_X65Y97         FDRE                                         r  dbg_hub/inst/BSCANID.u_xsdbm_id/CORE_XSDB.U_ICON/U_STAT/iSTAT_CNT_reg[0]/R
  -------------------------------------------------------------------    -------------------

                         (clock dbg_hub/inst/BSCANID.u_xsdbm_id/SWITCH_N_EXT_BSCAN.bscan_inst/SERIES7_BSCAN.bscan_inst/TCK rise edge)
                                                     33.000    33.000 r  
    BSCAN_X0Y0           BSCANE2                      0.000    33.000 r  dbg_hub/inst/BSCANID.u_xsdbm_id/SWITCH_N_EXT_BSCAN.bscan_inst/SERIES7_BSCAN.bscan_inst/TCK
                         net (fo=1, routed)           2.010    35.010    dbg_hub/inst/BSCANID.u_xsdbm_id/tck_bs
    BUFGCTRL_X0Y1        BUFG (Prop_bufg_I_O)         0.091    35.101 r  dbg_hub/inst/BSCANID.u_xsdbm_id/SWITCH_N_EXT_BSCAN.u_bufg_icon_tck/O
                         net (fo=486, routed)         1.545    36.646    dbg_hub/inst/BSCANID.u_xsdbm_id/CORE_XSDB.U_ICON/U_STAT/m_bscan_tck[0]
    SLICE_X65Y97         FDRE                                         r  dbg_hub/inst/BSCANID.u_xsdbm_id/CORE_XSDB.U_ICON/U_STAT/iSTAT_CNT_reg[0]/C
                         clock pessimism              0.339    36.985    
                         clock uncertainty           -0.035    36.950    
    SLICE_X65Y97         FDRE (Setup_fdre_C_R)       -0.429    36.521    dbg_hub/inst/BSCANID.u_xsdbm_id/CORE_XSDB.U_ICON/U_STAT/iSTAT_CNT_reg[0]
  -------------------------------------------------------------------
                         required time                         36.521    
                         arrival time                          -9.566    
  -------------------------------------------------------------------
                         slack                                 26.954    





Min Delay Paths
--------------------------------------------------------------------------------------
Slack (MET) :             0.103ns  (arrival time - required time)
  Source:                 dbg_hub/inst/BSCANID.u_xsdbm_id/CORE_XSDB.UUT_MASTER/U_ICON_INTERFACE/U_CMD6_WR/shift_reg_in_reg[15]/C
                            (rising edge-triggered cell FDCE clocked by dbg_hub/inst/BSCANID.u_xsdbm_id/SWITCH_N_EXT_BSCAN.bscan_inst/SERIES7_BSCAN.bscan_inst/TCK  {rise@0.000ns fall@16.500ns period=33.000ns})
  Destination:            dbg_hub/inst/BSCANID.u_xsdbm_id/CORE_XSDB.UUT_MASTER/U_ICON_INTERFACE/U_CMD6_WR/U_WR_FIFO/SUBCORE_FIFO.xsdbm_v3_0_0_wrfifo_inst/inst_fifo_gen/gconvfifo.rf/grf.rf/gntv_or_sync_fifo.mem/gdm.dm_gen.dm/RAM_reg_0_15_12_15/RAMB/I
                            (rising edge-triggered cell RAMD32 clocked by dbg_hub/inst/BSCANID.u_xsdbm_id/SWITCH_N_EXT_BSCAN.bscan_inst/SERIES7_BSCAN.bscan_inst/TCK  {rise@0.000ns fall@16.500ns period=33.000ns})
  Path Group:             dbg_hub/inst/BSCANID.u_xsdbm_id/SWITCH_N_EXT_BSCAN.bscan_inst/SERIES7_BSCAN.bscan_inst/TCK
  Path Type:              Hold (Min at Fast Process Corner)
  Requirement:            0.000ns  (dbg_hub/inst/BSCANID.u_xsdbm_id/SWITCH_N_EXT_BSCAN.bscan_inst/SERIES7_BSCAN.bscan_inst/TCK rise@0.000ns - dbg_hub/inst/BSCANID.u_xsdbm_id/SWITCH_N_EXT_BSCAN.bscan_inst/SERIES7_BSCAN.bscan_inst/TCK rise@0.000ns)
  Data Path Delay:        0.265ns  (logic 0.141ns (53.180%)  route 0.124ns (46.820%))
  Logic Levels:           0  
  Clock Path Skew:        0.016ns (DCD - SCD - CPR)
    Destination Clock Delay (DCD):    2.052ns
    Source Clock Delay      (SCD):    1.646ns
    Clock Pessimism Removal (CPR):    0.390ns

    Location             Delay type                Incr(ns)  Path(ns)    Netlist Resource(s)
  -------------------------------------------------------------------    -------------------
                         (clock dbg_hub/inst/BSCANID.u_xsdbm_id/SWITCH_N_EXT_BSCAN.bscan_inst/SERIES7_BSCAN.bscan_inst/TCK rise edge)
                                                      0.000     0.000 r  
    BSCAN_X0Y0           BSCANE2                      0.000     0.000 r  dbg_hub/inst/BSCANID.u_xsdbm_id/SWITCH_N_EXT_BSCAN.bscan_inst/SERIES7_BSCAN.bscan_inst/TCK
                         net (fo=1, routed)           1.036     1.036    dbg_hub/inst/BSCANID.u_xsdbm_id/tck_bs
    BUFGCTRL_X0Y1        BUFG (Prop_bufg_I_O)         0.026     1.062 r  dbg_hub/inst/BSCANID.u_xsdbm_id/SWITCH_N_EXT_BSCAN.u_bufg_icon_tck/O
                         net (fo=486, routed)         0.584     1.646    dbg_hub/inst/BSCANID.u_xsdbm_id/CORE_XSDB.UUT_MASTER/U_ICON_INTERFACE/U_CMD6_WR/m_bscan_tck[0]
    SLICE_X83Y91         FDCE                                         r  dbg_hub/inst/BSCANID.u_xsdbm_id/CORE_XSDB.UUT_MASTER/U_ICON_INTERFACE/U_CMD6_WR/shift_reg_in_reg[15]/C
  -------------------------------------------------------------------    -------------------
    SLICE_X83Y91         FDCE (Prop_fdce_C_Q)         0.141     1.787 r  dbg_hub/inst/BSCANID.u_xsdbm_id/CORE_XSDB.UUT_MASTER/U_ICON_INTERFACE/U_CMD6_WR/shift_reg_in_reg[15]/Q
                         net (fo=2, routed)           0.124     1.911    dbg_hub/inst/BSCANID.u_xsdbm_id/CORE_XSDB.UUT_MASTER/U_ICON_INTERFACE/U_CMD6_WR/U_WR_FIFO/SUBCORE_FIFO.xsdbm_v3_0_0_wrfifo_inst/inst_fifo_gen/gconvfifo.rf/grf.rf/gntv_or_sync_fifo.mem/gdm.dm_gen.dm/RAM_reg_0_15_12_15/DIB0
    SLICE_X82Y92         RAMD32                                       r  dbg_hub/inst/BSCANID.u_xsdbm_id/CORE_XSDB.UUT_MASTER/U_ICON_INTERFACE/U_CMD6_WR/U_WR_FIFO/SUBCORE_FIFO.xsdbm_v3_0_0_wrfifo_inst/inst_fifo_gen/gconvfifo.rf/grf.rf/gntv_or_sync_fifo.mem/gdm.dm_gen.dm/RAM_reg_0_15_12_15/RAMB/I
  -------------------------------------------------------------------    -------------------

                         (clock dbg_hub/inst/BSCANID.u_xsdbm_id/SWITCH_N_EXT_BSCAN.bscan_inst/SERIES7_BSCAN.bscan_inst/TCK rise edge)
                                                      0.000     0.000 r  
    BSCAN_X0Y0           BSCANE2                      0.000     0.000 r  dbg_hub/inst/BSCANID.u_xsdbm_id/SWITCH_N_EXT_BSCAN.bscan_inst/SERIES7_BSCAN.bscan_inst/TCK
                         net (fo=1, routed)           1.170     1.170    dbg_hub/inst/BSCANID.u_xsdbm_id/tck_bs
    BUFGCTRL_X0Y1        BUFG (Prop_bufg_I_O)         0.029     1.199 r  dbg_hub/inst/BSCANID.u_xsdbm_id/SWITCH_N_EXT_BSCAN.u_bufg_icon_tck/O
                         net (fo=486, routed)         0.853     2.052    dbg_hub/inst/BSCANID.u_xsdbm_id/CORE_XSDB.UUT_MASTER/U_ICON_INTERFACE/U_CMD6_WR/U_WR_FIFO/SUBCORE_FIFO.xsdbm_v3_0_0_wrfifo_inst/inst_fifo_gen/gconvfifo.rf/grf.rf/gntv_or_sync_fifo.mem/gdm.dm_gen.dm/RAM_reg_0_15_12_15/WCLK
    SLICE_X82Y92         RAMD32                                       r  dbg_hub/inst/BSCANID.u_xsdbm_id/CORE_XSDB.UUT_MASTER/U_ICON_INTERFACE/U_CMD6_WR/U_WR_FIFO/SUBCORE_FIFO.xsdbm_v3_0_0_wrfifo_inst/inst_fifo_gen/gconvfifo.rf/grf.rf/gntv_or_sync_fifo.mem/gdm.dm_gen.dm/RAM_reg_0_15_12_15/RAMB/CLK
                         clock pessimism             -0.390     1.662    
    SLICE_X82Y92         RAMD32 (Hold_ramd32_CLK_I)
                                                      0.146     1.808    dbg_hub/inst/BSCANID.u_xsdbm_id/CORE_XSDB.UUT_MASTER/U_ICON_INTERFACE/U_CMD6_WR/U_WR_FIFO/SUBCORE_FIFO.xsdbm_v3_0_0_wrfifo_inst/inst_fifo_gen/gconvfifo.rf/grf.rf/gntv_or_sync_fifo.mem/gdm.dm_gen.dm/RAM_reg_0_15_12_15/RAMB
  -------------------------------------------------------------------
                         required time                         -1.808    
                         arrival time                           1.911    
  -------------------------------------------------------------------
                         slack                                  0.103    

Slack (MET) :             0.114ns  (arrival time - required time)
  Source:                 dbg_hub/inst/BSCANID.u_xsdbm_id/CORE_XSDB.UUT_MASTER/U_ICON_INTERFACE/U_CMD6_WR/shift_reg_in_reg[10]/C
                            (rising edge-triggered cell FDCE clocked by dbg_hub/inst/BSCANID.u_xsdbm_id/SWITCH_N_EXT_BSCAN.bscan_inst/SERIES7_BSCAN.bscan_inst/TCK  {rise@0.000ns fall@16.500ns period=33.000ns})
  Destination:            dbg_hub/inst/BSCANID.u_xsdbm_id/CORE_XSDB.UUT_MASTER/U_ICON_INTERFACE/U_CMD6_WR/U_WR_FIFO/SUBCORE_FIFO.xsdbm_v3_0_0_wrfifo_inst/inst_fifo_gen/gconvfifo.rf/grf.rf/gntv_or_sync_fifo.mem/gdm.dm_gen.dm/RAM_reg_0_15_6_11/RAMB_D1/I
                            (rising edge-triggered cell RAMD32 clocked by dbg_hub/inst/BSCANID.u_xsdbm_id/SWITCH_N_EXT_BSCAN.bscan_inst/SERIES7_BSCAN.bscan_inst/TCK  {rise@0.000ns fall@16.500ns period=33.000ns})
  Path Group:             dbg_hub/inst/BSCANID.u_xsdbm_id/SWITCH_N_EXT_BSCAN.bscan_inst/SERIES7_BSCAN.bscan_inst/TCK
  Path Type:              Hold (Min at Fast Process Corner)
  Requirement:            0.000ns  (dbg_hub/inst/BSCANID.u_xsdbm_id/SWITCH_N_EXT_BSCAN.bscan_inst/SERIES7_BSCAN.bscan_inst/TCK rise@0.000ns - dbg_hub/inst/BSCANID.u_xsdbm_id/SWITCH_N_EXT_BSCAN.bscan_inst/SERIES7_BSCAN.bscan_inst/TCK rise@0.000ns)
  Data Path Delay:        0.254ns  (logic 0.141ns (55.481%)  route 0.113ns (44.519%))
  Logic Levels:           0  
  Clock Path Skew:        0.016ns (DCD - SCD - CPR)
    Destination Clock Delay (DCD):    2.052ns
    Source Clock Delay      (SCD):    1.646ns
    Clock Pessimism Removal (CPR):    0.390ns

    Location             Delay type                Incr(ns)  Path(ns)    Netlist Resource(s)
  -------------------------------------------------------------------    -------------------
                         (clock dbg_hub/inst/BSCANID.u_xsdbm_id/SWITCH_N_EXT_BSCAN.bscan_inst/SERIES7_BSCAN.bscan_inst/TCK rise edge)
                                                      0.000     0.000 r  
    BSCAN_X0Y0           BSCANE2                      0.000     0.000 r  dbg_hub/inst/BSCANID.u_xsdbm_id/SWITCH_N_EXT_BSCAN.bscan_inst/SERIES7_BSCAN.bscan_inst/TCK
                         net (fo=1, routed)           1.036     1.036    dbg_hub/inst/BSCANID.u_xsdbm_id/tck_bs
    BUFGCTRL_X0Y1        BUFG (Prop_bufg_I_O)         0.026     1.062 r  dbg_hub/inst/BSCANID.u_xsdbm_id/SWITCH_N_EXT_BSCAN.u_bufg_icon_tck/O
                         net (fo=486, routed)         0.584     1.646    dbg_hub/inst/BSCANID.u_xsdbm_id/CORE_XSDB.UUT_MASTER/U_ICON_INTERFACE/U_CMD6_WR/m_bscan_tck[0]
    SLICE_X85Y91         FDCE                                         r  dbg_hub/inst/BSCANID.u_xsdbm_id/CORE_XSDB.UUT_MASTER/U_ICON_INTERFACE/U_CMD6_WR/shift_reg_in_reg[10]/C
  -------------------------------------------------------------------    -------------------
    SLICE_X85Y91         FDCE (Prop_fdce_C_Q)         0.141     1.787 r  dbg_hub/inst/BSCANID.u_xsdbm_id/CORE_XSDB.UUT_MASTER/U_ICON_INTERFACE/U_CMD6_WR/shift_reg_in_reg[10]/Q
                         net (fo=2, routed)           0.113     1.900    dbg_hub/inst/BSCANID.u_xsdbm_id/CORE_XSDB.UUT_MASTER/U_ICON_INTERFACE/U_CMD6_WR/U_WR_FIFO/SUBCORE_FIFO.xsdbm_v3_0_0_wrfifo_inst/inst_fifo_gen/gconvfifo.rf/grf.rf/gntv_or_sync_fifo.mem/gdm.dm_gen.dm/RAM_reg_0_15_6_11/DIB1
    SLICE_X82Y91         RAMD32                                       r  dbg_hub/inst/BSCANID.u_xsdbm_id/CORE_XSDB.UUT_MASTER/U_ICON_INTERFACE/U_CMD6_WR/U_WR_FIFO/SUBCORE_FIFO.xsdbm_v3_0_0_wrfifo_inst/inst_fifo_gen/gconvfifo.rf/grf.rf/gntv_or_sync_fifo.mem/gdm.dm_gen.dm/RAM_reg_0_15_6_11/RAMB_D1/I
  -------------------------------------------------------------------    -------------------

                         (clock dbg_hub/inst/BSCANID.u_xsdbm_id/SWITCH_N_EXT_BSCAN.bscan_inst/SERIES7_BSCAN.bscan_inst/TCK rise edge)
                                                      0.000     0.000 r  
    BSCAN_X0Y0           BSCANE2                      0.000     0.000 r  dbg_hub/inst/BSCANID.u_xsdbm_id/SWITCH_N_EXT_BSCAN.bscan_inst/SERIES7_BSCAN.bscan_inst/TCK
                         net (fo=1, routed)           1.170     1.170    dbg_hub/inst/BSCANID.u_xsdbm_id/tck_bs
    BUFGCTRL_X0Y1        BUFG (Prop_bufg_I_O)         0.029     1.199 r  dbg_hub/inst/BSCANID.u_xsdbm_id/SWITCH_N_EXT_BSCAN.u_bufg_icon_tck/O
                         net (fo=486, routed)         0.853     2.052    dbg_hub/inst/BSCANID.u_xsdbm_id/CORE_XSDB.UUT_MASTER/U_ICON_INTERFACE/U_CMD6_WR/U_WR_FIFO/SUBCORE_FIFO.xsdbm_v3_0_0_wrfifo_inst/inst_fifo_gen/gconvfifo.rf/grf.rf/gntv_or_sync_fifo.mem/gdm.dm_gen.dm/RAM_reg_0_15_6_11/WCLK
    SLICE_X82Y91         RAMD32                                       r  dbg_hub/inst/BSCANID.u_xsdbm_id/CORE_XSDB.UUT_MASTER/U_ICON_INTERFACE/U_CMD6_WR/U_WR_FIFO/SUBCORE_FIFO.xsdbm_v3_0_0_wrfifo_inst/inst_fifo_gen/gconvfifo.rf/grf.rf/gntv_or_sync_fifo.mem/gdm.dm_gen.dm/RAM_reg_0_15_6_11/RAMB_D1/CLK
                         clock pessimism             -0.390     1.662    
    SLICE_X82Y91         RAMD32 (Hold_ramd32_CLK_I)
                                                      0.124     1.786    dbg_hub/inst/BSCANID.u_xsdbm_id/CORE_XSDB.UUT_MASTER/U_ICON_INTERFACE/U_CMD6_WR/U_WR_FIFO/SUBCORE_FIFO.xsdbm_v3_0_0_wrfifo_inst/inst_fifo_gen/gconvfifo.rf/grf.rf/gntv_or_sync_fifo.mem/gdm.dm_gen.dm/RAM_reg_0_15_6_11/RAMB_D1
  -------------------------------------------------------------------
                         required time                         -1.786    
                         arrival time                           1.900    
  -------------------------------------------------------------------
                         slack                                  0.114    

Slack (MET) :             0.121ns  (arrival time - required time)
  Source:                 dbg_hub/inst/BSCANID.u_xsdbm_id/CORE_XSDB.U_ICON/U_SYNC/iSYNC_WORD_reg[2]/C
                            (rising edge-triggered cell FDRE clocked by dbg_hub/inst/BSCANID.u_xsdbm_id/SWITCH_N_EXT_BSCAN.bscan_inst/SERIES7_BSCAN.bscan_inst/TCK  {rise@0.000ns fall@16.500ns period=33.000ns})
  Destination:            dbg_hub/inst/BSCANID.u_xsdbm_id/CORE_XSDB.U_ICON/U_SYNC/SYNC_reg/D
                            (rising edge-triggered cell FDRE clocked by dbg_hub/inst/BSCANID.u_xsdbm_id/SWITCH_N_EXT_BSCAN.bscan_inst/SERIES7_BSCAN.bscan_inst/TCK  {rise@0.000ns fall@16.500ns period=33.000ns})
  Path Group:             dbg_hub/inst/BSCANID.u_xsdbm_id/SWITCH_N_EXT_BSCAN.bscan_inst/SERIES7_BSCAN.bscan_inst/TCK
  Path Type:              Hold (Min at Fast Process Corner)
  Requirement:            0.000ns  (dbg_hub/inst/BSCANID.u_xsdbm_id/SWITCH_N_EXT_BSCAN.bscan_inst/SERIES7_BSCAN.bscan_inst/TCK rise@0.000ns - dbg_hub/inst/BSCANID.u_xsdbm_id/SWITCH_N_EXT_BSCAN.bscan_inst/SERIES7_BSCAN.bscan_inst/TCK rise@0.000ns)
  Data Path Delay:        0.254ns  (logic 0.186ns (73.141%)  route 0.068ns (26.859%))
  Logic Levels:           1  (LUT6=1)
  Clock Path Skew:        0.013ns (DCD - SCD - CPR)
    Destination Clock Delay (DCD):    2.050ns
    Source Clock Delay      (SCD):    1.644ns
    Clock Pessimism Removal (CPR):    0.393ns

    Location             Delay type                Incr(ns)  Path(ns)    Netlist Resource(s)
  -------------------------------------------------------------------    -------------------
                         (clock dbg_hub/inst/BSCANID.u_xsdbm_id/SWITCH_N_EXT_BSCAN.bscan_inst/SERIES7_BSCAN.bscan_inst/TCK rise edge)
                                                      0.000     0.000 r  
    BSCAN_X0Y0           BSCANE2                      0.000     0.000 r  dbg_hub/inst/BSCANID.u_xsdbm_id/SWITCH_N_EXT_BSCAN.bscan_inst/SERIES7_BSCAN.bscan_inst/TCK
                         net (fo=1, routed)           1.036     1.036    dbg_hub/inst/BSCANID.u_xsdbm_id/tck_bs
    BUFGCTRL_X0Y1        BUFG (Prop_bufg_I_O)         0.026     1.062 r  dbg_hub/inst/BSCANID.u_xsdbm_id/SWITCH_N_EXT_BSCAN.u_bufg_icon_tck/O
                         net (fo=486, routed)         0.582     1.644    dbg_hub/inst/BSCANID.u_xsdbm_id/CORE_XSDB.U_ICON/U_SYNC/m_bscan_tck[0]
    SLICE_X63Y97         FDRE                                         r  dbg_hub/inst/BSCANID.u_xsdbm_id/CORE_XSDB.U_ICON/U_SYNC/iSYNC_WORD_reg[2]/C
  -------------------------------------------------------------------    -------------------
    SLICE_X63Y97         FDRE (Prop_fdre_C_Q)         0.141     1.785 f  dbg_hub/inst/BSCANID.u_xsdbm_id/CORE_XSDB.U_ICON/U_SYNC/iSYNC_WORD_reg[2]/Q
                         net (fo=2, routed)           0.068     1.853    dbg_hub/inst/BSCANID.u_xsdbm_id/CORE_XSDB.U_ICON/U_SYNC/iSYNC_WORD[2]
    SLICE_X62Y97         LUT6 (Prop_lut6_I1_O)        0.045     1.898 r  dbg_hub/inst/BSCANID.u_xsdbm_id/CORE_XSDB.U_ICON/U_SYNC/SYNC_i_1/O
                         net (fo=1, routed)           0.000     1.898    dbg_hub/inst/BSCANID.u_xsdbm_id/CORE_XSDB.U_ICON/U_SYNC/SYNC_i_1_n_0
    SLICE_X62Y97         FDRE                                         r  dbg_hub/inst/BSCANID.u_xsdbm_id/CORE_XSDB.U_ICON/U_SYNC/SYNC_reg/D
  -------------------------------------------------------------------    -------------------

                         (clock dbg_hub/inst/BSCANID.u_xsdbm_id/SWITCH_N_EXT_BSCAN.bscan_inst/SERIES7_BSCAN.bscan_inst/TCK rise edge)
                                                      0.000     0.000 r  
    BSCAN_X0Y0           BSCANE2                      0.000     0.000 r  dbg_hub/inst/BSCANID.u_xsdbm_id/SWITCH_N_EXT_BSCAN.bscan_inst/SERIES7_BSCAN.bscan_inst/TCK
                         net (fo=1, routed)           1.170     1.170    dbg_hub/inst/BSCANID.u_xsdbm_id/tck_bs
    BUFGCTRL_X0Y1        BUFG (Prop_bufg_I_O)         0.029     1.199 r  dbg_hub/inst/BSCANID.u_xsdbm_id/SWITCH_N_EXT_BSCAN.u_bufg_icon_tck/O
                         net (fo=486, routed)         0.851     2.050    dbg_hub/inst/BSCANID.u_xsdbm_id/CORE_XSDB.U_ICON/U_SYNC/m_bscan_tck[0]
    SLICE_X62Y97         FDRE                                         r  dbg_hub/inst/BSCANID.u_xsdbm_id/CORE_XSDB.U_ICON/U_SYNC/SYNC_reg/C
                         clock pessimism             -0.393     1.657    
    SLICE_X62Y97         FDRE (Hold_fdre_C_D)         0.120     1.777    dbg_hub/inst/BSCANID.u_xsdbm_id/CORE_XSDB.U_ICON/U_SYNC/SYNC_reg
  -------------------------------------------------------------------
                         required time                         -1.777    
                         arrival time                           1.898    
  -------------------------------------------------------------------
                         slack                                  0.121    

Slack (MET) :             0.122ns  (arrival time - required time)
  Source:                 dbg_hub/inst/BSCANID.u_xsdbm_id/CORE_XSDB.UUT_MASTER/U_ICON_INTERFACE/U_CMD6_WR/U_WR_FIFO/SUBCORE_FIFO.xsdbm_v3_0_0_wrfifo_inst/inst_fifo_gen/gconvfifo.rf/grf.rf/gntv_or_sync_fifo.gcx.clkx/gnxpm_cdc.gsync_stage[1].wr_stg_inst/Q_reg_reg[3]/C
                            (rising edge-triggered cell FDCE clocked by dbg_hub/inst/BSCANID.u_xsdbm_id/SWITCH_N_EXT_BSCAN.bscan_inst/SERIES7_BSCAN.bscan_inst/TCK  {rise@0.000ns fall@16.500ns period=33.000ns})
  Destination:            dbg_hub/inst/BSCANID.u_xsdbm_id/CORE_XSDB.UUT_MASTER/U_ICON_INTERFACE/U_CMD6_WR/U_WR_FIFO/SUBCORE_FIFO.xsdbm_v3_0_0_wrfifo_inst/inst_fifo_gen/gconvfifo.rf/grf.rf/gntv_or_sync_fifo.gcx.clkx/gnxpm_cdc.gsync_stage[2].wr_stg_inst/Q_reg_reg[3]/D
                            (rising edge-triggered cell FDCE clocked by dbg_hub/inst/BSCANID.u_xsdbm_id/SWITCH_N_EXT_BSCAN.bscan_inst/SERIES7_BSCAN.bscan_inst/TCK  {rise@0.000ns fall@16.500ns period=33.000ns})
  Path Group:             dbg_hub/inst/BSCANID.u_xsdbm_id/SWITCH_N_EXT_BSCAN.bscan_inst/SERIES7_BSCAN.bscan_inst/TCK
  Path Type:              Hold (Min at Fast Process Corner)
  Requirement:            0.000ns  (dbg_hub/inst/BSCANID.u_xsdbm_id/SWITCH_N_EXT_BSCAN.bscan_inst/SERIES7_BSCAN.bscan_inst/TCK rise@0.000ns - dbg_hub/inst/BSCANID.u_xsdbm_id/SWITCH_N_EXT_BSCAN.bscan_inst/SERIES7_BSCAN.bscan_inst/TCK rise@0.000ns)
  Data Path Delay:        0.197ns  (logic 0.141ns (71.611%)  route 0.056ns (28.389%))
  Logic Levels:           0  
  Clock Path Skew:        0.000ns (DCD - SCD - CPR)
    Destination Clock Delay (DCD):    2.053ns
    Source Clock Delay      (SCD):    1.647ns
    Clock Pessimism Removal (CPR):    0.406ns

    Location             Delay type                Incr(ns)  Path(ns)    Netlist Resource(s)
  -------------------------------------------------------------------    -------------------
                         (clock dbg_hub/inst/BSCANID.u_xsdbm_id/SWITCH_N_EXT_BSCAN.bscan_inst/SERIES7_BSCAN.bscan_inst/TCK rise edge)
                                                      0.000     0.000 r  
    BSCAN_X0Y0           BSCANE2                      0.000     0.000 r  dbg_hub/inst/BSCANID.u_xsdbm_id/SWITCH_N_EXT_BSCAN.bscan_inst/SERIES7_BSCAN.bscan_inst/TCK
                         net (fo=1, routed)           1.036     1.036    dbg_hub/inst/BSCANID.u_xsdbm_id/tck_bs
    BUFGCTRL_X0Y1        BUFG (Prop_bufg_I_O)         0.026     1.062 r  dbg_hub/inst/BSCANID.u_xsdbm_id/SWITCH_N_EXT_BSCAN.u_bufg_icon_tck/O
                         net (fo=486, routed)         0.585     1.647    dbg_hub/inst/BSCANID.u_xsdbm_id/CORE_XSDB.UUT_MASTER/U_ICON_INTERFACE/U_CMD6_WR/U_WR_FIFO/SUBCORE_FIFO.xsdbm_v3_0_0_wrfifo_inst/inst_fifo_gen/gconvfifo.rf/grf.rf/gntv_or_sync_fifo.gcx.clkx/gnxpm_cdc.gsync_stage[1].wr_stg_inst/wr_clk
    SLICE_X83Y94         FDCE                                         r  dbg_hub/inst/BSCANID.u_xsdbm_id/CORE_XSDB.UUT_MASTER/U_ICON_INTERFACE/U_CMD6_WR/U_WR_FIFO/SUBCORE_FIFO.xsdbm_v3_0_0_wrfifo_inst/inst_fifo_gen/gconvfifo.rf/grf.rf/gntv_or_sync_fifo.gcx.clkx/gnxpm_cdc.gsync_stage[1].wr_stg_inst/Q_reg_reg[3]/C
  -------------------------------------------------------------------    -------------------
    SLICE_X83Y94         FDCE (Prop_fdce_C_Q)         0.141     1.788 r  dbg_hub/inst/BSCANID.u_xsdbm_id/CORE_XSDB.UUT_MASTER/U_ICON_INTERFACE/U_CMD6_WR/U_WR_FIFO/SUBCORE_FIFO.xsdbm_v3_0_0_wrfifo_inst/inst_fifo_gen/gconvfifo.rf/grf.rf/gntv_or_sync_fifo.gcx.clkx/gnxpm_cdc.gsync_stage[1].wr_stg_inst/Q_reg_reg[3]/Q
                         net (fo=1, routed)           0.056     1.844    dbg_hub/inst/BSCANID.u_xsdbm_id/CORE_XSDB.UUT_MASTER/U_ICON_INTERFACE/U_CMD6_WR/U_WR_FIFO/SUBCORE_FIFO.xsdbm_v3_0_0_wrfifo_inst/inst_fifo_gen/gconvfifo.rf/grf.rf/gntv_or_sync_fifo.gcx.clkx/gnxpm_cdc.gsync_stage[2].wr_stg_inst/Q_reg_reg[3]_0[3]
    SLICE_X83Y94         FDCE                                         r  dbg_hub/inst/BSCANID.u_xsdbm_id/CORE_XSDB.UUT_MASTER/U_ICON_INTERFACE/U_CMD6_WR/U_WR_FIFO/SUBCORE_FIFO.xsdbm_v3_0_0_wrfifo_inst/inst_fifo_gen/gconvfifo.rf/grf.rf/gntv_or_sync_fifo.gcx.clkx/gnxpm_cdc.gsync_stage[2].wr_stg_inst/Q_reg_reg[3]/D
  -------------------------------------------------------------------    -------------------

                         (clock dbg_hub/inst/BSCANID.u_xsdbm_id/SWITCH_N_EXT_BSCAN.bscan_inst/SERIES7_BSCAN.bscan_inst/TCK rise edge)
                                                      0.000     0.000 r  
    BSCAN_X0Y0           BSCANE2                      0.000     0.000 r  dbg_hub/inst/BSCANID.u_xsdbm_id/SWITCH_N_EXT_BSCAN.bscan_inst/SERIES7_BSCAN.bscan_inst/TCK
                         net (fo=1, routed)           1.170     1.170    dbg_hub/inst/BSCANID.u_xsdbm_id/tck_bs
    BUFGCTRL_X0Y1        BUFG (Prop_bufg_I_O)         0.029     1.199 r  dbg_hub/inst/BSCANID.u_xsdbm_id/SWITCH_N_EXT_BSCAN.u_bufg_icon_tck/O
                         net (fo=486, routed)         0.854     2.053    dbg_hub/inst/BSCANID.u_xsdbm_id/CORE_XSDB.UUT_MASTER/U_ICON_INTERFACE/U_CMD6_WR/U_WR_FIFO/SUBCORE_FIFO.xsdbm_v3_0_0_wrfifo_inst/inst_fifo_gen/gconvfifo.rf/grf.rf/gntv_or_sync_fifo.gcx.clkx/gnxpm_cdc.gsync_stage[2].wr_stg_inst/wr_clk
    SLICE_X83Y94         FDCE                                         r  dbg_hub/inst/BSCANID.u_xsdbm_id/CORE_XSDB.UUT_MASTER/U_ICON_INTERFACE/U_CMD6_WR/U_WR_FIFO/SUBCORE_FIFO.xsdbm_v3_0_0_wrfifo_inst/inst_fifo_gen/gconvfifo.rf/grf.rf/gntv_or_sync_fifo.gcx.clkx/gnxpm_cdc.gsync_stage[2].wr_stg_inst/Q_reg_reg[3]/C
                         clock pessimism             -0.406     1.647    
    SLICE_X83Y94         FDCE (Hold_fdce_C_D)         0.075     1.722    dbg_hub/inst/BSCANID.u_xsdbm_id/CORE_XSDB.UUT_MASTER/U_ICON_INTERFACE/U_CMD6_WR/U_WR_FIFO/SUBCORE_FIFO.xsdbm_v3_0_0_wrfifo_inst/inst_fifo_gen/gconvfifo.rf/grf.rf/gntv_or_sync_fifo.gcx.clkx/gnxpm_cdc.gsync_stage[2].wr_stg_inst/Q_reg_reg[3]
  -------------------------------------------------------------------
                         required time                         -1.722    
                         arrival time                           1.844    
  -------------------------------------------------------------------
                         slack                                  0.122    

Slack (MET) :             0.122ns  (arrival time - required time)
  Source:                 dbg_hub/inst/BSCANID.u_xsdbm_id/CORE_XSDB.UUT_MASTER/U_ICON_INTERFACE/U_CMD6_RD/U_RD_FIFO/SUBCORE_FIFO.xsdbm_v3_0_0_rdfifo_inst/inst_fifo_gen/gconvfifo.rf/grf.rf/gntv_or_sync_fifo.gcx.clkx/gnxpm_cdc.gsync_stage[1].rd_stg_inst/Q_reg_reg[1]/C
                            (rising edge-triggered cell FDCE clocked by dbg_hub/inst/BSCANID.u_xsdbm_id/SWITCH_N_EXT_BSCAN.bscan_inst/SERIES7_BSCAN.bscan_inst/TCK  {rise@0.000ns fall@16.500ns period=33.000ns})
  Destination:            dbg_hub/inst/BSCANID.u_xsdbm_id/CORE_XSDB.UUT_MASTER/U_ICON_INTERFACE/U_CMD6_RD/U_RD_FIFO/SUBCORE_FIFO.xsdbm_v3_0_0_rdfifo_inst/inst_fifo_gen/gconvfifo.rf/grf.rf/gntv_or_sync_fifo.gcx.clkx/gnxpm_cdc.gsync_stage[2].rd_stg_inst/Q_reg_reg[1]/D
                            (rising edge-triggered cell FDCE clocked by dbg_hub/inst/BSCANID.u_xsdbm_id/SWITCH_N_EXT_BSCAN.bscan_inst/SERIES7_BSCAN.bscan_inst/TCK  {rise@0.000ns fall@16.500ns period=33.000ns})
  Path Group:             dbg_hub/inst/BSCANID.u_xsdbm_id/SWITCH_N_EXT_BSCAN.bscan_inst/SERIES7_BSCAN.bscan_inst/TCK
  Path Type:              Hold (Min at Fast Process Corner)
  Requirement:            0.000ns  (dbg_hub/inst/BSCANID.u_xsdbm_id/SWITCH_N_EXT_BSCAN.bscan_inst/SERIES7_BSCAN.bscan_inst/TCK rise@0.000ns - dbg_hub/inst/BSCANID.u_xsdbm_id/SWITCH_N_EXT_BSCAN.bscan_inst/SERIES7_BSCAN.bscan_inst/TCK rise@0.000ns)
  Data Path Delay:        0.197ns  (logic 0.141ns (71.611%)  route 0.056ns (28.389%))
  Logic Levels:           0  
  Clock Path Skew:        0.000ns (DCD - SCD - CPR)
    Destination Clock Delay (DCD):    2.040ns
    Source Clock Delay      (SCD):    1.636ns
    Clock Pessimism Removal (CPR):    0.404ns

    Location             Delay type                Incr(ns)  Path(ns)    Netlist Resource(s)
  -------------------------------------------------------------------    -------------------
                         (clock dbg_hub/inst/BSCANID.u_xsdbm_id/SWITCH_N_EXT_BSCAN.bscan_inst/SERIES7_BSCAN.bscan_inst/TCK rise edge)
                                                      0.000     0.000 r  
    BSCAN_X0Y0           BSCANE2                      0.000     0.000 r  dbg_hub/inst/BSCANID.u_xsdbm_id/SWITCH_N_EXT_BSCAN.bscan_inst/SERIES7_BSCAN.bscan_inst/TCK
                         net (fo=1, routed)           1.036     1.036    dbg_hub/inst/BSCANID.u_xsdbm_id/tck_bs
    BUFGCTRL_X0Y1        BUFG (Prop_bufg_I_O)         0.026     1.062 r  dbg_hub/inst/BSCANID.u_xsdbm_id/SWITCH_N_EXT_BSCAN.u_bufg_icon_tck/O
                         net (fo=486, routed)         0.574     1.636    dbg_hub/inst/BSCANID.u_xsdbm_id/CORE_XSDB.UUT_MASTER/U_ICON_INTERFACE/U_CMD6_RD/U_RD_FIFO/SUBCORE_FIFO.xsdbm_v3_0_0_rdfifo_inst/inst_fifo_gen/gconvfifo.rf/grf.rf/gntv_or_sync_fifo.gcx.clkx/gnxpm_cdc.gsync_stage[1].rd_stg_inst/rd_clk
    SLICE_X55Y84         FDCE                                         r  dbg_hub/inst/BSCANID.u_xsdbm_id/CORE_XSDB.UUT_MASTER/U_ICON_INTERFACE/U_CMD6_RD/U_RD_FIFO/SUBCORE_FIFO.xsdbm_v3_0_0_rdfifo_inst/inst_fifo_gen/gconvfifo.rf/grf.rf/gntv_or_sync_fifo.gcx.clkx/gnxpm_cdc.gsync_stage[1].rd_stg_inst/Q_reg_reg[1]/C
  -------------------------------------------------------------------    -------------------
    SLICE_X55Y84         FDCE (Prop_fdce_C_Q)         0.141     1.777 r  dbg_hub/inst/BSCANID.u_xsdbm_id/CORE_XSDB.UUT_MASTER/U_ICON_INTERFACE/U_CMD6_RD/U_RD_FIFO/SUBCORE_FIFO.xsdbm_v3_0_0_rdfifo_inst/inst_fifo_gen/gconvfifo.rf/grf.rf/gntv_or_sync_fifo.gcx.clkx/gnxpm_cdc.gsync_stage[1].rd_stg_inst/Q_reg_reg[1]/Q
                         net (fo=1, routed)           0.056     1.833    dbg_hub/inst/BSCANID.u_xsdbm_id/CORE_XSDB.UUT_MASTER/U_ICON_INTERFACE/U_CMD6_RD/U_RD_FIFO/SUBCORE_FIFO.xsdbm_v3_0_0_rdfifo_inst/inst_fifo_gen/gconvfifo.rf/grf.rf/gntv_or_sync_fifo.gcx.clkx/gnxpm_cdc.gsync_stage[2].rd_stg_inst/Q_reg_reg[3]_0[1]
    SLICE_X55Y84         FDCE                                         r  dbg_hub/inst/BSCANID.u_xsdbm_id/CORE_XSDB.UUT_MASTER/U_ICON_INTERFACE/U_CMD6_RD/U_RD_FIFO/SUBCORE_FIFO.xsdbm_v3_0_0_rdfifo_inst/inst_fifo_gen/gconvfifo.rf/grf.rf/gntv_or_sync_fifo.gcx.clkx/gnxpm_cdc.gsync_stage[2].rd_stg_inst/Q_reg_reg[1]/D
  -------------------------------------------------------------------    -------------------

                         (clock dbg_hub/inst/BSCANID.u_xsdbm_id/SWITCH_N_EXT_BSCAN.bscan_inst/SERIES7_BSCAN.bscan_inst/TCK rise edge)
                                                      0.000     0.000 r  
    BSCAN_X0Y0           BSCANE2                      0.000     0.000 r  dbg_hub/inst/BSCANID.u_xsdbm_id/SWITCH_N_EXT_BSCAN.bscan_inst/SERIES7_BSCAN.bscan_inst/TCK
                         net (fo=1, routed)           1.170     1.170    dbg_hub/inst/BSCANID.u_xsdbm_id/tck_bs
    BUFGCTRL_X0Y1        BUFG (Prop_bufg_I_O)         0.029     1.199 r  dbg_hub/inst/BSCANID.u_xsdbm_id/SWITCH_N_EXT_BSCAN.u_bufg_icon_tck/O
                         net (fo=486, routed)         0.841     2.040    dbg_hub/inst/BSCANID.u_xsdbm_id/CORE_XSDB.UUT_MASTER/U_ICON_INTERFACE/U_CMD6_RD/U_RD_FIFO/SUBCORE_FIFO.xsdbm_v3_0_0_rdfifo_inst/inst_fifo_gen/gconvfifo.rf/grf.rf/gntv_or_sync_fifo.gcx.clkx/gnxpm_cdc.gsync_stage[2].rd_stg_inst/rd_clk
    SLICE_X55Y84         FDCE                                         r  dbg_hub/inst/BSCANID.u_xsdbm_id/CORE_XSDB.UUT_MASTER/U_ICON_INTERFACE/U_CMD6_RD/U_RD_FIFO/SUBCORE_FIFO.xsdbm_v3_0_0_rdfifo_inst/inst_fifo_gen/gconvfifo.rf/grf.rf/gntv_or_sync_fifo.gcx.clkx/gnxpm_cdc.gsync_stage[2].rd_stg_inst/Q_reg_reg[1]/C
                         clock pessimism             -0.404     1.636    
    SLICE_X55Y84         FDCE (Hold_fdce_C_D)         0.075     1.711    dbg_hub/inst/BSCANID.u_xsdbm_id/CORE_XSDB.UUT_MASTER/U_ICON_INTERFACE/U_CMD6_RD/U_RD_FIFO/SUBCORE_FIFO.xsdbm_v3_0_0_rdfifo_inst/inst_fifo_gen/gconvfifo.rf/grf.rf/gntv_or_sync_fifo.gcx.clkx/gnxpm_cdc.gsync_stage[2].rd_stg_inst/Q_reg_reg[1]
  -------------------------------------------------------------------
                         required time                         -1.711    
                         arrival time                           1.833    
  -------------------------------------------------------------------
                         slack                                  0.122    

Slack (MET) :             0.124ns  (arrival time - required time)
  Source:                 dbg_hub/inst/BSCANID.u_xsdbm_id/CORE_XSDB.UUT_MASTER/U_ICON_INTERFACE/U_CMD6_WR/U_WR_FIFO/SUBCORE_FIFO.xsdbm_v3_0_0_wrfifo_inst/inst_fifo_gen/gconvfifo.rf/grf.rf/gntv_or_sync_fifo.gcx.clkx/gnxpm_cdc.gsync_stage[1].wr_stg_inst/Q_reg_reg[1]/C
                            (rising edge-triggered cell FDCE clocked by dbg_hub/inst/BSCANID.u_xsdbm_id/SWITCH_N_EXT_BSCAN.bscan_inst/SERIES7_BSCAN.bscan_inst/TCK  {rise@0.000ns fall@16.500ns period=33.000ns})
  Destination:            dbg_hub/inst/BSCANID.u_xsdbm_id/CORE_XSDB.UUT_MASTER/U_ICON_INTERFACE/U_CMD6_WR/U_WR_FIFO/SUBCORE_FIFO.xsdbm_v3_0_0_wrfifo_inst/inst_fifo_gen/gconvfifo.rf/grf.rf/gntv_or_sync_fifo.gcx.clkx/gnxpm_cdc.gsync_stage[2].wr_stg_inst/Q_reg_reg[1]/D
                            (rising edge-triggered cell FDCE clocked by dbg_hub/inst/BSCANID.u_xsdbm_id/SWITCH_N_EXT_BSCAN.bscan_inst/SERIES7_BSCAN.bscan_inst/TCK  {rise@0.000ns fall@16.500ns period=33.000ns})
  Path Group:             dbg_hub/inst/BSCANID.u_xsdbm_id/SWITCH_N_EXT_BSCAN.bscan_inst/SERIES7_BSCAN.bscan_inst/TCK
  Path Type:              Hold (Min at Fast Process Corner)
  Requirement:            0.000ns  (dbg_hub/inst/BSCANID.u_xsdbm_id/SWITCH_N_EXT_BSCAN.bscan_inst/SERIES7_BSCAN.bscan_inst/TCK rise@0.000ns - dbg_hub/inst/BSCANID.u_xsdbm_id/SWITCH_N_EXT_BSCAN.bscan_inst/SERIES7_BSCAN.bscan_inst/TCK rise@0.000ns)
  Data Path Delay:        0.200ns  (logic 0.141ns (70.589%)  route 0.059ns (29.411%))
  Logic Levels:           0  
  Clock Path Skew:        0.000ns (DCD - SCD - CPR)
    Destination Clock Delay (DCD):    2.053ns
    Source Clock Delay      (SCD):    1.647ns
    Clock Pessimism Removal (CPR):    0.406ns

    Location             Delay type                Incr(ns)  Path(ns)    Netlist Resource(s)
  -------------------------------------------------------------------    -------------------
                         (clock dbg_hub/inst/BSCANID.u_xsdbm_id/SWITCH_N_EXT_BSCAN.bscan_inst/SERIES7_BSCAN.bscan_inst/TCK rise edge)
                                                      0.000     0.000 r  
    BSCAN_X0Y0           BSCANE2                      0.000     0.000 r  dbg_hub/inst/BSCANID.u_xsdbm_id/SWITCH_N_EXT_BSCAN.bscan_inst/SERIES7_BSCAN.bscan_inst/TCK
                         net (fo=1, routed)           1.036     1.036    dbg_hub/inst/BSCANID.u_xsdbm_id/tck_bs
    BUFGCTRL_X0Y1        BUFG (Prop_bufg_I_O)         0.026     1.062 r  dbg_hub/inst/BSCANID.u_xsdbm_id/SWITCH_N_EXT_BSCAN.u_bufg_icon_tck/O
                         net (fo=486, routed)         0.585     1.647    dbg_hub/inst/BSCANID.u_xsdbm_id/CORE_XSDB.UUT_MASTER/U_ICON_INTERFACE/U_CMD6_WR/U_WR_FIFO/SUBCORE_FIFO.xsdbm_v3_0_0_wrfifo_inst/inst_fifo_gen/gconvfifo.rf/grf.rf/gntv_or_sync_fifo.gcx.clkx/gnxpm_cdc.gsync_stage[1].wr_stg_inst/wr_clk
    SLICE_X84Y94         FDCE                                         r  dbg_hub/inst/BSCANID.u_xsdbm_id/CORE_XSDB.UUT_MASTER/U_ICON_INTERFACE/U_CMD6_WR/U_WR_FIFO/SUBCORE_FIFO.xsdbm_v3_0_0_wrfifo_inst/inst_fifo_gen/gconvfifo.rf/grf.rf/gntv_or_sync_fifo.gcx.clkx/gnxpm_cdc.gsync_stage[1].wr_stg_inst/Q_reg_reg[1]/C
  -------------------------------------------------------------------    -------------------
    SLICE_X84Y94         FDCE (Prop_fdce_C_Q)         0.141     1.788 r  dbg_hub/inst/BSCANID.u_xsdbm_id/CORE_XSDB.UUT_MASTER/U_ICON_INTERFACE/U_CMD6_WR/U_WR_FIFO/SUBCORE_FIFO.xsdbm_v3_0_0_wrfifo_inst/inst_fifo_gen/gconvfifo.rf/grf.rf/gntv_or_sync_fifo.gcx.clkx/gnxpm_cdc.gsync_stage[1].wr_stg_inst/Q_reg_reg[1]/Q
                         net (fo=1, routed)           0.059     1.847    dbg_hub/inst/BSCANID.u_xsdbm_id/CORE_XSDB.UUT_MASTER/U_ICON_INTERFACE/U_CMD6_WR/U_WR_FIFO/SUBCORE_FIFO.xsdbm_v3_0_0_wrfifo_inst/inst_fifo_gen/gconvfifo.rf/grf.rf/gntv_or_sync_fifo.gcx.clkx/gnxpm_cdc.gsync_stage[2].wr_stg_inst/Q_reg_reg[3]_0[1]
    SLICE_X84Y94         FDCE                                         r  dbg_hub/inst/BSCANID.u_xsdbm_id/CORE_XSDB.UUT_MASTER/U_ICON_INTERFACE/U_CMD6_WR/U_WR_FIFO/SUBCORE_FIFO.xsdbm_v3_0_0_wrfifo_inst/inst_fifo_gen/gconvfifo.rf/grf.rf/gntv_or_sync_fifo.gcx.clkx/gnxpm_cdc.gsync_stage[2].wr_stg_inst/Q_reg_reg[1]/D
  -------------------------------------------------------------------    -------------------

                         (clock dbg_hub/inst/BSCANID.u_xsdbm_id/SWITCH_N_EXT_BSCAN.bscan_inst/SERIES7_BSCAN.bscan_inst/TCK rise edge)
                                                      0.000     0.000 r  
    BSCAN_X0Y0           BSCANE2                      0.000     0.000 r  dbg_hub/inst/BSCANID.u_xsdbm_id/SWITCH_N_EXT_BSCAN.bscan_inst/SERIES7_BSCAN.bscan_inst/TCK
                         net (fo=1, routed)           1.170     1.170    dbg_hub/inst/BSCANID.u_xsdbm_id/tck_bs
    BUFGCTRL_X0Y1        BUFG (Prop_bufg_I_O)         0.029     1.199 r  dbg_hub/inst/BSCANID.u_xsdbm_id/SWITCH_N_EXT_BSCAN.u_bufg_icon_tck/O
                         net (fo=486, routed)         0.854     2.053    dbg_hub/inst/BSCANID.u_xsdbm_id/CORE_XSDB.UUT_MASTER/U_ICON_INTERFACE/U_CMD6_WR/U_WR_FIFO/SUBCORE_FIFO.xsdbm_v3_0_0_wrfifo_inst/inst_fifo_gen/gconvfifo.rf/grf.rf/gntv_or_sync_fifo.gcx.clkx/gnxpm_cdc.gsync_stage[2].wr_stg_inst/wr_clk
    SLICE_X84Y94         FDCE                                         r  dbg_hub/inst/BSCANID.u_xsdbm_id/CORE_XSDB.UUT_MASTER/U_ICON_INTERFACE/U_CMD6_WR/U_WR_FIFO/SUBCORE_FIFO.xsdbm_v3_0_0_wrfifo_inst/inst_fifo_gen/gconvfifo.rf/grf.rf/gntv_or_sync_fifo.gcx.clkx/gnxpm_cdc.gsync_stage[2].wr_stg_inst/Q_reg_reg[1]/C
                         clock pessimism             -0.406     1.647    
    SLICE_X84Y94         FDCE (Hold_fdce_C_D)         0.076     1.723    dbg_hub/inst/BSCANID.u_xsdbm_id/CORE_XSDB.UUT_MASTER/U_ICON_INTERFACE/U_CMD6_WR/U_WR_FIFO/SUBCORE_FIFO.xsdbm_v3_0_0_wrfifo_inst/inst_fifo_gen/gconvfifo.rf/grf.rf/gntv_or_sync_fifo.gcx.clkx/gnxpm_cdc.gsync_stage[2].wr_stg_inst/Q_reg_reg[1]
  -------------------------------------------------------------------
                         required time                         -1.723    
                         arrival time                           1.847    
  -------------------------------------------------------------------
                         slack                                  0.124    

Slack (MET) :             0.125ns  (arrival time - required time)
  Source:                 dbg_hub/inst/BSCANID.u_xsdbm_id/CORE_XSDB.UUT_MASTER/U_ICON_INTERFACE/U_CMD5/shift_reg_in_reg[9]/C
                            (rising edge-triggered cell FDRE clocked by dbg_hub/inst/BSCANID.u_xsdbm_id/SWITCH_N_EXT_BSCAN.bscan_inst/SERIES7_BSCAN.bscan_inst/TCK  {rise@0.000ns fall@16.500ns period=33.000ns})
  Destination:            dbg_hub/inst/BSCANID.u_xsdbm_id/CORE_XSDB.UUT_MASTER/U_ICON_INTERFACE/U_CMD5/shift_reg_in_reg[8]/D
                            (rising edge-triggered cell FDRE clocked by dbg_hub/inst/BSCANID.u_xsdbm_id/SWITCH_N_EXT_BSCAN.bscan_inst/SERIES7_BSCAN.bscan_inst/TCK  {rise@0.000ns fall@16.500ns period=33.000ns})
  Path Group:             dbg_hub/inst/BSCANID.u_xsdbm_id/SWITCH_N_EXT_BSCAN.bscan_inst/SERIES7_BSCAN.bscan_inst/TCK
  Path Type:              Hold (Min at Fast Process Corner)
  Requirement:            0.000ns  (dbg_hub/inst/BSCANID.u_xsdbm_id/SWITCH_N_EXT_BSCAN.bscan_inst/SERIES7_BSCAN.bscan_inst/TCK rise@0.000ns - dbg_hub/inst/BSCANID.u_xsdbm_id/SWITCH_N_EXT_BSCAN.bscan_inst/SERIES7_BSCAN.bscan_inst/TCK rise@0.000ns)
  Data Path Delay:        0.203ns  (logic 0.141ns (69.572%)  route 0.062ns (30.428%))
  Logic Levels:           0  
  Clock Path Skew:        0.000ns (DCD - SCD - CPR)
    Destination Clock Delay (DCD):    2.048ns
    Source Clock Delay      (SCD):    1.642ns
    Clock Pessimism Removal (CPR):    0.406ns

    Location             Delay type                Incr(ns)  Path(ns)    Netlist Resource(s)
  -------------------------------------------------------------------    -------------------
                         (clock dbg_hub/inst/BSCANID.u_xsdbm_id/SWITCH_N_EXT_BSCAN.bscan_inst/SERIES7_BSCAN.bscan_inst/TCK rise edge)
                                                      0.000     0.000 r  
    BSCAN_X0Y0           BSCANE2                      0.000     0.000 r  dbg_hub/inst/BSCANID.u_xsdbm_id/SWITCH_N_EXT_BSCAN.bscan_inst/SERIES7_BSCAN.bscan_inst/TCK
                         net (fo=1, routed)           1.036     1.036    dbg_hub/inst/BSCANID.u_xsdbm_id/tck_bs
    BUFGCTRL_X0Y1        BUFG (Prop_bufg_I_O)         0.026     1.062 r  dbg_hub/inst/BSCANID.u_xsdbm_id/SWITCH_N_EXT_BSCAN.u_bufg_icon_tck/O
                         net (fo=486, routed)         0.580     1.642    dbg_hub/inst/BSCANID.u_xsdbm_id/CORE_XSDB.UUT_MASTER/U_ICON_INTERFACE/U_CMD5/m_bscan_tck[0]
    SLICE_X64Y91         FDRE                                         r  dbg_hub/inst/BSCANID.u_xsdbm_id/CORE_XSDB.UUT_MASTER/U_ICON_INTERFACE/U_CMD5/shift_reg_in_reg[9]/C
  -------------------------------------------------------------------    -------------------
    SLICE_X64Y91         FDRE (Prop_fdre_C_Q)         0.141     1.783 r  dbg_hub/inst/BSCANID.u_xsdbm_id/CORE_XSDB.UUT_MASTER/U_ICON_INTERFACE/U_CMD5/shift_reg_in_reg[9]/Q
                         net (fo=2, routed)           0.062     1.845    dbg_hub/inst/BSCANID.u_xsdbm_id/CORE_XSDB.UUT_MASTER/U_ICON_INTERFACE/U_CMD5/shift_reg_in[9]
    SLICE_X64Y91         FDRE                                         r  dbg_hub/inst/BSCANID.u_xsdbm_id/CORE_XSDB.UUT_MASTER/U_ICON_INTERFACE/U_CMD5/shift_reg_in_reg[8]/D
  -------------------------------------------------------------------    -------------------

                         (clock dbg_hub/inst/BSCANID.u_xsdbm_id/SWITCH_N_EXT_BSCAN.bscan_inst/SERIES7_BSCAN.bscan_inst/TCK rise edge)
                                                      0.000     0.000 r  
    BSCAN_X0Y0           BSCANE2                      0.000     0.000 r  dbg_hub/inst/BSCANID.u_xsdbm_id/SWITCH_N_EXT_BSCAN.bscan_inst/SERIES7_BSCAN.bscan_inst/TCK
                         net (fo=1, routed)           1.170     1.170    dbg_hub/inst/BSCANID.u_xsdbm_id/tck_bs
    BUFGCTRL_X0Y1        BUFG (Prop_bufg_I_O)         0.029     1.199 r  dbg_hub/inst/BSCANID.u_xsdbm_id/SWITCH_N_EXT_BSCAN.u_bufg_icon_tck/O
                         net (fo=486, routed)         0.849     2.048    dbg_hub/inst/BSCANID.u_xsdbm_id/CORE_XSDB.UUT_MASTER/U_ICON_INTERFACE/U_CMD5/m_bscan_tck[0]
    SLICE_X64Y91         FDRE                                         r  dbg_hub/inst/BSCANID.u_xsdbm_id/CORE_XSDB.UUT_MASTER/U_ICON_INTERFACE/U_CMD5/shift_reg_in_reg[8]/C
                         clock pessimism             -0.406     1.642    
    SLICE_X64Y91         FDRE (Hold_fdre_C_D)         0.078     1.720    dbg_hub/inst/BSCANID.u_xsdbm_id/CORE_XSDB.UUT_MASTER/U_ICON_INTERFACE/U_CMD5/shift_reg_in_reg[8]
  -------------------------------------------------------------------
                         required time                         -1.720    
                         arrival time                           1.845    
  -------------------------------------------------------------------
                         slack                                  0.125    

Slack (MET) :             0.125ns  (arrival time - required time)
  Source:                 dbg_hub/inst/BSCANID.u_xsdbm_id/CORE_XSDB.UUT_MASTER/U_ICON_INTERFACE/U_CMD6_WR/U_WR_FIFO/SUBCORE_FIFO.xsdbm_v3_0_0_wrfifo_inst/inst_fifo_gen/gconvfifo.rf/grf.rf/gntv_or_sync_fifo.gcx.clkx/gnxpm_cdc.gsync_stage[1].wr_stg_inst/Q_reg_reg[2]/C
                            (rising edge-triggered cell FDCE clocked by dbg_hub/inst/BSCANID.u_xsdbm_id/SWITCH_N_EXT_BSCAN.bscan_inst/SERIES7_BSCAN.bscan_inst/TCK  {rise@0.000ns fall@16.500ns period=33.000ns})
  Destination:            dbg_hub/inst/BSCANID.u_xsdbm_id/CORE_XSDB.UUT_MASTER/U_ICON_INTERFACE/U_CMD6_WR/U_WR_FIFO/SUBCORE_FIFO.xsdbm_v3_0_0_wrfifo_inst/inst_fifo_gen/gconvfifo.rf/grf.rf/gntv_or_sync_fifo.gcx.clkx/gnxpm_cdc.gsync_stage[2].wr_stg_inst/Q_reg_reg[2]/D
                            (rising edge-triggered cell FDCE clocked by dbg_hub/inst/BSCANID.u_xsdbm_id/SWITCH_N_EXT_BSCAN.bscan_inst/SERIES7_BSCAN.bscan_inst/TCK  {rise@0.000ns fall@16.500ns period=33.000ns})
  Path Group:             dbg_hub/inst/BSCANID.u_xsdbm_id/SWITCH_N_EXT_BSCAN.bscan_inst/SERIES7_BSCAN.bscan_inst/TCK
  Path Type:              Hold (Min at Fast Process Corner)
  Requirement:            0.000ns  (dbg_hub/inst/BSCANID.u_xsdbm_id/SWITCH_N_EXT_BSCAN.bscan_inst/SERIES7_BSCAN.bscan_inst/TCK rise@0.000ns - dbg_hub/inst/BSCANID.u_xsdbm_id/SWITCH_N_EXT_BSCAN.bscan_inst/SERIES7_BSCAN.bscan_inst/TCK rise@0.000ns)
  Data Path Delay:        0.203ns  (logic 0.141ns (69.572%)  route 0.062ns (30.428%))
  Logic Levels:           0  
  Clock Path Skew:        0.000ns (DCD - SCD - CPR)
    Destination Clock Delay (DCD):    2.053ns
    Source Clock Delay      (SCD):    1.647ns
    Clock Pessimism Removal (CPR):    0.406ns

    Location             Delay type                Incr(ns)  Path(ns)    Netlist Resource(s)
  -------------------------------------------------------------------    -------------------
                         (clock dbg_hub/inst/BSCANID.u_xsdbm_id/SWITCH_N_EXT_BSCAN.bscan_inst/SERIES7_BSCAN.bscan_inst/TCK rise edge)
                                                      0.000     0.000 r  
    BSCAN_X0Y0           BSCANE2                      0.000     0.000 r  dbg_hub/inst/BSCANID.u_xsdbm_id/SWITCH_N_EXT_BSCAN.bscan_inst/SERIES7_BSCAN.bscan_inst/TCK
                         net (fo=1, routed)           1.036     1.036    dbg_hub/inst/BSCANID.u_xsdbm_id/tck_bs
    BUFGCTRL_X0Y1        BUFG (Prop_bufg_I_O)         0.026     1.062 r  dbg_hub/inst/BSCANID.u_xsdbm_id/SWITCH_N_EXT_BSCAN.u_bufg_icon_tck/O
                         net (fo=486, routed)         0.585     1.647    dbg_hub/inst/BSCANID.u_xsdbm_id/CORE_XSDB.UUT_MASTER/U_ICON_INTERFACE/U_CMD6_WR/U_WR_FIFO/SUBCORE_FIFO.xsdbm_v3_0_0_wrfifo_inst/inst_fifo_gen/gconvfifo.rf/grf.rf/gntv_or_sync_fifo.gcx.clkx/gnxpm_cdc.gsync_stage[1].wr_stg_inst/wr_clk
    SLICE_X84Y94         FDCE                                         r  dbg_hub/inst/BSCANID.u_xsdbm_id/CORE_XSDB.UUT_MASTER/U_ICON_INTERFACE/U_CMD6_WR/U_WR_FIFO/SUBCORE_FIFO.xsdbm_v3_0_0_wrfifo_inst/inst_fifo_gen/gconvfifo.rf/grf.rf/gntv_or_sync_fifo.gcx.clkx/gnxpm_cdc.gsync_stage[1].wr_stg_inst/Q_reg_reg[2]/C
  -------------------------------------------------------------------    -------------------
    SLICE_X84Y94         FDCE (Prop_fdce_C_Q)         0.141     1.788 r  dbg_hub/inst/BSCANID.u_xsdbm_id/CORE_XSDB.UUT_MASTER/U_ICON_INTERFACE/U_CMD6_WR/U_WR_FIFO/SUBCORE_FIFO.xsdbm_v3_0_0_wrfifo_inst/inst_fifo_gen/gconvfifo.rf/grf.rf/gntv_or_sync_fifo.gcx.clkx/gnxpm_cdc.gsync_stage[1].wr_stg_inst/Q_reg_reg[2]/Q
                         net (fo=1, routed)           0.062     1.850    dbg_hub/inst/BSCANID.u_xsdbm_id/CORE_XSDB.UUT_MASTER/U_ICON_INTERFACE/U_CMD6_WR/U_WR_FIFO/SUBCORE_FIFO.xsdbm_v3_0_0_wrfifo_inst/inst_fifo_gen/gconvfifo.rf/grf.rf/gntv_or_sync_fifo.gcx.clkx/gnxpm_cdc.gsync_stage[2].wr_stg_inst/Q_reg_reg[3]_0[2]
    SLICE_X84Y94         FDCE                                         r  dbg_hub/inst/BSCANID.u_xsdbm_id/CORE_XSDB.UUT_MASTER/U_ICON_INTERFACE/U_CMD6_WR/U_WR_FIFO/SUBCORE_FIFO.xsdbm_v3_0_0_wrfifo_inst/inst_fifo_gen/gconvfifo.rf/grf.rf/gntv_or_sync_fifo.gcx.clkx/gnxpm_cdc.gsync_stage[2].wr_stg_inst/Q_reg_reg[2]/D
  -------------------------------------------------------------------    -------------------

                         (clock dbg_hub/inst/BSCANID.u_xsdbm_id/SWITCH_N_EXT_BSCAN.bscan_inst/SERIES7_BSCAN.bscan_inst/TCK rise edge)
                                                      0.000     0.000 r  
    BSCAN_X0Y0           BSCANE2                      0.000     0.000 r  dbg_hub/inst/BSCANID.u_xsdbm_id/SWITCH_N_EXT_BSCAN.bscan_inst/SERIES7_BSCAN.bscan_inst/TCK
                         net (fo=1, routed)           1.170     1.170    dbg_hub/inst/BSCANID.u_xsdbm_id/tck_bs
    BUFGCTRL_X0Y1        BUFG (Prop_bufg_I_O)         0.029     1.199 r  dbg_hub/inst/BSCANID.u_xsdbm_id/SWITCH_N_EXT_BSCAN.u_bufg_icon_tck/O
                         net (fo=486, routed)         0.854     2.053    dbg_hub/inst/BSCANID.u_xsdbm_id/CORE_XSDB.UUT_MASTER/U_ICON_INTERFACE/U_CMD6_WR/U_WR_FIFO/SUBCORE_FIFO.xsdbm_v3_0_0_wrfifo_inst/inst_fifo_gen/gconvfifo.rf/grf.rf/gntv_or_sync_fifo.gcx.clkx/gnxpm_cdc.gsync_stage[2].wr_stg_inst/wr_clk
    SLICE_X84Y94         FDCE                                         r  dbg_hub/inst/BSCANID.u_xsdbm_id/CORE_XSDB.UUT_MASTER/U_ICON_INTERFACE/U_CMD6_WR/U_WR_FIFO/SUBCORE_FIFO.xsdbm_v3_0_0_wrfifo_inst/inst_fifo_gen/gconvfifo.rf/grf.rf/gntv_or_sync_fifo.gcx.clkx/gnxpm_cdc.gsync_stage[2].wr_stg_inst/Q_reg_reg[2]/C
                         clock pessimism             -0.406     1.647    
    SLICE_X84Y94         FDCE (Hold_fdce_C_D)         0.078     1.725    dbg_hub/inst/BSCANID.u_xsdbm_id/CORE_XSDB.UUT_MASTER/U_ICON_INTERFACE/U_CMD6_WR/U_WR_FIFO/SUBCORE_FIFO.xsdbm_v3_0_0_wrfifo_inst/inst_fifo_gen/gconvfifo.rf/grf.rf/gntv_or_sync_fifo.gcx.clkx/gnxpm_cdc.gsync_stage[2].wr_stg_inst/Q_reg_reg[2]
  -------------------------------------------------------------------
                         required time                         -1.725    
                         arrival time                           1.850    
  -------------------------------------------------------------------
                         slack                                  0.125    

Slack (MET) :             0.126ns  (arrival time - required time)
  Source:                 dbg_hub/inst/BSCANID.u_xsdbm_id/CORE_XSDB.UUT_MASTER/U_ICON_INTERFACE/U_CMD4/shift_reg_in_reg[15]/C
                            (rising edge-triggered cell FDRE clocked by dbg_hub/inst/BSCANID.u_xsdbm_id/SWITCH_N_EXT_BSCAN.bscan_inst/SERIES7_BSCAN.bscan_inst/TCK  {rise@0.000ns fall@16.500ns period=33.000ns})
  Destination:            dbg_hub/inst/BSCANID.u_xsdbm_id/CORE_XSDB.UUT_MASTER/U_ICON_INTERFACE/U_CMD4/shift_reg_in_reg[14]/D
                            (rising edge-triggered cell FDRE clocked by dbg_hub/inst/BSCANID.u_xsdbm_id/SWITCH_N_EXT_BSCAN.bscan_inst/SERIES7_BSCAN.bscan_inst/TCK  {rise@0.000ns fall@16.500ns period=33.000ns})
  Path Group:             dbg_hub/inst/BSCANID.u_xsdbm_id/SWITCH_N_EXT_BSCAN.bscan_inst/SERIES7_BSCAN.bscan_inst/TCK
  Path Type:              Hold (Min at Fast Process Corner)
  Requirement:            0.000ns  (dbg_hub/inst/BSCANID.u_xsdbm_id/SWITCH_N_EXT_BSCAN.bscan_inst/SERIES7_BSCAN.bscan_inst/TCK rise@0.000ns - dbg_hub/inst/BSCANID.u_xsdbm_id/SWITCH_N_EXT_BSCAN.bscan_inst/SERIES7_BSCAN.bscan_inst/TCK rise@0.000ns)
  Data Path Delay:        0.197ns  (logic 0.141ns (71.611%)  route 0.056ns (28.389%))
  Logic Levels:           0  
  Clock Path Skew:        0.000ns (DCD - SCD - CPR)
    Destination Clock Delay (DCD):    2.046ns
    Source Clock Delay      (SCD):    1.639ns
    Clock Pessimism Removal (CPR):    0.407ns

    Location             Delay type                Incr(ns)  Path(ns)    Netlist Resource(s)
  -------------------------------------------------------------------    -------------------
                         (clock dbg_hub/inst/BSCANID.u_xsdbm_id/SWITCH_N_EXT_BSCAN.bscan_inst/SERIES7_BSCAN.bscan_inst/TCK rise edge)
                                                      0.000     0.000 r  
    BSCAN_X0Y0           BSCANE2                      0.000     0.000 r  dbg_hub/inst/BSCANID.u_xsdbm_id/SWITCH_N_EXT_BSCAN.bscan_inst/SERIES7_BSCAN.bscan_inst/TCK
                         net (fo=1, routed)           1.036     1.036    dbg_hub/inst/BSCANID.u_xsdbm_id/tck_bs
    BUFGCTRL_X0Y1        BUFG (Prop_bufg_I_O)         0.026     1.062 r  dbg_hub/inst/BSCANID.u_xsdbm_id/SWITCH_N_EXT_BSCAN.u_bufg_icon_tck/O
                         net (fo=486, routed)         0.577     1.639    dbg_hub/inst/BSCANID.u_xsdbm_id/CORE_XSDB.UUT_MASTER/U_ICON_INTERFACE/U_CMD4/m_bscan_tck[0]
    SLICE_X57Y89         FDRE                                         r  dbg_hub/inst/BSCANID.u_xsdbm_id/CORE_XSDB.UUT_MASTER/U_ICON_INTERFACE/U_CMD4/shift_reg_in_reg[15]/C
  -------------------------------------------------------------------    -------------------
    SLICE_X57Y89         FDRE (Prop_fdre_C_Q)         0.141     1.780 r  dbg_hub/inst/BSCANID.u_xsdbm_id/CORE_XSDB.UUT_MASTER/U_ICON_INTERFACE/U_CMD4/shift_reg_in_reg[15]/Q
                         net (fo=2, routed)           0.056     1.836    dbg_hub/inst/BSCANID.u_xsdbm_id/CORE_XSDB.UUT_MASTER/U_ICON_INTERFACE/U_CMD4/shift_reg_in[15]
    SLICE_X57Y89         FDRE                                         r  dbg_hub/inst/BSCANID.u_xsdbm_id/CORE_XSDB.UUT_MASTER/U_ICON_INTERFACE/U_CMD4/shift_reg_in_reg[14]/D
  -------------------------------------------------------------------    -------------------

                         (clock dbg_hub/inst/BSCANID.u_xsdbm_id/SWITCH_N_EXT_BSCAN.bscan_inst/SERIES7_BSCAN.bscan_inst/TCK rise edge)
                                                      0.000     0.000 r  
    BSCAN_X0Y0           BSCANE2                      0.000     0.000 r  dbg_hub/inst/BSCANID.u_xsdbm_id/SWITCH_N_EXT_BSCAN.bscan_inst/SERIES7_BSCAN.bscan_inst/TCK
                         net (fo=1, routed)           1.170     1.170    dbg_hub/inst/BSCANID.u_xsdbm_id/tck_bs
    BUFGCTRL_X0Y1        BUFG (Prop_bufg_I_O)         0.029     1.199 r  dbg_hub/inst/BSCANID.u_xsdbm_id/SWITCH_N_EXT_BSCAN.u_bufg_icon_tck/O
                         net (fo=486, routed)         0.847     2.046    dbg_hub/inst/BSCANID.u_xsdbm_id/CORE_XSDB.UUT_MASTER/U_ICON_INTERFACE/U_CMD4/m_bscan_tck[0]
    SLICE_X57Y89         FDRE                                         r  dbg_hub/inst/BSCANID.u_xsdbm_id/CORE_XSDB.UUT_MASTER/U_ICON_INTERFACE/U_CMD4/shift_reg_in_reg[14]/C
                         clock pessimism             -0.407     1.639    
    SLICE_X57Y89         FDRE (Hold_fdre_C_D)         0.071     1.710    dbg_hub/inst/BSCANID.u_xsdbm_id/CORE_XSDB.UUT_MASTER/U_ICON_INTERFACE/U_CMD4/shift_reg_in_reg[14]
  -------------------------------------------------------------------
                         required time                         -1.710    
                         arrival time                           1.836    
  -------------------------------------------------------------------
                         slack                                  0.126    

Slack (MET) :             0.126ns  (arrival time - required time)
  Source:                 dbg_hub/inst/BSCANID.u_xsdbm_id/CORE_XSDB.UUT_MASTER/U_ICON_INTERFACE/U_CMD4/shift_reg_in_reg[3]/C
                            (rising edge-triggered cell FDRE clocked by dbg_hub/inst/BSCANID.u_xsdbm_id/SWITCH_N_EXT_BSCAN.bscan_inst/SERIES7_BSCAN.bscan_inst/TCK  {rise@0.000ns fall@16.500ns period=33.000ns})
  Destination:            dbg_hub/inst/BSCANID.u_xsdbm_id/CORE_XSDB.UUT_MASTER/U_ICON_INTERFACE/U_CMD4/shift_reg_in_reg[2]/D
                            (rising edge-triggered cell FDRE clocked by dbg_hub/inst/BSCANID.u_xsdbm_id/SWITCH_N_EXT_BSCAN.bscan_inst/SERIES7_BSCAN.bscan_inst/TCK  {rise@0.000ns fall@16.500ns period=33.000ns})
  Path Group:             dbg_hub/inst/BSCANID.u_xsdbm_id/SWITCH_N_EXT_BSCAN.bscan_inst/SERIES7_BSCAN.bscan_inst/TCK
  Path Type:              Hold (Min at Fast Process Corner)
  Requirement:            0.000ns  (dbg_hub/inst/BSCANID.u_xsdbm_id/SWITCH_N_EXT_BSCAN.bscan_inst/SERIES7_BSCAN.bscan_inst/TCK rise@0.000ns - dbg_hub/inst/BSCANID.u_xsdbm_id/SWITCH_N_EXT_BSCAN.bscan_inst/SERIES7_BSCAN.bscan_inst/TCK rise@0.000ns)
  Data Path Delay:        0.197ns  (logic 0.141ns (71.611%)  route 0.056ns (28.389%))
  Logic Levels:           0  
  Clock Path Skew:        0.000ns (DCD - SCD - CPR)
    Destination Clock Delay (DCD):    2.047ns
    Source Clock Delay      (SCD):    1.640ns
    Clock Pessimism Removal (CPR):    0.407ns

    Location             Delay type                Incr(ns)  Path(ns)    Netlist Resource(s)
  -------------------------------------------------------------------    -------------------
                         (clock dbg_hub/inst/BSCANID.u_xsdbm_id/SWITCH_N_EXT_BSCAN.bscan_inst/SERIES7_BSCAN.bscan_inst/TCK rise edge)
                                                      0.000     0.000 r  
    BSCAN_X0Y0           BSCANE2                      0.000     0.000 r  dbg_hub/inst/BSCANID.u_xsdbm_id/SWITCH_N_EXT_BSCAN.bscan_inst/SERIES7_BSCAN.bscan_inst/TCK
                         net (fo=1, routed)           1.036     1.036    dbg_hub/inst/BSCANID.u_xsdbm_id/tck_bs
    BUFGCTRL_X0Y1        BUFG (Prop_bufg_I_O)         0.026     1.062 r  dbg_hub/inst/BSCANID.u_xsdbm_id/SWITCH_N_EXT_BSCAN.u_bufg_icon_tck/O
                         net (fo=486, routed)         0.578     1.640    dbg_hub/inst/BSCANID.u_xsdbm_id/CORE_XSDB.UUT_MASTER/U_ICON_INTERFACE/U_CMD4/m_bscan_tck[0]
    SLICE_X57Y91         FDRE                                         r  dbg_hub/inst/BSCANID.u_xsdbm_id/CORE_XSDB.UUT_MASTER/U_ICON_INTERFACE/U_CMD4/shift_reg_in_reg[3]/C
  -------------------------------------------------------------------    -------------------
    SLICE_X57Y91         FDRE (Prop_fdre_C_Q)         0.141     1.781 r  dbg_hub/inst/BSCANID.u_xsdbm_id/CORE_XSDB.UUT_MASTER/U_ICON_INTERFACE/U_CMD4/shift_reg_in_reg[3]/Q
                         net (fo=2, routed)           0.056     1.837    dbg_hub/inst/BSCANID.u_xsdbm_id/CORE_XSDB.UUT_MASTER/U_ICON_INTERFACE/U_CMD4/shift_reg_in[3]
    SLICE_X57Y91         FDRE                                         r  dbg_hub/inst/BSCANID.u_xsdbm_id/CORE_XSDB.UUT_MASTER/U_ICON_INTERFACE/U_CMD4/shift_reg_in_reg[2]/D
  -------------------------------------------------------------------    -------------------

                         (clock dbg_hub/inst/BSCANID.u_xsdbm_id/SWITCH_N_EXT_BSCAN.bscan_inst/SERIES7_BSCAN.bscan_inst/TCK rise edge)
                                                      0.000     0.000 r  
    BSCAN_X0Y0           BSCANE2                      0.000     0.000 r  dbg_hub/inst/BSCANID.u_xsdbm_id/SWITCH_N_EXT_BSCAN.bscan_inst/SERIES7_BSCAN.bscan_inst/TCK
                         net (fo=1, routed)           1.170     1.170    dbg_hub/inst/BSCANID.u_xsdbm_id/tck_bs
    BUFGCTRL_X0Y1        BUFG (Prop_bufg_I_O)         0.029     1.199 r  dbg_hub/inst/BSCANID.u_xsdbm_id/SWITCH_N_EXT_BSCAN.u_bufg_icon_tck/O
                         net (fo=486, routed)         0.848     2.047    dbg_hub/inst/BSCANID.u_xsdbm_id/CORE_XSDB.UUT_MASTER/U_ICON_INTERFACE/U_CMD4/m_bscan_tck[0]
    SLICE_X57Y91         FDRE                                         r  dbg_hub/inst/BSCANID.u_xsdbm_id/CORE_XSDB.UUT_MASTER/U_ICON_INTERFACE/U_CMD4/shift_reg_in_reg[2]/C
                         clock pessimism             -0.407     1.640    
    SLICE_X57Y91         FDRE (Hold_fdre_C_D)         0.071     1.711    dbg_hub/inst/BSCANID.u_xsdbm_id/CORE_XSDB.UUT_MASTER/U_ICON_INTERFACE/U_CMD4/shift_reg_in_reg[2]
  -------------------------------------------------------------------
                         required time                         -1.711    
                         arrival time                           1.837    
  -------------------------------------------------------------------
                         slack                                  0.126    





Pulse Width Checks
--------------------------------------------------------------------------------------
Clock Name:         dbg_hub/inst/BSCANID.u_xsdbm_id/SWITCH_N_EXT_BSCAN.bscan_inst/SERIES7_BSCAN.bscan_inst/TCK
Waveform(ns):       { 0.000 16.500 }
Period(ns):         33.000
Sources:            { dbg_hub/inst/BSCANID.u_xsdbm_id/SWITCH_N_EXT_BSCAN.bscan_inst/SERIES7_BSCAN.bscan_inst/TCK }

Check Type        Corner  Lib Pin     Reference Pin  Required(ns)  Actual(ns)  Slack(ns)  Location       Pin
Min Period        n/a     BUFG/I      n/a            2.155         33.000      30.845     BUFGCTRL_X0Y1  dbg_hub/inst/BSCANID.u_xsdbm_id/SWITCH_N_EXT_BSCAN.u_bufg_icon_tck/I
Min Period        n/a     FDRE/C      n/a            1.000         33.000      32.000     SLICE_X62Y94   dbg_hub/inst/BSCANID.u_xsdbm_id/CORE_XSDB.UUT_MASTER/U_ICON_INTERFACE/U_CMD1/icn_cmd_din_temp_reg/C
Min Period        n/a     FDRE/C      n/a            1.000         33.000      32.000     SLICE_X60Y94   dbg_hub/inst/BSCANID.u_xsdbm_id/CORE_XSDB.UUT_MASTER/U_ICON_INTERFACE/U_CMD1/icn_cmd_en_temp_reg/C
Min Period        n/a     FDRE/C      n/a            1.000         33.000      32.000     SLICE_X64Y94   dbg_hub/inst/BSCANID.u_xsdbm_id/CORE_XSDB.UUT_MASTER/U_ICON_INTERFACE/U_CMD1/shift_reg_in_reg[0]/C
Min Period        n/a     FDRE/C      n/a            1.000         33.000      32.000     SLICE_X64Y94   dbg_hub/inst/BSCANID.u_xsdbm_id/CORE_XSDB.UUT_MASTER/U_ICON_INTERFACE/U_CMD1/shift_reg_in_reg[1]/C
Min Period        n/a     FDRE/C      n/a            1.000         33.000      32.000     SLICE_X64Y94   dbg_hub/inst/BSCANID.u_xsdbm_id/CORE_XSDB.UUT_MASTER/U_ICON_INTERFACE/U_CMD1/shift_reg_in_reg[2]/C
Min Period        n/a     FDRE/C      n/a            1.000         33.000      32.000     SLICE_X61Y96   dbg_hub/inst/BSCANID.u_xsdbm_id/CORE_XSDB.UUT_MASTER/U_ICON_INTERFACE/U_CMD2/icn_cmd_din_temp_reg/C
Min Period        n/a     FDPE/C      n/a            1.000         33.000      32.000     SLICE_X57Y82   dbg_hub/inst/BSCANID.u_xsdbm_id/CORE_XSDB.UUT_MASTER/U_ICON_INTERFACE/U_CMD6_RD/U_RD_FIFO/SUBCORE_FIFO.xsdbm_v3_0_0_rdfifo_inst/inst_fifo_gen/gconvfifo.rf/grf.rf/gntv_or_sync_fifo.gl0.rd/gras.rsts/ram_empty_fb_i_reg/C
Min Period        n/a     FDPE/C      n/a            1.000         33.000      32.000     SLICE_X57Y82   dbg_hub/inst/BSCANID.u_xsdbm_id/CORE_XSDB.UUT_MASTER/U_ICON_INTERFACE/U_CMD6_RD/U_RD_FIFO/SUBCORE_FIFO.xsdbm_v3_0_0_rdfifo_inst/inst_fifo_gen/gconvfifo.rf/grf.rf/gntv_or_sync_fifo.gl0.rd/gras.rsts/ram_empty_i_reg/C
Min Period        n/a     FDRE/C      n/a            1.000         33.000      32.000     SLICE_X58Y83   dbg_hub/inst/BSCANID.u_xsdbm_id/CORE_XSDB.UUT_MASTER/U_ICON_INTERFACE/U_CMD6_RD/U_RD_FIFO/SUBCORE_FIFO.xsdbm_v3_0_0_rdfifo_inst/inst_fifo_gen/gconvfifo.rf/grf.rf/gntv_or_sync_fifo.gl0.rd/grhf.rhf/guf.guf1.underflow_i_reg/C
Low Pulse Width   Fast    RAMD32/CLK  n/a            1.250         16.500      15.250     SLICE_X82Y90   dbg_hub/inst/BSCANID.u_xsdbm_id/CORE_XSDB.UUT_MASTER/U_ICON_INTERFACE/U_CMD6_WR/U_WR_FIFO/SUBCORE_FIFO.xsdbm_v3_0_0_wrfifo_inst/inst_fifo_gen/gconvfifo.rf/grf.rf/gntv_or_sync_fifo.mem/gdm.dm_gen.dm/RAM_reg_0_15_0_5/RAMA/CLK
Low Pulse Width   Fast    RAMD32/CLK  n/a            1.250         16.500      15.250     SLICE_X82Y90   dbg_hub/inst/BSCANID.u_xsdbm_id/CORE_XSDB.UUT_MASTER/U_ICON_INTERFACE/U_CMD6_WR/U_WR_FIFO/SUBCORE_FIFO.xsdbm_v3_0_0_wrfifo_inst/inst_fifo_gen/gconvfifo.rf/grf.rf/gntv_or_sync_fifo.mem/gdm.dm_gen.dm/RAM_reg_0_15_0_5/RAMA_D1/CLK
Low Pulse Width   Fast    RAMD32/CLK  n/a            1.250         16.500      15.250     SLICE_X82Y90   dbg_hub/inst/BSCANID.u_xsdbm_id/CORE_XSDB.UUT_MASTER/U_ICON_INTERFACE/U_CMD6_WR/U_WR_FIFO/SUBCORE_FIFO.xsdbm_v3_0_0_wrfifo_inst/inst_fifo_gen/gconvfifo.rf/grf.rf/gntv_or_sync_fifo.mem/gdm.dm_gen.dm/RAM_reg_0_15_0_5/RAMB/CLK
Low Pulse Width   Fast    RAMD32/CLK  n/a            1.250         16.500      15.250     SLICE_X82Y90   dbg_hub/inst/BSCANID.u_xsdbm_id/CORE_XSDB.UUT_MASTER/U_ICON_INTERFACE/U_CMD6_WR/U_WR_FIFO/SUBCORE_FIFO.xsdbm_v3_0_0_wrfifo_inst/inst_fifo_gen/gconvfifo.rf/grf.rf/gntv_or_sync_fifo.mem/gdm.dm_gen.dm/RAM_reg_0_15_0_5/RAMB_D1/CLK
Low Pulse Width   Fast    RAMD32/CLK  n/a            1.250         16.500      15.250     SLICE_X82Y90   dbg_hub/inst/BSCANID.u_xsdbm_id/CORE_XSDB.UUT_MASTER/U_ICON_INTERFACE/U_CMD6_WR/U_WR_FIFO/SUBCORE_FIFO.xsdbm_v3_0_0_wrfifo_inst/inst_fifo_gen/gconvfifo.rf/grf.rf/gntv_or_sync_fifo.mem/gdm.dm_gen.dm/RAM_reg_0_15_0_5/RAMC/CLK
Low Pulse Width   Fast    RAMD32/CLK  n/a            1.250         16.500      15.250     SLICE_X82Y90   dbg_hub/inst/BSCANID.u_xsdbm_id/CORE_XSDB.UUT_MASTER/U_ICON_INTERFACE/U_CMD6_WR/U_WR_FIFO/SUBCORE_FIFO.xsdbm_v3_0_0_wrfifo_inst/inst_fifo_gen/gconvfifo.rf/grf.rf/gntv_or_sync_fifo.mem/gdm.dm_gen.dm/RAM_reg_0_15_0_5/RAMC_D1/CLK
Low Pulse Width   Fast    RAMS32/CLK  n/a            1.250         16.500      15.250     SLICE_X82Y90   dbg_hub/inst/BSCANID.u_xsdbm_id/CORE_XSDB.UUT_MASTER/U_ICON_INTERFACE/U_CMD6_WR/U_WR_FIFO/SUBCORE_FIFO.xsdbm_v3_0_0_wrfifo_inst/inst_fifo_gen/gconvfifo.rf/grf.rf/gntv_or_sync_fifo.mem/gdm.dm_gen.dm/RAM_reg_0_15_0_5/RAMD/CLK
Low Pulse Width   Fast    RAMS32/CLK  n/a            1.250         16.500      15.250     SLICE_X82Y90   dbg_hub/inst/BSCANID.u_xsdbm_id/CORE_XSDB.UUT_MASTER/U_ICON_INTERFACE/U_CMD6_WR/U_WR_FIFO/SUBCORE_FIFO.xsdbm_v3_0_0_wrfifo_inst/inst_fifo_gen/gconvfifo.rf/grf.rf/gntv_or_sync_fifo.mem/gdm.dm_gen.dm/RAM_reg_0_15_0_5/RAMD_D1/CLK
Low Pulse Width   Fast    RAMD32/CLK  n/a            1.250         16.500      15.250     SLICE_X82Y92   dbg_hub/inst/BSCANID.u_xsdbm_id/CORE_XSDB.UUT_MASTER/U_ICON_INTERFACE/U_CMD6_WR/U_WR_FIFO/SUBCORE_FIFO.xsdbm_v3_0_0_wrfifo_inst/inst_fifo_gen/gconvfifo.rf/grf.rf/gntv_or_sync_fifo.mem/gdm.dm_gen.dm/RAM_reg_0_15_12_15/RAMA/CLK
Low Pulse Width   Fast    RAMD32/CLK  n/a            1.250         16.500      15.250     SLICE_X82Y92   dbg_hub/inst/BSCANID.u_xsdbm_id/CORE_XSDB.UUT_MASTER/U_ICON_INTERFACE/U_CMD6_WR/U_WR_FIFO/SUBCORE_FIFO.xsdbm_v3_0_0_wrfifo_inst/inst_fifo_gen/gconvfifo.rf/grf.rf/gntv_or_sync_fifo.mem/gdm.dm_gen.dm/RAM_reg_0_15_12_15/RAMA_D1/CLK
High Pulse Width  Slow    RAMD32/CLK  n/a            1.250         16.500      15.250     SLICE_X82Y90   dbg_hub/inst/BSCANID.u_xsdbm_id/CORE_XSDB.UUT_MASTER/U_ICON_INTERFACE/U_CMD6_WR/U_WR_FIFO/SUBCORE_FIFO.xsdbm_v3_0_0_wrfifo_inst/inst_fifo_gen/gconvfifo.rf/grf.rf/gntv_or_sync_fifo.mem/gdm.dm_gen.dm/RAM_reg_0_15_0_5/RAMA/CLK
High Pulse Width  Slow    RAMD32/CLK  n/a            1.250         16.500      15.250     SLICE_X82Y90   dbg_hub/inst/BSCANID.u_xsdbm_id/CORE_XSDB.UUT_MASTER/U_ICON_INTERFACE/U_CMD6_WR/U_WR_FIFO/SUBCORE_FIFO.xsdbm_v3_0_0_wrfifo_inst/inst_fifo_gen/gconvfifo.rf/grf.rf/gntv_or_sync_fifo.mem/gdm.dm_gen.dm/RAM_reg_0_15_0_5/RAMA_D1/CLK
High Pulse Width  Slow    RAMD32/CLK  n/a            1.250         16.500      15.250     SLICE_X82Y90   dbg_hub/inst/BSCANID.u_xsdbm_id/CORE_XSDB.UUT_MASTER/U_ICON_INTERFACE/U_CMD6_WR/U_WR_FIFO/SUBCORE_FIFO.xsdbm_v3_0_0_wrfifo_inst/inst_fifo_gen/gconvfifo.rf/grf.rf/gntv_or_sync_fifo.mem/gdm.dm_gen.dm/RAM_reg_0_15_0_5/RAMB/CLK
High Pulse Width  Slow    RAMD32/CLK  n/a            1.250         16.500      15.250     SLICE_X82Y90   dbg_hub/inst/BSCANID.u_xsdbm_id/CORE_XSDB.UUT_MASTER/U_ICON_INTERFACE/U_CMD6_WR/U_WR_FIFO/SUBCORE_FIFO.xsdbm_v3_0_0_wrfifo_inst/inst_fifo_gen/gconvfifo.rf/grf.rf/gntv_or_sync_fifo.mem/gdm.dm_gen.dm/RAM_reg_0_15_0_5/RAMB_D1/CLK
High Pulse Width  Slow    RAMD32/CLK  n/a            1.250         16.500      15.250     SLICE_X82Y90   dbg_hub/inst/BSCANID.u_xsdbm_id/CORE_XSDB.UUT_MASTER/U_ICON_INTERFACE/U_CMD6_WR/U_WR_FIFO/SUBCORE_FIFO.xsdbm_v3_0_0_wrfifo_inst/inst_fifo_gen/gconvfifo.rf/grf.rf/gntv_or_sync_fifo.mem/gdm.dm_gen.dm/RAM_reg_0_15_0_5/RAMC/CLK
High Pulse Width  Slow    RAMD32/CLK  n/a            1.250         16.500      15.250     SLICE_X82Y90   dbg_hub/inst/BSCANID.u_xsdbm_id/CORE_XSDB.UUT_MASTER/U_ICON_INTERFACE/U_CMD6_WR/U_WR_FIFO/SUBCORE_FIFO.xsdbm_v3_0_0_wrfifo_inst/inst_fifo_gen/gconvfifo.rf/grf.rf/gntv_or_sync_fifo.mem/gdm.dm_gen.dm/RAM_reg_0_15_0_5/RAMC_D1/CLK
High Pulse Width  Slow    RAMS32/CLK  n/a            1.250         16.500      15.250     SLICE_X82Y90   dbg_hub/inst/BSCANID.u_xsdbm_id/CORE_XSDB.UUT_MASTER/U_ICON_INTERFACE/U_CMD6_WR/U_WR_FIFO/SUBCORE_FIFO.xsdbm_v3_0_0_wrfifo_inst/inst_fifo_gen/gconvfifo.rf/grf.rf/gntv_or_sync_fifo.mem/gdm.dm_gen.dm/RAM_reg_0_15_0_5/RAMD/CLK
High Pulse Width  Slow    RAMS32/CLK  n/a            1.250         16.500      15.250     SLICE_X82Y90   dbg_hub/inst/BSCANID.u_xsdbm_id/CORE_XSDB.UUT_MASTER/U_ICON_INTERFACE/U_CMD6_WR/U_WR_FIFO/SUBCORE_FIFO.xsdbm_v3_0_0_wrfifo_inst/inst_fifo_gen/gconvfifo.rf/grf.rf/gntv_or_sync_fifo.mem/gdm.dm_gen.dm/RAM_reg_0_15_0_5/RAMD_D1/CLK
High Pulse Width  Slow    RAMD32/CLK  n/a            1.250         16.500      15.250     SLICE_X82Y92   dbg_hub/inst/BSCANID.u_xsdbm_id/CORE_XSDB.UUT_MASTER/U_ICON_INTERFACE/U_CMD6_WR/U_WR_FIFO/SUBCORE_FIFO.xsdbm_v3_0_0_wrfifo_inst/inst_fifo_gen/gconvfifo.rf/grf.rf/gntv_or_sync_fifo.mem/gdm.dm_gen.dm/RAM_reg_0_15_12_15/RAMA/CLK
High Pulse Width  Slow    RAMD32/CLK  n/a            1.250         16.500      15.250     SLICE_X82Y92   dbg_hub/inst/BSCANID.u_xsdbm_id/CORE_XSDB.UUT_MASTER/U_ICON_INTERFACE/U_CMD6_WR/U_WR_FIFO/SUBCORE_FIFO.xsdbm_v3_0_0_wrfifo_inst/inst_fifo_gen/gconvfifo.rf/grf.rf/gntv_or_sync_fifo.mem/gdm.dm_gen.dm/RAM_reg_0_15_12_15/RAMA_D1/CLK



---------------------------------------------------------------------------------------------------
From Clock:  t1/cd/inst/Clk_100M
  To Clock:  t1/cd/inst/Clk_100M

Setup :           NA  Failing Endpoints,  Worst Slack           NA  ,  Total Violation           NA
Hold  :           NA  Failing Endpoints,  Worst Slack           NA  ,  Total Violation           NA
PW    :            0  Failing Endpoints,  Worst Slack        3.000ns,  Total Violation        0.000ns
---------------------------------------------------------------------------------------------------


Pulse Width Checks
--------------------------------------------------------------------------------------
Clock Name:         t1/cd/inst/Clk_100M
Waveform(ns):       { 0.000 5.000 }
Period(ns):         10.000
Sources:            { t1/cd/inst/Clk_100M }

Check Type        Corner  Lib Pin            Reference Pin  Required(ns)  Actual(ns)  Slack(ns)  Location         Pin
Min Period        n/a     MMCME2_ADV/CLKIN1  n/a            1.249         10.000      8.751      MMCME2_ADV_X1Y0  t1/cd/inst/mmcm_adv_inst/CLKIN1
Max Period        n/a     MMCME2_ADV/CLKIN1  n/a            100.000       10.000      90.000     MMCME2_ADV_X1Y0  t1/cd/inst/mmcm_adv_inst/CLKIN1
Low Pulse Width   Slow    MMCME2_ADV/CLKIN1  n/a            2.000         5.000       3.000      MMCME2_ADV_X1Y0  t1/cd/inst/mmcm_adv_inst/CLKIN1
Low Pulse Width   Fast    MMCME2_ADV/CLKIN1  n/a            2.000         5.000       3.000      MMCME2_ADV_X1Y0  t1/cd/inst/mmcm_adv_inst/CLKIN1
High Pulse Width  Slow    MMCME2_ADV/CLKIN1  n/a            2.000         5.000       3.000      MMCME2_ADV_X1Y0  t1/cd/inst/mmcm_adv_inst/CLKIN1
High Pulse Width  Fast    MMCME2_ADV/CLKIN1  n/a            2.000         5.000       3.000      MMCME2_ADV_X1Y0  t1/cd/inst/mmcm_adv_inst/CLKIN1



---------------------------------------------------------------------------------------------------
From Clock:  Clk_16M_clk_wiz_0
  To Clock:  Clk_16M_clk_wiz_0

Setup :            0  Failing Endpoints,  Worst Slack       56.975ns,  Total Violation        0.000ns
Hold  :            0  Failing Endpoints,  Worst Slack        0.268ns,  Total Violation        0.000ns
PW    :            0  Failing Endpoints,  Worst Slack       29.315ns,  Total Violation        0.000ns
---------------------------------------------------------------------------------------------------


Max Delay Paths
--------------------------------------------------------------------------------------
Slack (MET) :             56.975ns  (required time - arrival time)
  Source:                 t1/cd1/Count_reg_reg[1]/C
                            (rising edge-triggered cell FDRE clocked by Clk_16M_clk_wiz_0  {rise@0.000ns fall@29.815ns period=59.630ns})
  Destination:            t1/cd1/Count_reg_reg[21]/D
                            (rising edge-triggered cell FDRE clocked by Clk_16M_clk_wiz_0  {rise@0.000ns fall@29.815ns period=59.630ns})
  Path Group:             Clk_16M_clk_wiz_0
  Path Type:              Setup (Max at Slow Process Corner)
  Requirement:            59.630ns  (Clk_16M_clk_wiz_0 rise@59.630ns - Clk_16M_clk_wiz_0 rise@0.000ns)
  Data Path Delay:        2.526ns  (logic 1.920ns (76.006%)  route 0.606ns (23.994%))
  Logic Levels:           6  (CARRY4=6)
  Clock Path Skew:        -0.017ns (DCD - SCD + CPR)
    Destination Clock Delay (DCD):    1.533ns = ( 61.163 - 59.630 ) 
    Source Clock Delay      (SCD):    1.699ns
    Clock Pessimism Removal (CPR):    0.149ns
  Clock Uncertainty:      0.174ns  ((TSJ^2 + DJ^2)^1/2) / 2 + PE
    Total System Jitter     (TSJ):    0.071ns
    Discrete Jitter          (DJ):    0.341ns
    Phase Error              (PE):    0.000ns

    Location             Delay type                Incr(ns)  Path(ns)    Netlist Resource(s)
  -------------------------------------------------------------------    -------------------
                         (clock Clk_16M_clk_wiz_0 rise edge)
                                                      0.000     0.000 r  
    BUFGCTRL_X0Y0        BUFG                         0.000     0.000 r  Clk_100M_IBUF_BUFG_inst/O
                         net (fo=1831, routed)        1.803     1.803    t1/cd/inst/Clk_100M
    MMCME2_ADV_X1Y0      MMCME2_ADV (Prop_mmcme2_adv_CLKIN1_CLKOUT0)
                                                     -3.793    -1.990 r  t1/cd/inst/mmcm_adv_inst/CLKOUT0
                         net (fo=1, routed)           1.889    -0.101    t1/cd/inst/Clk_16M_clk_wiz_0
    BUFGCTRL_X0Y2        BUFG (Prop_bufg_I_O)         0.101    -0.000 r  t1/cd/inst/clkout1_buf/O
                         net (fo=24, routed)          1.699     1.699    t1/cd1/Clk_16M
    SLICE_X60Y76         FDRE                                         r  t1/cd1/Count_reg_reg[1]/C
  -------------------------------------------------------------------    -------------------
    SLICE_X60Y76         FDRE (Prop_fdre_C_Q)         0.456     2.155 r  t1/cd1/Count_reg_reg[1]/Q
                         net (fo=1, routed)           0.606     2.761    t1/cd1/Count_reg_reg_n_0_[1]
    SLICE_X60Y76         CARRY4 (Prop_carry4_S[1]_CO[3])
                                                      0.674     3.435 r  t1/cd1/Count_reg_reg[0]_i_1/CO[3]
                         net (fo=1, routed)           0.000     3.435    t1/cd1/Count_reg_reg[0]_i_1_n_0
    SLICE_X60Y77         CARRY4 (Prop_carry4_CI_CO[3])
                                                      0.114     3.549 r  t1/cd1/Count_reg_reg[4]_i_1/CO[3]
                         net (fo=1, routed)           0.000     3.549    t1/cd1/Count_reg_reg[4]_i_1_n_0
    SLICE_X60Y78         CARRY4 (Prop_carry4_CI_CO[3])
                                                      0.114     3.663 r  t1/cd1/Count_reg_reg[8]_i_1/CO[3]
                         net (fo=1, routed)           0.000     3.663    t1/cd1/Count_reg_reg[8]_i_1_n_0
    SLICE_X60Y79         CARRY4 (Prop_carry4_CI_CO[3])
                                                      0.114     3.777 r  t1/cd1/Count_reg_reg[12]_i_1/CO[3]
                         net (fo=1, routed)           0.000     3.777    t1/cd1/Count_reg_reg[12]_i_1_n_0
    SLICE_X60Y80         CARRY4 (Prop_carry4_CI_CO[3])
                                                      0.114     3.891 r  t1/cd1/Count_reg_reg[16]_i_1/CO[3]
                         net (fo=1, routed)           0.000     3.891    t1/cd1/Count_reg_reg[16]_i_1_n_0
    SLICE_X60Y81         CARRY4 (Prop_carry4_CI_O[1])
                                                      0.334     4.225 r  t1/cd1/Count_reg_reg[20]_i_1/O[1]
                         net (fo=1, routed)           0.000     4.225    t1/cd1/Count_reg_reg[20]_i_1_n_6
    SLICE_X60Y81         FDRE                                         r  t1/cd1/Count_reg_reg[21]/D
  -------------------------------------------------------------------    -------------------

                         (clock Clk_16M_clk_wiz_0 rise edge)
                                                     59.630    59.630 r  
    BUFGCTRL_X0Y0        BUFG                         0.000    59.630 r  Clk_100M_IBUF_BUFG_inst/O
                         net (fo=1831, routed)        1.609    61.240    t1/cd/inst/Clk_100M
    MMCME2_ADV_X1Y0      MMCME2_ADV (Prop_mmcme2_adv_CLKIN1_CLKOUT0)
                                                     -3.425    57.814 r  t1/cd/inst/mmcm_adv_inst/CLKOUT0
                         net (fo=1, routed)           1.725    59.539    t1/cd/inst/Clk_16M_clk_wiz_0
    BUFGCTRL_X0Y2        BUFG (Prop_bufg_I_O)         0.091    59.630 r  t1/cd/inst/clkout1_buf/O
                         net (fo=24, routed)          1.533    61.163    t1/cd1/Clk_16M
    SLICE_X60Y81         FDRE                                         r  t1/cd1/Count_reg_reg[21]/C
                         clock pessimism              0.149    61.312    
                         clock uncertainty           -0.174    61.138    
    SLICE_X60Y81         FDRE (Setup_fdre_C_D)        0.062    61.200    t1/cd1/Count_reg_reg[21]
  -------------------------------------------------------------------
                         required time                         61.200    
                         arrival time                          -4.225    
  -------------------------------------------------------------------
                         slack                                 56.975    

Slack (MET) :             56.996ns  (required time - arrival time)
  Source:                 t1/cd1/Count_reg_reg[1]/C
                            (rising edge-triggered cell FDRE clocked by Clk_16M_clk_wiz_0  {rise@0.000ns fall@29.815ns period=59.630ns})
  Destination:            t1/cd1/Count_reg_reg[23]/D
                            (rising edge-triggered cell FDRE clocked by Clk_16M_clk_wiz_0  {rise@0.000ns fall@29.815ns period=59.630ns})
  Path Group:             Clk_16M_clk_wiz_0
  Path Type:              Setup (Max at Slow Process Corner)
  Requirement:            59.630ns  (Clk_16M_clk_wiz_0 rise@59.630ns - Clk_16M_clk_wiz_0 rise@0.000ns)
  Data Path Delay:        2.505ns  (logic 1.899ns (75.805%)  route 0.606ns (24.195%))
  Logic Levels:           6  (CARRY4=6)
  Clock Path Skew:        -0.017ns (DCD - SCD + CPR)
    Destination Clock Delay (DCD):    1.533ns = ( 61.163 - 59.630 ) 
    Source Clock Delay      (SCD):    1.699ns
    Clock Pessimism Removal (CPR):    0.149ns
  Clock Uncertainty:      0.174ns  ((TSJ^2 + DJ^2)^1/2) / 2 + PE
    Total System Jitter     (TSJ):    0.071ns
    Discrete Jitter          (DJ):    0.341ns
    Phase Error              (PE):    0.000ns

    Location             Delay type                Incr(ns)  Path(ns)    Netlist Resource(s)
  -------------------------------------------------------------------    -------------------
                         (clock Clk_16M_clk_wiz_0 rise edge)
                                                      0.000     0.000 r  
    BUFGCTRL_X0Y0        BUFG                         0.000     0.000 r  Clk_100M_IBUF_BUFG_inst/O
                         net (fo=1831, routed)        1.803     1.803    t1/cd/inst/Clk_100M
    MMCME2_ADV_X1Y0      MMCME2_ADV (Prop_mmcme2_adv_CLKIN1_CLKOUT0)
                                                     -3.793    -1.990 r  t1/cd/inst/mmcm_adv_inst/CLKOUT0
                         net (fo=1, routed)           1.889    -0.101    t1/cd/inst/Clk_16M_clk_wiz_0
    BUFGCTRL_X0Y2        BUFG (Prop_bufg_I_O)         0.101    -0.000 r  t1/cd/inst/clkout1_buf/O
                         net (fo=24, routed)          1.699     1.699    t1/cd1/Clk_16M
    SLICE_X60Y76         FDRE                                         r  t1/cd1/Count_reg_reg[1]/C
  -------------------------------------------------------------------    -------------------
    SLICE_X60Y76         FDRE (Prop_fdre_C_Q)         0.456     2.155 r  t1/cd1/Count_reg_reg[1]/Q
                         net (fo=1, routed)           0.606     2.761    t1/cd1/Count_reg_reg_n_0_[1]
    SLICE_X60Y76         CARRY4 (Prop_carry4_S[1]_CO[3])
                                                      0.674     3.435 r  t1/cd1/Count_reg_reg[0]_i_1/CO[3]
                         net (fo=1, routed)           0.000     3.435    t1/cd1/Count_reg_reg[0]_i_1_n_0
    SLICE_X60Y77         CARRY4 (Prop_carry4_CI_CO[3])
                                                      0.114     3.549 r  t1/cd1/Count_reg_reg[4]_i_1/CO[3]
                         net (fo=1, routed)           0.000     3.549    t1/cd1/Count_reg_reg[4]_i_1_n_0
    SLICE_X60Y78         CARRY4 (Prop_carry4_CI_CO[3])
                                                      0.114     3.663 r  t1/cd1/Count_reg_reg[8]_i_1/CO[3]
                         net (fo=1, routed)           0.000     3.663    t1/cd1/Count_reg_reg[8]_i_1_n_0
    SLICE_X60Y79         CARRY4 (Prop_carry4_CI_CO[3])
                                                      0.114     3.777 r  t1/cd1/Count_reg_reg[12]_i_1/CO[3]
                         net (fo=1, routed)           0.000     3.777    t1/cd1/Count_reg_reg[12]_i_1_n_0
    SLICE_X60Y80         CARRY4 (Prop_carry4_CI_CO[3])
                                                      0.114     3.891 r  t1/cd1/Count_reg_reg[16]_i_1/CO[3]
                         net (fo=1, routed)           0.000     3.891    t1/cd1/Count_reg_reg[16]_i_1_n_0
    SLICE_X60Y81         CARRY4 (Prop_carry4_CI_O[3])
                                                      0.313     4.204 r  t1/cd1/Count_reg_reg[20]_i_1/O[3]
                         net (fo=1, routed)           0.000     4.204    t1/cd1/Count_reg_reg[20]_i_1_n_4
    SLICE_X60Y81         FDRE                                         r  t1/cd1/Count_reg_reg[23]/D
  -------------------------------------------------------------------    -------------------

                         (clock Clk_16M_clk_wiz_0 rise edge)
                                                     59.630    59.630 r  
    BUFGCTRL_X0Y0        BUFG                         0.000    59.630 r  Clk_100M_IBUF_BUFG_inst/O
                         net (fo=1831, routed)        1.609    61.240    t1/cd/inst/Clk_100M
    MMCME2_ADV_X1Y0      MMCME2_ADV (Prop_mmcme2_adv_CLKIN1_CLKOUT0)
                                                     -3.425    57.814 r  t1/cd/inst/mmcm_adv_inst/CLKOUT0
                         net (fo=1, routed)           1.725    59.539    t1/cd/inst/Clk_16M_clk_wiz_0
    BUFGCTRL_X0Y2        BUFG (Prop_bufg_I_O)         0.091    59.630 r  t1/cd/inst/clkout1_buf/O
                         net (fo=24, routed)          1.533    61.163    t1/cd1/Clk_16M
    SLICE_X60Y81         FDRE                                         r  t1/cd1/Count_reg_reg[23]/C
                         clock pessimism              0.149    61.312    
                         clock uncertainty           -0.174    61.138    
    SLICE_X60Y81         FDRE (Setup_fdre_C_D)        0.062    61.200    t1/cd1/Count_reg_reg[23]
  -------------------------------------------------------------------
                         required time                         61.200    
                         arrival time                          -4.204    
  -------------------------------------------------------------------
                         slack                                 56.996    

Slack (MET) :             57.070ns  (required time - arrival time)
  Source:                 t1/cd1/Count_reg_reg[1]/C
                            (rising edge-triggered cell FDRE clocked by Clk_16M_clk_wiz_0  {rise@0.000ns fall@29.815ns period=59.630ns})
  Destination:            t1/cd1/Count_reg_reg[22]/D
                            (rising edge-triggered cell FDRE clocked by Clk_16M_clk_wiz_0  {rise@0.000ns fall@29.815ns period=59.630ns})
  Path Group:             Clk_16M_clk_wiz_0
  Path Type:              Setup (Max at Slow Process Corner)
  Requirement:            59.630ns  (Clk_16M_clk_wiz_0 rise@59.630ns - Clk_16M_clk_wiz_0 rise@0.000ns)
  Data Path Delay:        2.431ns  (logic 1.825ns (75.068%)  route 0.606ns (24.932%))
  Logic Levels:           6  (CARRY4=6)
  Clock Path Skew:        -0.017ns (DCD - SCD + CPR)
    Destination Clock Delay (DCD):    1.533ns = ( 61.163 - 59.630 ) 
    Source Clock Delay      (SCD):    1.699ns
    Clock Pessimism Removal (CPR):    0.149ns
  Clock Uncertainty:      0.174ns  ((TSJ^2 + DJ^2)^1/2) / 2 + PE
    Total System Jitter     (TSJ):    0.071ns
    Discrete Jitter          (DJ):    0.341ns
    Phase Error              (PE):    0.000ns

    Location             Delay type                Incr(ns)  Path(ns)    Netlist Resource(s)
  -------------------------------------------------------------------    -------------------
                         (clock Clk_16M_clk_wiz_0 rise edge)
                                                      0.000     0.000 r  
    BUFGCTRL_X0Y0        BUFG                         0.000     0.000 r  Clk_100M_IBUF_BUFG_inst/O
                         net (fo=1831, routed)        1.803     1.803    t1/cd/inst/Clk_100M
    MMCME2_ADV_X1Y0      MMCME2_ADV (Prop_mmcme2_adv_CLKIN1_CLKOUT0)
                                                     -3.793    -1.990 r  t1/cd/inst/mmcm_adv_inst/CLKOUT0
                         net (fo=1, routed)           1.889    -0.101    t1/cd/inst/Clk_16M_clk_wiz_0
    BUFGCTRL_X0Y2        BUFG (Prop_bufg_I_O)         0.101    -0.000 r  t1/cd/inst/clkout1_buf/O
                         net (fo=24, routed)          1.699     1.699    t1/cd1/Clk_16M
    SLICE_X60Y76         FDRE                                         r  t1/cd1/Count_reg_reg[1]/C
  -------------------------------------------------------------------    -------------------
    SLICE_X60Y76         FDRE (Prop_fdre_C_Q)         0.456     2.155 r  t1/cd1/Count_reg_reg[1]/Q
                         net (fo=1, routed)           0.606     2.761    t1/cd1/Count_reg_reg_n_0_[1]
    SLICE_X60Y76         CARRY4 (Prop_carry4_S[1]_CO[3])
                                                      0.674     3.435 r  t1/cd1/Count_reg_reg[0]_i_1/CO[3]
                         net (fo=1, routed)           0.000     3.435    t1/cd1/Count_reg_reg[0]_i_1_n_0
    SLICE_X60Y77         CARRY4 (Prop_carry4_CI_CO[3])
                                                      0.114     3.549 r  t1/cd1/Count_reg_reg[4]_i_1/CO[3]
                         net (fo=1, routed)           0.000     3.549    t1/cd1/Count_reg_reg[4]_i_1_n_0
    SLICE_X60Y78         CARRY4 (Prop_carry4_CI_CO[3])
                                                      0.114     3.663 r  t1/cd1/Count_reg_reg[8]_i_1/CO[3]
                         net (fo=1, routed)           0.000     3.663    t1/cd1/Count_reg_reg[8]_i_1_n_0
    SLICE_X60Y79         CARRY4 (Prop_carry4_CI_CO[3])
                                                      0.114     3.777 r  t1/cd1/Count_reg_reg[12]_i_1/CO[3]
                         net (fo=1, routed)           0.000     3.777    t1/cd1/Count_reg_reg[12]_i_1_n_0
    SLICE_X60Y80         CARRY4 (Prop_carry4_CI_CO[3])
                                                      0.114     3.891 r  t1/cd1/Count_reg_reg[16]_i_1/CO[3]
                         net (fo=1, routed)           0.000     3.891    t1/cd1/Count_reg_reg[16]_i_1_n_0
    SLICE_X60Y81         CARRY4 (Prop_carry4_CI_O[2])
                                                      0.239     4.130 r  t1/cd1/Count_reg_reg[20]_i_1/O[2]
                         net (fo=1, routed)           0.000     4.130    t1/cd1/Count_reg_reg[20]_i_1_n_5
    SLICE_X60Y81         FDRE                                         r  t1/cd1/Count_reg_reg[22]/D
  -------------------------------------------------------------------    -------------------

                         (clock Clk_16M_clk_wiz_0 rise edge)
                                                     59.630    59.630 r  
    BUFGCTRL_X0Y0        BUFG                         0.000    59.630 r  Clk_100M_IBUF_BUFG_inst/O
                         net (fo=1831, routed)        1.609    61.240    t1/cd/inst/Clk_100M
    MMCME2_ADV_X1Y0      MMCME2_ADV (Prop_mmcme2_adv_CLKIN1_CLKOUT0)
                                                     -3.425    57.814 r  t1/cd/inst/mmcm_adv_inst/CLKOUT0
                         net (fo=1, routed)           1.725    59.539    t1/cd/inst/Clk_16M_clk_wiz_0
    BUFGCTRL_X0Y2        BUFG (Prop_bufg_I_O)         0.091    59.630 r  t1/cd/inst/clkout1_buf/O
                         net (fo=24, routed)          1.533    61.163    t1/cd1/Clk_16M
    SLICE_X60Y81         FDRE                                         r  t1/cd1/Count_reg_reg[22]/C
                         clock pessimism              0.149    61.312    
                         clock uncertainty           -0.174    61.138    
    SLICE_X60Y81         FDRE (Setup_fdre_C_D)        0.062    61.200    t1/cd1/Count_reg_reg[22]
  -------------------------------------------------------------------
                         required time                         61.200    
                         arrival time                          -4.130    
  -------------------------------------------------------------------
                         slack                                 57.070    

Slack (MET) :             57.086ns  (required time - arrival time)
  Source:                 t1/cd1/Count_reg_reg[1]/C
                            (rising edge-triggered cell FDRE clocked by Clk_16M_clk_wiz_0  {rise@0.000ns fall@29.815ns period=59.630ns})
  Destination:            t1/cd1/Count_reg_reg[20]/D
                            (rising edge-triggered cell FDRE clocked by Clk_16M_clk_wiz_0  {rise@0.000ns fall@29.815ns period=59.630ns})
  Path Group:             Clk_16M_clk_wiz_0
  Path Type:              Setup (Max at Slow Process Corner)
  Requirement:            59.630ns  (Clk_16M_clk_wiz_0 rise@59.630ns - Clk_16M_clk_wiz_0 rise@0.000ns)
  Data Path Delay:        2.415ns  (logic 1.809ns (74.903%)  route 0.606ns (25.097%))
  Logic Levels:           6  (CARRY4=6)
  Clock Path Skew:        -0.017ns (DCD - SCD + CPR)
    Destination Clock Delay (DCD):    1.533ns = ( 61.163 - 59.630 ) 
    Source Clock Delay      (SCD):    1.699ns
    Clock Pessimism Removal (CPR):    0.149ns
  Clock Uncertainty:      0.174ns  ((TSJ^2 + DJ^2)^1/2) / 2 + PE
    Total System Jitter     (TSJ):    0.071ns
    Discrete Jitter          (DJ):    0.341ns
    Phase Error              (PE):    0.000ns

    Location             Delay type                Incr(ns)  Path(ns)    Netlist Resource(s)
  -------------------------------------------------------------------    -------------------
                         (clock Clk_16M_clk_wiz_0 rise edge)
                                                      0.000     0.000 r  
    BUFGCTRL_X0Y0        BUFG                         0.000     0.000 r  Clk_100M_IBUF_BUFG_inst/O
                         net (fo=1831, routed)        1.803     1.803    t1/cd/inst/Clk_100M
    MMCME2_ADV_X1Y0      MMCME2_ADV (Prop_mmcme2_adv_CLKIN1_CLKOUT0)
                                                     -3.793    -1.990 r  t1/cd/inst/mmcm_adv_inst/CLKOUT0
                         net (fo=1, routed)           1.889    -0.101    t1/cd/inst/Clk_16M_clk_wiz_0
    BUFGCTRL_X0Y2        BUFG (Prop_bufg_I_O)         0.101    -0.000 r  t1/cd/inst/clkout1_buf/O
                         net (fo=24, routed)          1.699     1.699    t1/cd1/Clk_16M
    SLICE_X60Y76         FDRE                                         r  t1/cd1/Count_reg_reg[1]/C
  -------------------------------------------------------------------    -------------------
    SLICE_X60Y76         FDRE (Prop_fdre_C_Q)         0.456     2.155 r  t1/cd1/Count_reg_reg[1]/Q
                         net (fo=1, routed)           0.606     2.761    t1/cd1/Count_reg_reg_n_0_[1]
    SLICE_X60Y76         CARRY4 (Prop_carry4_S[1]_CO[3])
                                                      0.674     3.435 r  t1/cd1/Count_reg_reg[0]_i_1/CO[3]
                         net (fo=1, routed)           0.000     3.435    t1/cd1/Count_reg_reg[0]_i_1_n_0
    SLICE_X60Y77         CARRY4 (Prop_carry4_CI_CO[3])
                                                      0.114     3.549 r  t1/cd1/Count_reg_reg[4]_i_1/CO[3]
                         net (fo=1, routed)           0.000     3.549    t1/cd1/Count_reg_reg[4]_i_1_n_0
    SLICE_X60Y78         CARRY4 (Prop_carry4_CI_CO[3])
                                                      0.114     3.663 r  t1/cd1/Count_reg_reg[8]_i_1/CO[3]
                         net (fo=1, routed)           0.000     3.663    t1/cd1/Count_reg_reg[8]_i_1_n_0
    SLICE_X60Y79         CARRY4 (Prop_carry4_CI_CO[3])
                                                      0.114     3.777 r  t1/cd1/Count_reg_reg[12]_i_1/CO[3]
                         net (fo=1, routed)           0.000     3.777    t1/cd1/Count_reg_reg[12]_i_1_n_0
    SLICE_X60Y80         CARRY4 (Prop_carry4_CI_CO[3])
                                                      0.114     3.891 r  t1/cd1/Count_reg_reg[16]_i_1/CO[3]
                         net (fo=1, routed)           0.000     3.891    t1/cd1/Count_reg_reg[16]_i_1_n_0
    SLICE_X60Y81         CARRY4 (Prop_carry4_CI_O[0])
                                                      0.223     4.114 r  t1/cd1/Count_reg_reg[20]_i_1/O[0]
                         net (fo=1, routed)           0.000     4.114    t1/cd1/Count_reg_reg[20]_i_1_n_7
    SLICE_X60Y81         FDRE                                         r  t1/cd1/Count_reg_reg[20]/D
  -------------------------------------------------------------------    -------------------

                         (clock Clk_16M_clk_wiz_0 rise edge)
                                                     59.630    59.630 r  
    BUFGCTRL_X0Y0        BUFG                         0.000    59.630 r  Clk_100M_IBUF_BUFG_inst/O
                         net (fo=1831, routed)        1.609    61.240    t1/cd/inst/Clk_100M
    MMCME2_ADV_X1Y0      MMCME2_ADV (Prop_mmcme2_adv_CLKIN1_CLKOUT0)
                                                     -3.425    57.814 r  t1/cd/inst/mmcm_adv_inst/CLKOUT0
                         net (fo=1, routed)           1.725    59.539    t1/cd/inst/Clk_16M_clk_wiz_0
    BUFGCTRL_X0Y2        BUFG (Prop_bufg_I_O)         0.091    59.630 r  t1/cd/inst/clkout1_buf/O
                         net (fo=24, routed)          1.533    61.163    t1/cd1/Clk_16M
    SLICE_X60Y81         FDRE                                         r  t1/cd1/Count_reg_reg[20]/C
                         clock pessimism              0.149    61.312    
                         clock uncertainty           -0.174    61.138    
    SLICE_X60Y81         FDRE (Setup_fdre_C_D)        0.062    61.200    t1/cd1/Count_reg_reg[20]
  -------------------------------------------------------------------
                         required time                         61.200    
                         arrival time                          -4.114    
  -------------------------------------------------------------------
                         slack                                 57.086    

Slack (MET) :             57.088ns  (required time - arrival time)
  Source:                 t1/cd1/Count_reg_reg[1]/C
                            (rising edge-triggered cell FDRE clocked by Clk_16M_clk_wiz_0  {rise@0.000ns fall@29.815ns period=59.630ns})
  Destination:            t1/cd1/Count_reg_reg[17]/D
                            (rising edge-triggered cell FDRE clocked by Clk_16M_clk_wiz_0  {rise@0.000ns fall@29.815ns period=59.630ns})
  Path Group:             Clk_16M_clk_wiz_0
  Path Type:              Setup (Max at Slow Process Corner)
  Requirement:            59.630ns  (Clk_16M_clk_wiz_0 rise@59.630ns - Clk_16M_clk_wiz_0 rise@0.000ns)
  Data Path Delay:        2.412ns  (logic 1.806ns (74.872%)  route 0.606ns (25.128%))
  Logic Levels:           5  (CARRY4=5)
  Clock Path Skew:        -0.018ns (DCD - SCD + CPR)
    Destination Clock Delay (DCD):    1.532ns = ( 61.162 - 59.630 ) 
    Source Clock Delay      (SCD):    1.699ns
    Clock Pessimism Removal (CPR):    0.149ns
  Clock Uncertainty:      0.174ns  ((TSJ^2 + DJ^2)^1/2) / 2 + PE
    Total System Jitter     (TSJ):    0.071ns
    Discrete Jitter          (DJ):    0.341ns
    Phase Error              (PE):    0.000ns

    Location             Delay type                Incr(ns)  Path(ns)    Netlist Resource(s)
  -------------------------------------------------------------------    -------------------
                         (clock Clk_16M_clk_wiz_0 rise edge)
                                                      0.000     0.000 r  
    BUFGCTRL_X0Y0        BUFG                         0.000     0.000 r  Clk_100M_IBUF_BUFG_inst/O
                         net (fo=1831, routed)        1.803     1.803    t1/cd/inst/Clk_100M
    MMCME2_ADV_X1Y0      MMCME2_ADV (Prop_mmcme2_adv_CLKIN1_CLKOUT0)
                                                     -3.793    -1.990 r  t1/cd/inst/mmcm_adv_inst/CLKOUT0
                         net (fo=1, routed)           1.889    -0.101    t1/cd/inst/Clk_16M_clk_wiz_0
    BUFGCTRL_X0Y2        BUFG (Prop_bufg_I_O)         0.101    -0.000 r  t1/cd/inst/clkout1_buf/O
                         net (fo=24, routed)          1.699     1.699    t1/cd1/Clk_16M
    SLICE_X60Y76         FDRE                                         r  t1/cd1/Count_reg_reg[1]/C
  -------------------------------------------------------------------    -------------------
    SLICE_X60Y76         FDRE (Prop_fdre_C_Q)         0.456     2.155 r  t1/cd1/Count_reg_reg[1]/Q
                         net (fo=1, routed)           0.606     2.761    t1/cd1/Count_reg_reg_n_0_[1]
    SLICE_X60Y76         CARRY4 (Prop_carry4_S[1]_CO[3])
                                                      0.674     3.435 r  t1/cd1/Count_reg_reg[0]_i_1/CO[3]
                         net (fo=1, routed)           0.000     3.435    t1/cd1/Count_reg_reg[0]_i_1_n_0
    SLICE_X60Y77         CARRY4 (Prop_carry4_CI_CO[3])
                                                      0.114     3.549 r  t1/cd1/Count_reg_reg[4]_i_1/CO[3]
                         net (fo=1, routed)           0.000     3.549    t1/cd1/Count_reg_reg[4]_i_1_n_0
    SLICE_X60Y78         CARRY4 (Prop_carry4_CI_CO[3])
                                                      0.114     3.663 r  t1/cd1/Count_reg_reg[8]_i_1/CO[3]
                         net (fo=1, routed)           0.000     3.663    t1/cd1/Count_reg_reg[8]_i_1_n_0
    SLICE_X60Y79         CARRY4 (Prop_carry4_CI_CO[3])
                                                      0.114     3.777 r  t1/cd1/Count_reg_reg[12]_i_1/CO[3]
                         net (fo=1, routed)           0.000     3.777    t1/cd1/Count_reg_reg[12]_i_1_n_0
    SLICE_X60Y80         CARRY4 (Prop_carry4_CI_O[1])
                                                      0.334     4.111 r  t1/cd1/Count_reg_reg[16]_i_1/O[1]
                         net (fo=1, routed)           0.000     4.111    t1/cd1/Count_reg_reg[16]_i_1_n_6
    SLICE_X60Y80         FDRE                                         r  t1/cd1/Count_reg_reg[17]/D
  -------------------------------------------------------------------    -------------------

                         (clock Clk_16M_clk_wiz_0 rise edge)
                                                     59.630    59.630 r  
    BUFGCTRL_X0Y0        BUFG                         0.000    59.630 r  Clk_100M_IBUF_BUFG_inst/O
                         net (fo=1831, routed)        1.609    61.240    t1/cd/inst/Clk_100M
    MMCME2_ADV_X1Y0      MMCME2_ADV (Prop_mmcme2_adv_CLKIN1_CLKOUT0)
                                                     -3.425    57.814 r  t1/cd/inst/mmcm_adv_inst/CLKOUT0
                         net (fo=1, routed)           1.725    59.539    t1/cd/inst/Clk_16M_clk_wiz_0
    BUFGCTRL_X0Y2        BUFG (Prop_bufg_I_O)         0.091    59.630 r  t1/cd/inst/clkout1_buf/O
                         net (fo=24, routed)          1.532    61.162    t1/cd1/Clk_16M
    SLICE_X60Y80         FDRE                                         r  t1/cd1/Count_reg_reg[17]/C
                         clock pessimism              0.149    61.311    
                         clock uncertainty           -0.174    61.137    
    SLICE_X60Y80         FDRE (Setup_fdre_C_D)        0.062    61.199    t1/cd1/Count_reg_reg[17]
  -------------------------------------------------------------------
                         required time                         61.199    
                         arrival time                          -4.111    
  -------------------------------------------------------------------
                         slack                                 57.088    

Slack (MET) :             57.109ns  (required time - arrival time)
  Source:                 t1/cd1/Count_reg_reg[1]/C
                            (rising edge-triggered cell FDRE clocked by Clk_16M_clk_wiz_0  {rise@0.000ns fall@29.815ns period=59.630ns})
  Destination:            t1/cd1/Count_reg_reg[19]/D
                            (rising edge-triggered cell FDRE clocked by Clk_16M_clk_wiz_0  {rise@0.000ns fall@29.815ns period=59.630ns})
  Path Group:             Clk_16M_clk_wiz_0
  Path Type:              Setup (Max at Slow Process Corner)
  Requirement:            59.630ns  (Clk_16M_clk_wiz_0 rise@59.630ns - Clk_16M_clk_wiz_0 rise@0.000ns)
  Data Path Delay:        2.391ns  (logic 1.785ns (74.651%)  route 0.606ns (25.349%))
  Logic Levels:           5  (CARRY4=5)
  Clock Path Skew:        -0.018ns (DCD - SCD + CPR)
    Destination Clock Delay (DCD):    1.532ns = ( 61.162 - 59.630 ) 
    Source Clock Delay      (SCD):    1.699ns
    Clock Pessimism Removal (CPR):    0.149ns
  Clock Uncertainty:      0.174ns  ((TSJ^2 + DJ^2)^1/2) / 2 + PE
    Total System Jitter     (TSJ):    0.071ns
    Discrete Jitter          (DJ):    0.341ns
    Phase Error              (PE):    0.000ns

    Location             Delay type                Incr(ns)  Path(ns)    Netlist Resource(s)
  -------------------------------------------------------------------    -------------------
                         (clock Clk_16M_clk_wiz_0 rise edge)
                                                      0.000     0.000 r  
    BUFGCTRL_X0Y0        BUFG                         0.000     0.000 r  Clk_100M_IBUF_BUFG_inst/O
                         net (fo=1831, routed)        1.803     1.803    t1/cd/inst/Clk_100M
    MMCME2_ADV_X1Y0      MMCME2_ADV (Prop_mmcme2_adv_CLKIN1_CLKOUT0)
                                                     -3.793    -1.990 r  t1/cd/inst/mmcm_adv_inst/CLKOUT0
                         net (fo=1, routed)           1.889    -0.101    t1/cd/inst/Clk_16M_clk_wiz_0
    BUFGCTRL_X0Y2        BUFG (Prop_bufg_I_O)         0.101    -0.000 r  t1/cd/inst/clkout1_buf/O
                         net (fo=24, routed)          1.699     1.699    t1/cd1/Clk_16M
    SLICE_X60Y76         FDRE                                         r  t1/cd1/Count_reg_reg[1]/C
  -------------------------------------------------------------------    -------------------
    SLICE_X60Y76         FDRE (Prop_fdre_C_Q)         0.456     2.155 r  t1/cd1/Count_reg_reg[1]/Q
                         net (fo=1, routed)           0.606     2.761    t1/cd1/Count_reg_reg_n_0_[1]
    SLICE_X60Y76         CARRY4 (Prop_carry4_S[1]_CO[3])
                                                      0.674     3.435 r  t1/cd1/Count_reg_reg[0]_i_1/CO[3]
                         net (fo=1, routed)           0.000     3.435    t1/cd1/Count_reg_reg[0]_i_1_n_0
    SLICE_X60Y77         CARRY4 (Prop_carry4_CI_CO[3])
                                                      0.114     3.549 r  t1/cd1/Count_reg_reg[4]_i_1/CO[3]
                         net (fo=1, routed)           0.000     3.549    t1/cd1/Count_reg_reg[4]_i_1_n_0
    SLICE_X60Y78         CARRY4 (Prop_carry4_CI_CO[3])
                                                      0.114     3.663 r  t1/cd1/Count_reg_reg[8]_i_1/CO[3]
                         net (fo=1, routed)           0.000     3.663    t1/cd1/Count_reg_reg[8]_i_1_n_0
    SLICE_X60Y79         CARRY4 (Prop_carry4_CI_CO[3])
                                                      0.114     3.777 r  t1/cd1/Count_reg_reg[12]_i_1/CO[3]
                         net (fo=1, routed)           0.000     3.777    t1/cd1/Count_reg_reg[12]_i_1_n_0
    SLICE_X60Y80         CARRY4 (Prop_carry4_CI_O[3])
                                                      0.313     4.090 r  t1/cd1/Count_reg_reg[16]_i_1/O[3]
                         net (fo=1, routed)           0.000     4.090    t1/cd1/Count_reg_reg[16]_i_1_n_4
    SLICE_X60Y80         FDRE                                         r  t1/cd1/Count_reg_reg[19]/D
  -------------------------------------------------------------------    -------------------

                         (clock Clk_16M_clk_wiz_0 rise edge)
                                                     59.630    59.630 r  
    BUFGCTRL_X0Y0        BUFG                         0.000    59.630 r  Clk_100M_IBUF_BUFG_inst/O
                         net (fo=1831, routed)        1.609    61.240    t1/cd/inst/Clk_100M
    MMCME2_ADV_X1Y0      MMCME2_ADV (Prop_mmcme2_adv_CLKIN1_CLKOUT0)
                                                     -3.425    57.814 r  t1/cd/inst/mmcm_adv_inst/CLKOUT0
                         net (fo=1, routed)           1.725    59.539    t1/cd/inst/Clk_16M_clk_wiz_0
    BUFGCTRL_X0Y2        BUFG (Prop_bufg_I_O)         0.091    59.630 r  t1/cd/inst/clkout1_buf/O
                         net (fo=24, routed)          1.532    61.162    t1/cd1/Clk_16M
    SLICE_X60Y80         FDRE                                         r  t1/cd1/Count_reg_reg[19]/C
                         clock pessimism              0.149    61.311    
                         clock uncertainty           -0.174    61.137    
    SLICE_X60Y80         FDRE (Setup_fdre_C_D)        0.062    61.199    t1/cd1/Count_reg_reg[19]
  -------------------------------------------------------------------
                         required time                         61.199    
                         arrival time                          -4.090    
  -------------------------------------------------------------------
                         slack                                 57.109    

Slack (MET) :             57.183ns  (required time - arrival time)
  Source:                 t1/cd1/Count_reg_reg[1]/C
                            (rising edge-triggered cell FDRE clocked by Clk_16M_clk_wiz_0  {rise@0.000ns fall@29.815ns period=59.630ns})
  Destination:            t1/cd1/Count_reg_reg[18]/D
                            (rising edge-triggered cell FDRE clocked by Clk_16M_clk_wiz_0  {rise@0.000ns fall@29.815ns period=59.630ns})
  Path Group:             Clk_16M_clk_wiz_0
  Path Type:              Setup (Max at Slow Process Corner)
  Requirement:            59.630ns  (Clk_16M_clk_wiz_0 rise@59.630ns - Clk_16M_clk_wiz_0 rise@0.000ns)
  Data Path Delay:        2.317ns  (logic 1.711ns (73.842%)  route 0.606ns (26.158%))
  Logic Levels:           5  (CARRY4=5)
  Clock Path Skew:        -0.018ns (DCD - SCD + CPR)
    Destination Clock Delay (DCD):    1.532ns = ( 61.162 - 59.630 ) 
    Source Clock Delay      (SCD):    1.699ns
    Clock Pessimism Removal (CPR):    0.149ns
  Clock Uncertainty:      0.174ns  ((TSJ^2 + DJ^2)^1/2) / 2 + PE
    Total System Jitter     (TSJ):    0.071ns
    Discrete Jitter          (DJ):    0.341ns
    Phase Error              (PE):    0.000ns

    Location             Delay type                Incr(ns)  Path(ns)    Netlist Resource(s)
  -------------------------------------------------------------------    -------------------
                         (clock Clk_16M_clk_wiz_0 rise edge)
                                                      0.000     0.000 r  
    BUFGCTRL_X0Y0        BUFG                         0.000     0.000 r  Clk_100M_IBUF_BUFG_inst/O
                         net (fo=1831, routed)        1.803     1.803    t1/cd/inst/Clk_100M
    MMCME2_ADV_X1Y0      MMCME2_ADV (Prop_mmcme2_adv_CLKIN1_CLKOUT0)
                                                     -3.793    -1.990 r  t1/cd/inst/mmcm_adv_inst/CLKOUT0
                         net (fo=1, routed)           1.889    -0.101    t1/cd/inst/Clk_16M_clk_wiz_0
    BUFGCTRL_X0Y2        BUFG (Prop_bufg_I_O)         0.101    -0.000 r  t1/cd/inst/clkout1_buf/O
                         net (fo=24, routed)          1.699     1.699    t1/cd1/Clk_16M
    SLICE_X60Y76         FDRE                                         r  t1/cd1/Count_reg_reg[1]/C
  -------------------------------------------------------------------    -------------------
    SLICE_X60Y76         FDRE (Prop_fdre_C_Q)         0.456     2.155 r  t1/cd1/Count_reg_reg[1]/Q
                         net (fo=1, routed)           0.606     2.761    t1/cd1/Count_reg_reg_n_0_[1]
    SLICE_X60Y76         CARRY4 (Prop_carry4_S[1]_CO[3])
                                                      0.674     3.435 r  t1/cd1/Count_reg_reg[0]_i_1/CO[3]
                         net (fo=1, routed)           0.000     3.435    t1/cd1/Count_reg_reg[0]_i_1_n_0
    SLICE_X60Y77         CARRY4 (Prop_carry4_CI_CO[3])
                                                      0.114     3.549 r  t1/cd1/Count_reg_reg[4]_i_1/CO[3]
                         net (fo=1, routed)           0.000     3.549    t1/cd1/Count_reg_reg[4]_i_1_n_0
    SLICE_X60Y78         CARRY4 (Prop_carry4_CI_CO[3])
                                                      0.114     3.663 r  t1/cd1/Count_reg_reg[8]_i_1/CO[3]
                         net (fo=1, routed)           0.000     3.663    t1/cd1/Count_reg_reg[8]_i_1_n_0
    SLICE_X60Y79         CARRY4 (Prop_carry4_CI_CO[3])
                                                      0.114     3.777 r  t1/cd1/Count_reg_reg[12]_i_1/CO[3]
                         net (fo=1, routed)           0.000     3.777    t1/cd1/Count_reg_reg[12]_i_1_n_0
    SLICE_X60Y80         CARRY4 (Prop_carry4_CI_O[2])
                                                      0.239     4.016 r  t1/cd1/Count_reg_reg[16]_i_1/O[2]
                         net (fo=1, routed)           0.000     4.016    t1/cd1/Count_reg_reg[16]_i_1_n_5
    SLICE_X60Y80         FDRE                                         r  t1/cd1/Count_reg_reg[18]/D
  -------------------------------------------------------------------    -------------------

                         (clock Clk_16M_clk_wiz_0 rise edge)
                                                     59.630    59.630 r  
    BUFGCTRL_X0Y0        BUFG                         0.000    59.630 r  Clk_100M_IBUF_BUFG_inst/O
                         net (fo=1831, routed)        1.609    61.240    t1/cd/inst/Clk_100M
    MMCME2_ADV_X1Y0      MMCME2_ADV (Prop_mmcme2_adv_CLKIN1_CLKOUT0)
                                                     -3.425    57.814 r  t1/cd/inst/mmcm_adv_inst/CLKOUT0
                         net (fo=1, routed)           1.725    59.539    t1/cd/inst/Clk_16M_clk_wiz_0
    BUFGCTRL_X0Y2        BUFG (Prop_bufg_I_O)         0.091    59.630 r  t1/cd/inst/clkout1_buf/O
                         net (fo=24, routed)          1.532    61.162    t1/cd1/Clk_16M
    SLICE_X60Y80         FDRE                                         r  t1/cd1/Count_reg_reg[18]/C
                         clock pessimism              0.149    61.311    
                         clock uncertainty           -0.174    61.137    
    SLICE_X60Y80         FDRE (Setup_fdre_C_D)        0.062    61.199    t1/cd1/Count_reg_reg[18]
  -------------------------------------------------------------------
                         required time                         61.199    
                         arrival time                          -4.016    
  -------------------------------------------------------------------
                         slack                                 57.183    

Slack (MET) :             57.199ns  (required time - arrival time)
  Source:                 t1/cd1/Count_reg_reg[1]/C
                            (rising edge-triggered cell FDRE clocked by Clk_16M_clk_wiz_0  {rise@0.000ns fall@29.815ns period=59.630ns})
  Destination:            t1/cd1/Count_reg_reg[16]/D
                            (rising edge-triggered cell FDRE clocked by Clk_16M_clk_wiz_0  {rise@0.000ns fall@29.815ns period=59.630ns})
  Path Group:             Clk_16M_clk_wiz_0
  Path Type:              Setup (Max at Slow Process Corner)
  Requirement:            59.630ns  (Clk_16M_clk_wiz_0 rise@59.630ns - Clk_16M_clk_wiz_0 rise@0.000ns)
  Data Path Delay:        2.301ns  (logic 1.695ns (73.660%)  route 0.606ns (26.340%))
  Logic Levels:           5  (CARRY4=5)
  Clock Path Skew:        -0.018ns (DCD - SCD + CPR)
    Destination Clock Delay (DCD):    1.532ns = ( 61.162 - 59.630 ) 
    Source Clock Delay      (SCD):    1.699ns
    Clock Pessimism Removal (CPR):    0.149ns
  Clock Uncertainty:      0.174ns  ((TSJ^2 + DJ^2)^1/2) / 2 + PE
    Total System Jitter     (TSJ):    0.071ns
    Discrete Jitter          (DJ):    0.341ns
    Phase Error              (PE):    0.000ns

    Location             Delay type                Incr(ns)  Path(ns)    Netlist Resource(s)
  -------------------------------------------------------------------    -------------------
                         (clock Clk_16M_clk_wiz_0 rise edge)
                                                      0.000     0.000 r  
    BUFGCTRL_X0Y0        BUFG                         0.000     0.000 r  Clk_100M_IBUF_BUFG_inst/O
                         net (fo=1831, routed)        1.803     1.803    t1/cd/inst/Clk_100M
    MMCME2_ADV_X1Y0      MMCME2_ADV (Prop_mmcme2_adv_CLKIN1_CLKOUT0)
                                                     -3.793    -1.990 r  t1/cd/inst/mmcm_adv_inst/CLKOUT0
                         net (fo=1, routed)           1.889    -0.101    t1/cd/inst/Clk_16M_clk_wiz_0
    BUFGCTRL_X0Y2        BUFG (Prop_bufg_I_O)         0.101    -0.000 r  t1/cd/inst/clkout1_buf/O
                         net (fo=24, routed)          1.699     1.699    t1/cd1/Clk_16M
    SLICE_X60Y76         FDRE                                         r  t1/cd1/Count_reg_reg[1]/C
  -------------------------------------------------------------------    -------------------
    SLICE_X60Y76         FDRE (Prop_fdre_C_Q)         0.456     2.155 r  t1/cd1/Count_reg_reg[1]/Q
                         net (fo=1, routed)           0.606     2.761    t1/cd1/Count_reg_reg_n_0_[1]
    SLICE_X60Y76         CARRY4 (Prop_carry4_S[1]_CO[3])
                                                      0.674     3.435 r  t1/cd1/Count_reg_reg[0]_i_1/CO[3]
                         net (fo=1, routed)           0.000     3.435    t1/cd1/Count_reg_reg[0]_i_1_n_0
    SLICE_X60Y77         CARRY4 (Prop_carry4_CI_CO[3])
                                                      0.114     3.549 r  t1/cd1/Count_reg_reg[4]_i_1/CO[3]
                         net (fo=1, routed)           0.000     3.549    t1/cd1/Count_reg_reg[4]_i_1_n_0
    SLICE_X60Y78         CARRY4 (Prop_carry4_CI_CO[3])
                                                      0.114     3.663 r  t1/cd1/Count_reg_reg[8]_i_1/CO[3]
                         net (fo=1, routed)           0.000     3.663    t1/cd1/Count_reg_reg[8]_i_1_n_0
    SLICE_X60Y79         CARRY4 (Prop_carry4_CI_CO[3])
                                                      0.114     3.777 r  t1/cd1/Count_reg_reg[12]_i_1/CO[3]
                         net (fo=1, routed)           0.000     3.777    t1/cd1/Count_reg_reg[12]_i_1_n_0
    SLICE_X60Y80         CARRY4 (Prop_carry4_CI_O[0])
                                                      0.223     4.000 r  t1/cd1/Count_reg_reg[16]_i_1/O[0]
                         net (fo=1, routed)           0.000     4.000    t1/cd1/Count_reg_reg[16]_i_1_n_7
    SLICE_X60Y80         FDRE                                         r  t1/cd1/Count_reg_reg[16]/D
  -------------------------------------------------------------------    -------------------

                         (clock Clk_16M_clk_wiz_0 rise edge)
                                                     59.630    59.630 r  
    BUFGCTRL_X0Y0        BUFG                         0.000    59.630 r  Clk_100M_IBUF_BUFG_inst/O
                         net (fo=1831, routed)        1.609    61.240    t1/cd/inst/Clk_100M
    MMCME2_ADV_X1Y0      MMCME2_ADV (Prop_mmcme2_adv_CLKIN1_CLKOUT0)
                                                     -3.425    57.814 r  t1/cd/inst/mmcm_adv_inst/CLKOUT0
                         net (fo=1, routed)           1.725    59.539    t1/cd/inst/Clk_16M_clk_wiz_0
    BUFGCTRL_X0Y2        BUFG (Prop_bufg_I_O)         0.091    59.630 r  t1/cd/inst/clkout1_buf/O
                         net (fo=24, routed)          1.532    61.162    t1/cd1/Clk_16M
    SLICE_X60Y80         FDRE                                         r  t1/cd1/Count_reg_reg[16]/C
                         clock pessimism              0.149    61.311    
                         clock uncertainty           -0.174    61.137    
    SLICE_X60Y80         FDRE (Setup_fdre_C_D)        0.062    61.199    t1/cd1/Count_reg_reg[16]
  -------------------------------------------------------------------
                         required time                         61.199    
                         arrival time                          -4.000    
  -------------------------------------------------------------------
                         slack                                 57.199    

Slack (MET) :             57.202ns  (required time - arrival time)
  Source:                 t1/cd1/Count_reg_reg[1]/C
                            (rising edge-triggered cell FDRE clocked by Clk_16M_clk_wiz_0  {rise@0.000ns fall@29.815ns period=59.630ns})
  Destination:            t1/cd1/Count_reg_reg[13]/D
                            (rising edge-triggered cell FDRE clocked by Clk_16M_clk_wiz_0  {rise@0.000ns fall@29.815ns period=59.630ns})
  Path Group:             Clk_16M_clk_wiz_0
  Path Type:              Setup (Max at Slow Process Corner)
  Requirement:            59.630ns  (Clk_16M_clk_wiz_0 rise@59.630ns - Clk_16M_clk_wiz_0 rise@0.000ns)
  Data Path Delay:        2.298ns  (logic 1.692ns (73.625%)  route 0.606ns (26.375%))
  Logic Levels:           4  (CARRY4=4)
  Clock Path Skew:        -0.018ns (DCD - SCD + CPR)
    Destination Clock Delay (DCD):    1.532ns = ( 61.162 - 59.630 ) 
    Source Clock Delay      (SCD):    1.699ns
    Clock Pessimism Removal (CPR):    0.149ns
  Clock Uncertainty:      0.174ns  ((TSJ^2 + DJ^2)^1/2) / 2 + PE
    Total System Jitter     (TSJ):    0.071ns
    Discrete Jitter          (DJ):    0.341ns
    Phase Error              (PE):    0.000ns

    Location             Delay type                Incr(ns)  Path(ns)    Netlist Resource(s)
  -------------------------------------------------------------------    -------------------
                         (clock Clk_16M_clk_wiz_0 rise edge)
                                                      0.000     0.000 r  
    BUFGCTRL_X0Y0        BUFG                         0.000     0.000 r  Clk_100M_IBUF_BUFG_inst/O
                         net (fo=1831, routed)        1.803     1.803    t1/cd/inst/Clk_100M
    MMCME2_ADV_X1Y0      MMCME2_ADV (Prop_mmcme2_adv_CLKIN1_CLKOUT0)
                                                     -3.793    -1.990 r  t1/cd/inst/mmcm_adv_inst/CLKOUT0
                         net (fo=1, routed)           1.889    -0.101    t1/cd/inst/Clk_16M_clk_wiz_0
    BUFGCTRL_X0Y2        BUFG (Prop_bufg_I_O)         0.101    -0.000 r  t1/cd/inst/clkout1_buf/O
                         net (fo=24, routed)          1.699     1.699    t1/cd1/Clk_16M
    SLICE_X60Y76         FDRE                                         r  t1/cd1/Count_reg_reg[1]/C
  -------------------------------------------------------------------    -------------------
    SLICE_X60Y76         FDRE (Prop_fdre_C_Q)         0.456     2.155 r  t1/cd1/Count_reg_reg[1]/Q
                         net (fo=1, routed)           0.606     2.761    t1/cd1/Count_reg_reg_n_0_[1]
    SLICE_X60Y76         CARRY4 (Prop_carry4_S[1]_CO[3])
                                                      0.674     3.435 r  t1/cd1/Count_reg_reg[0]_i_1/CO[3]
                         net (fo=1, routed)           0.000     3.435    t1/cd1/Count_reg_reg[0]_i_1_n_0
    SLICE_X60Y77         CARRY4 (Prop_carry4_CI_CO[3])
                                                      0.114     3.549 r  t1/cd1/Count_reg_reg[4]_i_1/CO[3]
                         net (fo=1, routed)           0.000     3.549    t1/cd1/Count_reg_reg[4]_i_1_n_0
    SLICE_X60Y78         CARRY4 (Prop_carry4_CI_CO[3])
                                                      0.114     3.663 r  t1/cd1/Count_reg_reg[8]_i_1/CO[3]
                         net (fo=1, routed)           0.000     3.663    t1/cd1/Count_reg_reg[8]_i_1_n_0
    SLICE_X60Y79         CARRY4 (Prop_carry4_CI_O[1])
                                                      0.334     3.997 r  t1/cd1/Count_reg_reg[12]_i_1/O[1]
                         net (fo=1, routed)           0.000     3.997    t1/cd1/Count_reg_reg[12]_i_1_n_6
    SLICE_X60Y79         FDRE                                         r  t1/cd1/Count_reg_reg[13]/D
  -------------------------------------------------------------------    -------------------

                         (clock Clk_16M_clk_wiz_0 rise edge)
                                                     59.630    59.630 r  
    BUFGCTRL_X0Y0        BUFG                         0.000    59.630 r  Clk_100M_IBUF_BUFG_inst/O
                         net (fo=1831, routed)        1.609    61.240    t1/cd/inst/Clk_100M
    MMCME2_ADV_X1Y0      MMCME2_ADV (Prop_mmcme2_adv_CLKIN1_CLKOUT0)
                                                     -3.425    57.814 r  t1/cd/inst/mmcm_adv_inst/CLKOUT0
                         net (fo=1, routed)           1.725    59.539    t1/cd/inst/Clk_16M_clk_wiz_0
    BUFGCTRL_X0Y2        BUFG (Prop_bufg_I_O)         0.091    59.630 r  t1/cd/inst/clkout1_buf/O
                         net (fo=24, routed)          1.532    61.162    t1/cd1/Clk_16M
    SLICE_X60Y79         FDRE                                         r  t1/cd1/Count_reg_reg[13]/C
                         clock pessimism              0.149    61.311    
                         clock uncertainty           -0.174    61.137    
    SLICE_X60Y79         FDRE (Setup_fdre_C_D)        0.062    61.199    t1/cd1/Count_reg_reg[13]
  -------------------------------------------------------------------
                         required time                         61.199    
                         arrival time                          -3.997    
  -------------------------------------------------------------------
                         slack                                 57.202    

Slack (MET) :             57.223ns  (required time - arrival time)
  Source:                 t1/cd1/Count_reg_reg[1]/C
                            (rising edge-triggered cell FDRE clocked by Clk_16M_clk_wiz_0  {rise@0.000ns fall@29.815ns period=59.630ns})
  Destination:            t1/cd1/Count_reg_reg[15]/D
                            (rising edge-triggered cell FDRE clocked by Clk_16M_clk_wiz_0  {rise@0.000ns fall@29.815ns period=59.630ns})
  Path Group:             Clk_16M_clk_wiz_0
  Path Type:              Setup (Max at Slow Process Corner)
  Requirement:            59.630ns  (Clk_16M_clk_wiz_0 rise@59.630ns - Clk_16M_clk_wiz_0 rise@0.000ns)
  Data Path Delay:        2.277ns  (logic 1.671ns (73.382%)  route 0.606ns (26.618%))
  Logic Levels:           4  (CARRY4=4)
  Clock Path Skew:        -0.018ns (DCD - SCD + CPR)
    Destination Clock Delay (DCD):    1.532ns = ( 61.162 - 59.630 ) 
    Source Clock Delay      (SCD):    1.699ns
    Clock Pessimism Removal (CPR):    0.149ns
  Clock Uncertainty:      0.174ns  ((TSJ^2 + DJ^2)^1/2) / 2 + PE
    Total System Jitter     (TSJ):    0.071ns
    Discrete Jitter          (DJ):    0.341ns
    Phase Error              (PE):    0.000ns

    Location             Delay type                Incr(ns)  Path(ns)    Netlist Resource(s)
  -------------------------------------------------------------------    -------------------
                         (clock Clk_16M_clk_wiz_0 rise edge)
                                                      0.000     0.000 r  
    BUFGCTRL_X0Y0        BUFG                         0.000     0.000 r  Clk_100M_IBUF_BUFG_inst/O
                         net (fo=1831, routed)        1.803     1.803    t1/cd/inst/Clk_100M
    MMCME2_ADV_X1Y0      MMCME2_ADV (Prop_mmcme2_adv_CLKIN1_CLKOUT0)
                                                     -3.793    -1.990 r  t1/cd/inst/mmcm_adv_inst/CLKOUT0
                         net (fo=1, routed)           1.889    -0.101    t1/cd/inst/Clk_16M_clk_wiz_0
    BUFGCTRL_X0Y2        BUFG (Prop_bufg_I_O)         0.101    -0.000 r  t1/cd/inst/clkout1_buf/O
                         net (fo=24, routed)          1.699     1.699    t1/cd1/Clk_16M
    SLICE_X60Y76         FDRE                                         r  t1/cd1/Count_reg_reg[1]/C
  -------------------------------------------------------------------    -------------------
    SLICE_X60Y76         FDRE (Prop_fdre_C_Q)         0.456     2.155 r  t1/cd1/Count_reg_reg[1]/Q
                         net (fo=1, routed)           0.606     2.761    t1/cd1/Count_reg_reg_n_0_[1]
    SLICE_X60Y76         CARRY4 (Prop_carry4_S[1]_CO[3])
                                                      0.674     3.435 r  t1/cd1/Count_reg_reg[0]_i_1/CO[3]
                         net (fo=1, routed)           0.000     3.435    t1/cd1/Count_reg_reg[0]_i_1_n_0
    SLICE_X60Y77         CARRY4 (Prop_carry4_CI_CO[3])
                                                      0.114     3.549 r  t1/cd1/Count_reg_reg[4]_i_1/CO[3]
                         net (fo=1, routed)           0.000     3.549    t1/cd1/Count_reg_reg[4]_i_1_n_0
    SLICE_X60Y78         CARRY4 (Prop_carry4_CI_CO[3])
                                                      0.114     3.663 r  t1/cd1/Count_reg_reg[8]_i_1/CO[3]
                         net (fo=1, routed)           0.000     3.663    t1/cd1/Count_reg_reg[8]_i_1_n_0
    SLICE_X60Y79         CARRY4 (Prop_carry4_CI_O[3])
                                                      0.313     3.976 r  t1/cd1/Count_reg_reg[12]_i_1/O[3]
                         net (fo=1, routed)           0.000     3.976    t1/cd1/Count_reg_reg[12]_i_1_n_4
    SLICE_X60Y79         FDRE                                         r  t1/cd1/Count_reg_reg[15]/D
  -------------------------------------------------------------------    -------------------

                         (clock Clk_16M_clk_wiz_0 rise edge)
                                                     59.630    59.630 r  
    BUFGCTRL_X0Y0        BUFG                         0.000    59.630 r  Clk_100M_IBUF_BUFG_inst/O
                         net (fo=1831, routed)        1.609    61.240    t1/cd/inst/Clk_100M
    MMCME2_ADV_X1Y0      MMCME2_ADV (Prop_mmcme2_adv_CLKIN1_CLKOUT0)
                                                     -3.425    57.814 r  t1/cd/inst/mmcm_adv_inst/CLKOUT0
                         net (fo=1, routed)           1.725    59.539    t1/cd/inst/Clk_16M_clk_wiz_0
    BUFGCTRL_X0Y2        BUFG (Prop_bufg_I_O)         0.091    59.630 r  t1/cd/inst/clkout1_buf/O
                         net (fo=24, routed)          1.532    61.162    t1/cd1/Clk_16M
    SLICE_X60Y79         FDRE                                         r  t1/cd1/Count_reg_reg[15]/C
                         clock pessimism              0.149    61.311    
                         clock uncertainty           -0.174    61.137    
    SLICE_X60Y79         FDRE (Setup_fdre_C_D)        0.062    61.199    t1/cd1/Count_reg_reg[15]
  -------------------------------------------------------------------
                         required time                         61.199    
                         arrival time                          -3.976    
  -------------------------------------------------------------------
                         slack                                 57.223    





Min Delay Paths
--------------------------------------------------------------------------------------
Slack (MET) :             0.268ns  (arrival time - required time)
  Source:                 t1/cd1/Count_reg_reg[14]/C
                            (rising edge-triggered cell FDRE clocked by Clk_16M_clk_wiz_0  {rise@0.000ns fall@29.815ns period=59.630ns})
  Destination:            t1/cd1/Count_reg_reg[14]/D
                            (rising edge-triggered cell FDRE clocked by Clk_16M_clk_wiz_0  {rise@0.000ns fall@29.815ns period=59.630ns})
  Path Group:             Clk_16M_clk_wiz_0
  Path Type:              Hold (Min at Fast Process Corner)
  Requirement:            0.000ns  (Clk_16M_clk_wiz_0 rise@0.000ns - Clk_16M_clk_wiz_0 rise@0.000ns)
  Data Path Delay:        0.373ns  (logic 0.252ns (67.478%)  route 0.121ns (32.522%))
  Logic Levels:           1  (CARRY4=1)
  Clock Path Skew:        0.000ns (DCD - SCD - CPR)
    Destination Clock Delay (DCD):    0.839ns
    Source Clock Delay      (SCD):    0.572ns
    Clock Pessimism Removal (CPR):    0.267ns

    Location             Delay type                Incr(ns)  Path(ns)    Netlist Resource(s)
  -------------------------------------------------------------------    -------------------
                         (clock Clk_16M_clk_wiz_0 rise edge)
                                                      0.000     0.000 r  
    BUFGCTRL_X0Y0        BUFG                         0.000     0.000 r  Clk_100M_IBUF_BUFG_inst/O
                         net (fo=1831, routed)        0.595     0.595    t1/cd/inst/Clk_100M
    MMCME2_ADV_X1Y0      MMCME2_ADV (Prop_mmcme2_adv_CLKIN1_CLKOUT0)
                                                     -1.150    -0.555 r  t1/cd/inst/mmcm_adv_inst/CLKOUT0
                         net (fo=1, routed)           0.529    -0.026    t1/cd/inst/Clk_16M_clk_wiz_0
    BUFGCTRL_X0Y2        BUFG (Prop_bufg_I_O)         0.026    -0.000 r  t1/cd/inst/clkout1_buf/O
                         net (fo=24, routed)          0.572     0.572    t1/cd1/Clk_16M
    SLICE_X60Y79         FDRE                                         r  t1/cd1/Count_reg_reg[14]/C
  -------------------------------------------------------------------    -------------------
    SLICE_X60Y79         FDRE (Prop_fdre_C_Q)         0.141     0.713 r  t1/cd1/Count_reg_reg[14]/Q
                         net (fo=1, routed)           0.121     0.834    t1/cd1/Count_reg_reg_n_0_[14]
    SLICE_X60Y79         CARRY4 (Prop_carry4_S[2]_O[2])
                                                      0.111     0.945 r  t1/cd1/Count_reg_reg[12]_i_1/O[2]
                         net (fo=1, routed)           0.000     0.945    t1/cd1/Count_reg_reg[12]_i_1_n_5
    SLICE_X60Y79         FDRE                                         r  t1/cd1/Count_reg_reg[14]/D
  -------------------------------------------------------------------    -------------------

                         (clock Clk_16M_clk_wiz_0 rise edge)
                                                      0.000     0.000 r  
    BUFGCTRL_X0Y0        BUFG                         0.000     0.000 r  Clk_100M_IBUF_BUFG_inst/O
                         net (fo=1831, routed)        0.862     0.862    t1/cd/inst/Clk_100M
    MMCME2_ADV_X1Y0      MMCME2_ADV (Prop_mmcme2_adv_CLKIN1_CLKOUT0)
                                                     -1.467    -0.605 r  t1/cd/inst/mmcm_adv_inst/CLKOUT0
                         net (fo=1, routed)           0.576    -0.029    t1/cd/inst/Clk_16M_clk_wiz_0
    BUFGCTRL_X0Y2        BUFG (Prop_bufg_I_O)         0.029    -0.000 r  t1/cd/inst/clkout1_buf/O
                         net (fo=24, routed)          0.839     0.839    t1/cd1/Clk_16M
    SLICE_X60Y79         FDRE                                         r  t1/cd1/Count_reg_reg[14]/C
                         clock pessimism             -0.267     0.572    
    SLICE_X60Y79         FDRE (Hold_fdre_C_D)         0.105     0.677    t1/cd1/Count_reg_reg[14]
  -------------------------------------------------------------------
                         required time                         -0.677    
                         arrival time                           0.945    
  -------------------------------------------------------------------
                         slack                                  0.268    

Slack (MET) :             0.268ns  (arrival time - required time)
  Source:                 t1/cd1/Count_reg_reg[22]/C
                            (rising edge-triggered cell FDRE clocked by Clk_16M_clk_wiz_0  {rise@0.000ns fall@29.815ns period=59.630ns})
  Destination:            t1/cd1/Count_reg_reg[22]/D
                            (rising edge-triggered cell FDRE clocked by Clk_16M_clk_wiz_0  {rise@0.000ns fall@29.815ns period=59.630ns})
  Path Group:             Clk_16M_clk_wiz_0
  Path Type:              Hold (Min at Fast Process Corner)
  Requirement:            0.000ns  (Clk_16M_clk_wiz_0 rise@0.000ns - Clk_16M_clk_wiz_0 rise@0.000ns)
  Data Path Delay:        0.373ns  (logic 0.252ns (67.478%)  route 0.121ns (32.522%))
  Logic Levels:           1  (CARRY4=1)
  Clock Path Skew:        0.000ns (DCD - SCD - CPR)
    Destination Clock Delay (DCD):    0.841ns
    Source Clock Delay      (SCD):    0.574ns
    Clock Pessimism Removal (CPR):    0.267ns

    Location             Delay type                Incr(ns)  Path(ns)    Netlist Resource(s)
  -------------------------------------------------------------------    -------------------
                         (clock Clk_16M_clk_wiz_0 rise edge)
                                                      0.000     0.000 r  
    BUFGCTRL_X0Y0        BUFG                         0.000     0.000 r  Clk_100M_IBUF_BUFG_inst/O
                         net (fo=1831, routed)        0.595     0.595    t1/cd/inst/Clk_100M
    MMCME2_ADV_X1Y0      MMCME2_ADV (Prop_mmcme2_adv_CLKIN1_CLKOUT0)
                                                     -1.150    -0.555 r  t1/cd/inst/mmcm_adv_inst/CLKOUT0
                         net (fo=1, routed)           0.529    -0.026    t1/cd/inst/Clk_16M_clk_wiz_0
    BUFGCTRL_X0Y2        BUFG (Prop_bufg_I_O)         0.026    -0.000 r  t1/cd/inst/clkout1_buf/O
                         net (fo=24, routed)          0.574     0.574    t1/cd1/Clk_16M
    SLICE_X60Y81         FDRE                                         r  t1/cd1/Count_reg_reg[22]/C
  -------------------------------------------------------------------    -------------------
    SLICE_X60Y81         FDRE (Prop_fdre_C_Q)         0.141     0.715 r  t1/cd1/Count_reg_reg[22]/Q
                         net (fo=1, routed)           0.121     0.836    t1/cd1/Count_reg_reg_n_0_[22]
    SLICE_X60Y81         CARRY4 (Prop_carry4_S[2]_O[2])
                                                      0.111     0.947 r  t1/cd1/Count_reg_reg[20]_i_1/O[2]
                         net (fo=1, routed)           0.000     0.947    t1/cd1/Count_reg_reg[20]_i_1_n_5
    SLICE_X60Y81         FDRE                                         r  t1/cd1/Count_reg_reg[22]/D
  -------------------------------------------------------------------    -------------------

                         (clock Clk_16M_clk_wiz_0 rise edge)
                                                      0.000     0.000 r  
    BUFGCTRL_X0Y0        BUFG                         0.000     0.000 r  Clk_100M_IBUF_BUFG_inst/O
                         net (fo=1831, routed)        0.862     0.862    t1/cd/inst/Clk_100M
    MMCME2_ADV_X1Y0      MMCME2_ADV (Prop_mmcme2_adv_CLKIN1_CLKOUT0)
                                                     -1.467    -0.605 r  t1/cd/inst/mmcm_adv_inst/CLKOUT0
                         net (fo=1, routed)           0.576    -0.029    t1/cd/inst/Clk_16M_clk_wiz_0
    BUFGCTRL_X0Y2        BUFG (Prop_bufg_I_O)         0.029    -0.000 r  t1/cd/inst/clkout1_buf/O
                         net (fo=24, routed)          0.841     0.841    t1/cd1/Clk_16M
    SLICE_X60Y81         FDRE                                         r  t1/cd1/Count_reg_reg[22]/C
                         clock pessimism             -0.267     0.574    
    SLICE_X60Y81         FDRE (Hold_fdre_C_D)         0.105     0.679    t1/cd1/Count_reg_reg[22]
  -------------------------------------------------------------------
                         required time                         -0.679    
                         arrival time                           0.947    
  -------------------------------------------------------------------
                         slack                                  0.268    

Slack (MET) :             0.268ns  (arrival time - required time)
  Source:                 t1/cd1/Count_reg_reg[18]/C
                            (rising edge-triggered cell FDRE clocked by Clk_16M_clk_wiz_0  {rise@0.000ns fall@29.815ns period=59.630ns})
  Destination:            t1/cd1/Count_reg_reg[18]/D
                            (rising edge-triggered cell FDRE clocked by Clk_16M_clk_wiz_0  {rise@0.000ns fall@29.815ns period=59.630ns})
  Path Group:             Clk_16M_clk_wiz_0
  Path Type:              Hold (Min at Fast Process Corner)
  Requirement:            0.000ns  (Clk_16M_clk_wiz_0 rise@0.000ns - Clk_16M_clk_wiz_0 rise@0.000ns)
  Data Path Delay:        0.373ns  (logic 0.252ns (67.478%)  route 0.121ns (32.522%))
  Logic Levels:           1  (CARRY4=1)
  Clock Path Skew:        0.000ns (DCD - SCD - CPR)
    Destination Clock Delay (DCD):    0.840ns
    Source Clock Delay      (SCD):    0.573ns
    Clock Pessimism Removal (CPR):    0.267ns

    Location             Delay type                Incr(ns)  Path(ns)    Netlist Resource(s)
  -------------------------------------------------------------------    -------------------
                         (clock Clk_16M_clk_wiz_0 rise edge)
                                                      0.000     0.000 r  
    BUFGCTRL_X0Y0        BUFG                         0.000     0.000 r  Clk_100M_IBUF_BUFG_inst/O
                         net (fo=1831, routed)        0.595     0.595    t1/cd/inst/Clk_100M
    MMCME2_ADV_X1Y0      MMCME2_ADV (Prop_mmcme2_adv_CLKIN1_CLKOUT0)
                                                     -1.150    -0.555 r  t1/cd/inst/mmcm_adv_inst/CLKOUT0
                         net (fo=1, routed)           0.529    -0.026    t1/cd/inst/Clk_16M_clk_wiz_0
    BUFGCTRL_X0Y2        BUFG (Prop_bufg_I_O)         0.026    -0.000 r  t1/cd/inst/clkout1_buf/O
                         net (fo=24, routed)          0.573     0.573    t1/cd1/Clk_16M
    SLICE_X60Y80         FDRE                                         r  t1/cd1/Count_reg_reg[18]/C
  -------------------------------------------------------------------    -------------------
    SLICE_X60Y80         FDRE (Prop_fdre_C_Q)         0.141     0.714 r  t1/cd1/Count_reg_reg[18]/Q
                         net (fo=1, routed)           0.121     0.835    t1/cd1/Count_reg_reg_n_0_[18]
    SLICE_X60Y80         CARRY4 (Prop_carry4_S[2]_O[2])
                                                      0.111     0.946 r  t1/cd1/Count_reg_reg[16]_i_1/O[2]
                         net (fo=1, routed)           0.000     0.946    t1/cd1/Count_reg_reg[16]_i_1_n_5
    SLICE_X60Y80         FDRE                                         r  t1/cd1/Count_reg_reg[18]/D
  -------------------------------------------------------------------    -------------------

                         (clock Clk_16M_clk_wiz_0 rise edge)
                                                      0.000     0.000 r  
    BUFGCTRL_X0Y0        BUFG                         0.000     0.000 r  Clk_100M_IBUF_BUFG_inst/O
                         net (fo=1831, routed)        0.862     0.862    t1/cd/inst/Clk_100M
    MMCME2_ADV_X1Y0      MMCME2_ADV (Prop_mmcme2_adv_CLKIN1_CLKOUT0)
                                                     -1.467    -0.605 r  t1/cd/inst/mmcm_adv_inst/CLKOUT0
                         net (fo=1, routed)           0.576    -0.029    t1/cd/inst/Clk_16M_clk_wiz_0
    BUFGCTRL_X0Y2        BUFG (Prop_bufg_I_O)         0.029    -0.000 r  t1/cd/inst/clkout1_buf/O
                         net (fo=24, routed)          0.840     0.840    t1/cd1/Clk_16M
    SLICE_X60Y80         FDRE                                         r  t1/cd1/Count_reg_reg[18]/C
                         clock pessimism             -0.267     0.573    
    SLICE_X60Y80         FDRE (Hold_fdre_C_D)         0.105     0.678    t1/cd1/Count_reg_reg[18]
  -------------------------------------------------------------------
                         required time                         -0.678    
                         arrival time                           0.946    
  -------------------------------------------------------------------
                         slack                                  0.268    

Slack (MET) :             0.268ns  (arrival time - required time)
  Source:                 t1/cd1/Count_reg_reg[6]/C
                            (rising edge-triggered cell FDRE clocked by Clk_16M_clk_wiz_0  {rise@0.000ns fall@29.815ns period=59.630ns})
  Destination:            t1/cd1/Count_reg_reg[6]/D
                            (rising edge-triggered cell FDRE clocked by Clk_16M_clk_wiz_0  {rise@0.000ns fall@29.815ns period=59.630ns})
  Path Group:             Clk_16M_clk_wiz_0
  Path Type:              Hold (Min at Fast Process Corner)
  Requirement:            0.000ns  (Clk_16M_clk_wiz_0 rise@0.000ns - Clk_16M_clk_wiz_0 rise@0.000ns)
  Data Path Delay:        0.373ns  (logic 0.252ns (67.478%)  route 0.121ns (32.522%))
  Logic Levels:           1  (CARRY4=1)
  Clock Path Skew:        0.000ns (DCD - SCD - CPR)
    Destination Clock Delay (DCD):    0.837ns
    Source Clock Delay      (SCD):    0.571ns
    Clock Pessimism Removal (CPR):    0.266ns

    Location             Delay type                Incr(ns)  Path(ns)    Netlist Resource(s)
  -------------------------------------------------------------------    -------------------
                         (clock Clk_16M_clk_wiz_0 rise edge)
                                                      0.000     0.000 r  
    BUFGCTRL_X0Y0        BUFG                         0.000     0.000 r  Clk_100M_IBUF_BUFG_inst/O
                         net (fo=1831, routed)        0.595     0.595    t1/cd/inst/Clk_100M
    MMCME2_ADV_X1Y0      MMCME2_ADV (Prop_mmcme2_adv_CLKIN1_CLKOUT0)
                                                     -1.150    -0.555 r  t1/cd/inst/mmcm_adv_inst/CLKOUT0
                         net (fo=1, routed)           0.529    -0.026    t1/cd/inst/Clk_16M_clk_wiz_0
    BUFGCTRL_X0Y2        BUFG (Prop_bufg_I_O)         0.026    -0.000 r  t1/cd/inst/clkout1_buf/O
                         net (fo=24, routed)          0.571     0.571    t1/cd1/Clk_16M
    SLICE_X60Y77         FDRE                                         r  t1/cd1/Count_reg_reg[6]/C
  -------------------------------------------------------------------    -------------------
    SLICE_X60Y77         FDRE (Prop_fdre_C_Q)         0.141     0.712 r  t1/cd1/Count_reg_reg[6]/Q
                         net (fo=1, routed)           0.121     0.833    t1/cd1/Count_reg_reg_n_0_[6]
    SLICE_X60Y77         CARRY4 (Prop_carry4_S[2]_O[2])
                                                      0.111     0.944 r  t1/cd1/Count_reg_reg[4]_i_1/O[2]
                         net (fo=1, routed)           0.000     0.944    t1/cd1/Count_reg_reg[4]_i_1_n_5
    SLICE_X60Y77         FDRE                                         r  t1/cd1/Count_reg_reg[6]/D
  -------------------------------------------------------------------    -------------------

                         (clock Clk_16M_clk_wiz_0 rise edge)
                                                      0.000     0.000 r  
    BUFGCTRL_X0Y0        BUFG                         0.000     0.000 r  Clk_100M_IBUF_BUFG_inst/O
                         net (fo=1831, routed)        0.862     0.862    t1/cd/inst/Clk_100M
    MMCME2_ADV_X1Y0      MMCME2_ADV (Prop_mmcme2_adv_CLKIN1_CLKOUT0)
                                                     -1.467    -0.605 r  t1/cd/inst/mmcm_adv_inst/CLKOUT0
                         net (fo=1, routed)           0.576    -0.029    t1/cd/inst/Clk_16M_clk_wiz_0
    BUFGCTRL_X0Y2        BUFG (Prop_bufg_I_O)         0.029    -0.000 r  t1/cd/inst/clkout1_buf/O
                         net (fo=24, routed)          0.837     0.837    t1/cd1/Clk_16M
    SLICE_X60Y77         FDRE                                         r  t1/cd1/Count_reg_reg[6]/C
                         clock pessimism             -0.266     0.571    
    SLICE_X60Y77         FDRE (Hold_fdre_C_D)         0.105     0.676    t1/cd1/Count_reg_reg[6]
  -------------------------------------------------------------------
                         required time                         -0.676    
                         arrival time                           0.944    
  -------------------------------------------------------------------
                         slack                                  0.268    

Slack (MET) :             0.268ns  (arrival time - required time)
  Source:                 t1/cd1/Count_reg_reg[10]/C
                            (rising edge-triggered cell FDRE clocked by Clk_16M_clk_wiz_0  {rise@0.000ns fall@29.815ns period=59.630ns})
  Destination:            t1/cd1/Count_reg_reg[10]/D
                            (rising edge-triggered cell FDRE clocked by Clk_16M_clk_wiz_0  {rise@0.000ns fall@29.815ns period=59.630ns})
  Path Group:             Clk_16M_clk_wiz_0
  Path Type:              Hold (Min at Fast Process Corner)
  Requirement:            0.000ns  (Clk_16M_clk_wiz_0 rise@0.000ns - Clk_16M_clk_wiz_0 rise@0.000ns)
  Data Path Delay:        0.373ns  (logic 0.252ns (67.478%)  route 0.121ns (32.522%))
  Logic Levels:           1  (CARRY4=1)
  Clock Path Skew:        0.000ns (DCD - SCD - CPR)
    Destination Clock Delay (DCD):    0.838ns
    Source Clock Delay      (SCD):    0.571ns
    Clock Pessimism Removal (CPR):    0.267ns

    Location             Delay type                Incr(ns)  Path(ns)    Netlist Resource(s)
  -------------------------------------------------------------------    -------------------
                         (clock Clk_16M_clk_wiz_0 rise edge)
                                                      0.000     0.000 r  
    BUFGCTRL_X0Y0        BUFG                         0.000     0.000 r  Clk_100M_IBUF_BUFG_inst/O
                         net (fo=1831, routed)        0.595     0.595    t1/cd/inst/Clk_100M
    MMCME2_ADV_X1Y0      MMCME2_ADV (Prop_mmcme2_adv_CLKIN1_CLKOUT0)
                                                     -1.150    -0.555 r  t1/cd/inst/mmcm_adv_inst/CLKOUT0
                         net (fo=1, routed)           0.529    -0.026    t1/cd/inst/Clk_16M_clk_wiz_0
    BUFGCTRL_X0Y2        BUFG (Prop_bufg_I_O)         0.026    -0.000 r  t1/cd/inst/clkout1_buf/O
                         net (fo=24, routed)          0.571     0.571    t1/cd1/Clk_16M
    SLICE_X60Y78         FDRE                                         r  t1/cd1/Count_reg_reg[10]/C
  -------------------------------------------------------------------    -------------------
    SLICE_X60Y78         FDRE (Prop_fdre_C_Q)         0.141     0.712 r  t1/cd1/Count_reg_reg[10]/Q
                         net (fo=1, routed)           0.121     0.833    t1/cd1/Count_reg_reg_n_0_[10]
    SLICE_X60Y78         CARRY4 (Prop_carry4_S[2]_O[2])
                                                      0.111     0.944 r  t1/cd1/Count_reg_reg[8]_i_1/O[2]
                         net (fo=1, routed)           0.000     0.944    t1/cd1/Count_reg_reg[8]_i_1_n_5
    SLICE_X60Y78         FDRE                                         r  t1/cd1/Count_reg_reg[10]/D
  -------------------------------------------------------------------    -------------------

                         (clock Clk_16M_clk_wiz_0 rise edge)
                                                      0.000     0.000 r  
    BUFGCTRL_X0Y0        BUFG                         0.000     0.000 r  Clk_100M_IBUF_BUFG_inst/O
                         net (fo=1831, routed)        0.862     0.862    t1/cd/inst/Clk_100M
    MMCME2_ADV_X1Y0      MMCME2_ADV (Prop_mmcme2_adv_CLKIN1_CLKOUT0)
                                                     -1.467    -0.605 r  t1/cd/inst/mmcm_adv_inst/CLKOUT0
                         net (fo=1, routed)           0.576    -0.029    t1/cd/inst/Clk_16M_clk_wiz_0
    BUFGCTRL_X0Y2        BUFG (Prop_bufg_I_O)         0.029    -0.000 r  t1/cd/inst/clkout1_buf/O
                         net (fo=24, routed)          0.838     0.838    t1/cd1/Clk_16M
    SLICE_X60Y78         FDRE                                         r  t1/cd1/Count_reg_reg[10]/C
                         clock pessimism             -0.267     0.571    
    SLICE_X60Y78         FDRE (Hold_fdre_C_D)         0.105     0.676    t1/cd1/Count_reg_reg[10]
  -------------------------------------------------------------------
                         required time                         -0.676    
                         arrival time                           0.944    
  -------------------------------------------------------------------
                         slack                                  0.268    

Slack (MET) :             0.301ns  (arrival time - required time)
  Source:                 t1/cd1/Count_reg_reg[14]/C
                            (rising edge-triggered cell FDRE clocked by Clk_16M_clk_wiz_0  {rise@0.000ns fall@29.815ns period=59.630ns})
  Destination:            t1/cd1/Count_reg_reg[15]/D
                            (rising edge-triggered cell FDRE clocked by Clk_16M_clk_wiz_0  {rise@0.000ns fall@29.815ns period=59.630ns})
  Path Group:             Clk_16M_clk_wiz_0
  Path Type:              Hold (Min at Fast Process Corner)
  Requirement:            0.000ns  (Clk_16M_clk_wiz_0 rise@0.000ns - Clk_16M_clk_wiz_0 rise@0.000ns)
  Data Path Delay:        0.406ns  (logic 0.285ns (70.118%)  route 0.121ns (29.882%))
  Logic Levels:           1  (CARRY4=1)
  Clock Path Skew:        0.000ns (DCD - SCD - CPR)
    Destination Clock Delay (DCD):    0.839ns
    Source Clock Delay      (SCD):    0.572ns
    Clock Pessimism Removal (CPR):    0.267ns

    Location             Delay type                Incr(ns)  Path(ns)    Netlist Resource(s)
  -------------------------------------------------------------------    -------------------
                         (clock Clk_16M_clk_wiz_0 rise edge)
                                                      0.000     0.000 r  
    BUFGCTRL_X0Y0        BUFG                         0.000     0.000 r  Clk_100M_IBUF_BUFG_inst/O
                         net (fo=1831, routed)        0.595     0.595    t1/cd/inst/Clk_100M
    MMCME2_ADV_X1Y0      MMCME2_ADV (Prop_mmcme2_adv_CLKIN1_CLKOUT0)
                                                     -1.150    -0.555 r  t1/cd/inst/mmcm_adv_inst/CLKOUT0
                         net (fo=1, routed)           0.529    -0.026    t1/cd/inst/Clk_16M_clk_wiz_0
    BUFGCTRL_X0Y2        BUFG (Prop_bufg_I_O)         0.026    -0.000 r  t1/cd/inst/clkout1_buf/O
                         net (fo=24, routed)          0.572     0.572    t1/cd1/Clk_16M
    SLICE_X60Y79         FDRE                                         r  t1/cd1/Count_reg_reg[14]/C
  -------------------------------------------------------------------    -------------------
    SLICE_X60Y79         FDRE (Prop_fdre_C_Q)         0.141     0.713 r  t1/cd1/Count_reg_reg[14]/Q
                         net (fo=1, routed)           0.121     0.834    t1/cd1/Count_reg_reg_n_0_[14]
    SLICE_X60Y79         CARRY4 (Prop_carry4_S[2]_O[3])
                                                      0.144     0.978 r  t1/cd1/Count_reg_reg[12]_i_1/O[3]
                         net (fo=1, routed)           0.000     0.978    t1/cd1/Count_reg_reg[12]_i_1_n_4
    SLICE_X60Y79         FDRE                                         r  t1/cd1/Count_reg_reg[15]/D
  -------------------------------------------------------------------    -------------------

                         (clock Clk_16M_clk_wiz_0 rise edge)
                                                      0.000     0.000 r  
    BUFGCTRL_X0Y0        BUFG                         0.000     0.000 r  Clk_100M_IBUF_BUFG_inst/O
                         net (fo=1831, routed)        0.862     0.862    t1/cd/inst/Clk_100M
    MMCME2_ADV_X1Y0      MMCME2_ADV (Prop_mmcme2_adv_CLKIN1_CLKOUT0)
                                                     -1.467    -0.605 r  t1/cd/inst/mmcm_adv_inst/CLKOUT0
                         net (fo=1, routed)           0.576    -0.029    t1/cd/inst/Clk_16M_clk_wiz_0
    BUFGCTRL_X0Y2        BUFG (Prop_bufg_I_O)         0.029    -0.000 r  t1/cd/inst/clkout1_buf/O
                         net (fo=24, routed)          0.839     0.839    t1/cd1/Clk_16M
    SLICE_X60Y79         FDRE                                         r  t1/cd1/Count_reg_reg[15]/C
                         clock pessimism             -0.267     0.572    
    SLICE_X60Y79         FDRE (Hold_fdre_C_D)         0.105     0.677    t1/cd1/Count_reg_reg[15]
  -------------------------------------------------------------------
                         required time                         -0.677    
                         arrival time                           0.978    
  -------------------------------------------------------------------
                         slack                                  0.301    

Slack (MET) :             0.301ns  (arrival time - required time)
  Source:                 t1/cd1/Count_reg_reg[22]/C
                            (rising edge-triggered cell FDRE clocked by Clk_16M_clk_wiz_0  {rise@0.000ns fall@29.815ns period=59.630ns})
  Destination:            t1/cd1/Count_reg_reg[23]/D
                            (rising edge-triggered cell FDRE clocked by Clk_16M_clk_wiz_0  {rise@0.000ns fall@29.815ns period=59.630ns})
  Path Group:             Clk_16M_clk_wiz_0
  Path Type:              Hold (Min at Fast Process Corner)
  Requirement:            0.000ns  (Clk_16M_clk_wiz_0 rise@0.000ns - Clk_16M_clk_wiz_0 rise@0.000ns)
  Data Path Delay:        0.406ns  (logic 0.285ns (70.118%)  route 0.121ns (29.882%))
  Logic Levels:           1  (CARRY4=1)
  Clock Path Skew:        0.000ns (DCD - SCD - CPR)
    Destination Clock Delay (DCD):    0.841ns
    Source Clock Delay      (SCD):    0.574ns
    Clock Pessimism Removal (CPR):    0.267ns

    Location             Delay type                Incr(ns)  Path(ns)    Netlist Resource(s)
  -------------------------------------------------------------------    -------------------
                         (clock Clk_16M_clk_wiz_0 rise edge)
                                                      0.000     0.000 r  
    BUFGCTRL_X0Y0        BUFG                         0.000     0.000 r  Clk_100M_IBUF_BUFG_inst/O
                         net (fo=1831, routed)        0.595     0.595    t1/cd/inst/Clk_100M
    MMCME2_ADV_X1Y0      MMCME2_ADV (Prop_mmcme2_adv_CLKIN1_CLKOUT0)
                                                     -1.150    -0.555 r  t1/cd/inst/mmcm_adv_inst/CLKOUT0
                         net (fo=1, routed)           0.529    -0.026    t1/cd/inst/Clk_16M_clk_wiz_0
    BUFGCTRL_X0Y2        BUFG (Prop_bufg_I_O)         0.026    -0.000 r  t1/cd/inst/clkout1_buf/O
                         net (fo=24, routed)          0.574     0.574    t1/cd1/Clk_16M
    SLICE_X60Y81         FDRE                                         r  t1/cd1/Count_reg_reg[22]/C
  -------------------------------------------------------------------    -------------------
    SLICE_X60Y81         FDRE (Prop_fdre_C_Q)         0.141     0.715 r  t1/cd1/Count_reg_reg[22]/Q
                         net (fo=1, routed)           0.121     0.836    t1/cd1/Count_reg_reg_n_0_[22]
    SLICE_X60Y81         CARRY4 (Prop_carry4_S[2]_O[3])
                                                      0.144     0.980 r  t1/cd1/Count_reg_reg[20]_i_1/O[3]
                         net (fo=1, routed)           0.000     0.980    t1/cd1/Count_reg_reg[20]_i_1_n_4
    SLICE_X60Y81         FDRE                                         r  t1/cd1/Count_reg_reg[23]/D
  -------------------------------------------------------------------    -------------------

                         (clock Clk_16M_clk_wiz_0 rise edge)
                                                      0.000     0.000 r  
    BUFGCTRL_X0Y0        BUFG                         0.000     0.000 r  Clk_100M_IBUF_BUFG_inst/O
                         net (fo=1831, routed)        0.862     0.862    t1/cd/inst/Clk_100M
    MMCME2_ADV_X1Y0      MMCME2_ADV (Prop_mmcme2_adv_CLKIN1_CLKOUT0)
                                                     -1.467    -0.605 r  t1/cd/inst/mmcm_adv_inst/CLKOUT0
                         net (fo=1, routed)           0.576    -0.029    t1/cd/inst/Clk_16M_clk_wiz_0
    BUFGCTRL_X0Y2        BUFG (Prop_bufg_I_O)         0.029    -0.000 r  t1/cd/inst/clkout1_buf/O
                         net (fo=24, routed)          0.841     0.841    t1/cd1/Clk_16M
    SLICE_X60Y81         FDRE                                         r  t1/cd1/Count_reg_reg[23]/C
                         clock pessimism             -0.267     0.574    
    SLICE_X60Y81         FDRE (Hold_fdre_C_D)         0.105     0.679    t1/cd1/Count_reg_reg[23]
  -------------------------------------------------------------------
                         required time                         -0.679    
                         arrival time                           0.980    
  -------------------------------------------------------------------
                         slack                                  0.301    

Slack (MET) :             0.301ns  (arrival time - required time)
  Source:                 t1/cd1/Count_reg_reg[18]/C
                            (rising edge-triggered cell FDRE clocked by Clk_16M_clk_wiz_0  {rise@0.000ns fall@29.815ns period=59.630ns})
  Destination:            t1/cd1/Count_reg_reg[19]/D
                            (rising edge-triggered cell FDRE clocked by Clk_16M_clk_wiz_0  {rise@0.000ns fall@29.815ns period=59.630ns})
  Path Group:             Clk_16M_clk_wiz_0
  Path Type:              Hold (Min at Fast Process Corner)
  Requirement:            0.000ns  (Clk_16M_clk_wiz_0 rise@0.000ns - Clk_16M_clk_wiz_0 rise@0.000ns)
  Data Path Delay:        0.406ns  (logic 0.285ns (70.118%)  route 0.121ns (29.882%))
  Logic Levels:           1  (CARRY4=1)
  Clock Path Skew:        0.000ns (DCD - SCD - CPR)
    Destination Clock Delay (DCD):    0.840ns
    Source Clock Delay      (SCD):    0.573ns
    Clock Pessimism Removal (CPR):    0.267ns

    Location             Delay type                Incr(ns)  Path(ns)    Netlist Resource(s)
  -------------------------------------------------------------------    -------------------
                         (clock Clk_16M_clk_wiz_0 rise edge)
                                                      0.000     0.000 r  
    BUFGCTRL_X0Y0        BUFG                         0.000     0.000 r  Clk_100M_IBUF_BUFG_inst/O
                         net (fo=1831, routed)        0.595     0.595    t1/cd/inst/Clk_100M
    MMCME2_ADV_X1Y0      MMCME2_ADV (Prop_mmcme2_adv_CLKIN1_CLKOUT0)
                                                     -1.150    -0.555 r  t1/cd/inst/mmcm_adv_inst/CLKOUT0
                         net (fo=1, routed)           0.529    -0.026    t1/cd/inst/Clk_16M_clk_wiz_0
    BUFGCTRL_X0Y2        BUFG (Prop_bufg_I_O)         0.026    -0.000 r  t1/cd/inst/clkout1_buf/O
                         net (fo=24, routed)          0.573     0.573    t1/cd1/Clk_16M
    SLICE_X60Y80         FDRE                                         r  t1/cd1/Count_reg_reg[18]/C
  -------------------------------------------------------------------    -------------------
    SLICE_X60Y80         FDRE (Prop_fdre_C_Q)         0.141     0.714 r  t1/cd1/Count_reg_reg[18]/Q
                         net (fo=1, routed)           0.121     0.835    t1/cd1/Count_reg_reg_n_0_[18]
    SLICE_X60Y80         CARRY4 (Prop_carry4_S[2]_O[3])
                                                      0.144     0.979 r  t1/cd1/Count_reg_reg[16]_i_1/O[3]
                         net (fo=1, routed)           0.000     0.979    t1/cd1/Count_reg_reg[16]_i_1_n_4
    SLICE_X60Y80         FDRE                                         r  t1/cd1/Count_reg_reg[19]/D
  -------------------------------------------------------------------    -------------------

                         (clock Clk_16M_clk_wiz_0 rise edge)
                                                      0.000     0.000 r  
    BUFGCTRL_X0Y0        BUFG                         0.000     0.000 r  Clk_100M_IBUF_BUFG_inst/O
                         net (fo=1831, routed)        0.862     0.862    t1/cd/inst/Clk_100M
    MMCME2_ADV_X1Y0      MMCME2_ADV (Prop_mmcme2_adv_CLKIN1_CLKOUT0)
                                                     -1.467    -0.605 r  t1/cd/inst/mmcm_adv_inst/CLKOUT0
                         net (fo=1, routed)           0.576    -0.029    t1/cd/inst/Clk_16M_clk_wiz_0
    BUFGCTRL_X0Y2        BUFG (Prop_bufg_I_O)         0.029    -0.000 r  t1/cd/inst/clkout1_buf/O
                         net (fo=24, routed)          0.840     0.840    t1/cd1/Clk_16M
    SLICE_X60Y80         FDRE                                         r  t1/cd1/Count_reg_reg[19]/C
                         clock pessimism             -0.267     0.573    
    SLICE_X60Y80         FDRE (Hold_fdre_C_D)         0.105     0.678    t1/cd1/Count_reg_reg[19]
  -------------------------------------------------------------------
                         required time                         -0.678    
                         arrival time                           0.979    
  -------------------------------------------------------------------
                         slack                                  0.301    

Slack (MET) :             0.301ns  (arrival time - required time)
  Source:                 t1/cd1/Count_reg_reg[6]/C
                            (rising edge-triggered cell FDRE clocked by Clk_16M_clk_wiz_0  {rise@0.000ns fall@29.815ns period=59.630ns})
  Destination:            t1/cd1/Count_reg_reg[7]/D
                            (rising edge-triggered cell FDRE clocked by Clk_16M_clk_wiz_0  {rise@0.000ns fall@29.815ns period=59.630ns})
  Path Group:             Clk_16M_clk_wiz_0
  Path Type:              Hold (Min at Fast Process Corner)
  Requirement:            0.000ns  (Clk_16M_clk_wiz_0 rise@0.000ns - Clk_16M_clk_wiz_0 rise@0.000ns)
  Data Path Delay:        0.406ns  (logic 0.285ns (70.118%)  route 0.121ns (29.882%))
  Logic Levels:           1  (CARRY4=1)
  Clock Path Skew:        0.000ns (DCD - SCD - CPR)
    Destination Clock Delay (DCD):    0.837ns
    Source Clock Delay      (SCD):    0.571ns
    Clock Pessimism Removal (CPR):    0.266ns

    Location             Delay type                Incr(ns)  Path(ns)    Netlist Resource(s)
  -------------------------------------------------------------------    -------------------
                         (clock Clk_16M_clk_wiz_0 rise edge)
                                                      0.000     0.000 r  
    BUFGCTRL_X0Y0        BUFG                         0.000     0.000 r  Clk_100M_IBUF_BUFG_inst/O
                         net (fo=1831, routed)        0.595     0.595    t1/cd/inst/Clk_100M
    MMCME2_ADV_X1Y0      MMCME2_ADV (Prop_mmcme2_adv_CLKIN1_CLKOUT0)
                                                     -1.150    -0.555 r  t1/cd/inst/mmcm_adv_inst/CLKOUT0
                         net (fo=1, routed)           0.529    -0.026    t1/cd/inst/Clk_16M_clk_wiz_0
    BUFGCTRL_X0Y2        BUFG (Prop_bufg_I_O)         0.026    -0.000 r  t1/cd/inst/clkout1_buf/O
                         net (fo=24, routed)          0.571     0.571    t1/cd1/Clk_16M
    SLICE_X60Y77         FDRE                                         r  t1/cd1/Count_reg_reg[6]/C
  -------------------------------------------------------------------    -------------------
    SLICE_X60Y77         FDRE (Prop_fdre_C_Q)         0.141     0.712 r  t1/cd1/Count_reg_reg[6]/Q
                         net (fo=1, routed)           0.121     0.833    t1/cd1/Count_reg_reg_n_0_[6]
    SLICE_X60Y77         CARRY4 (Prop_carry4_S[2]_O[3])
                                                      0.144     0.977 r  t1/cd1/Count_reg_reg[4]_i_1/O[3]
                         net (fo=1, routed)           0.000     0.977    t1/cd1/Count_reg_reg[4]_i_1_n_4
    SLICE_X60Y77         FDRE                                         r  t1/cd1/Count_reg_reg[7]/D
  -------------------------------------------------------------------    -------------------

                         (clock Clk_16M_clk_wiz_0 rise edge)
                                                      0.000     0.000 r  
    BUFGCTRL_X0Y0        BUFG                         0.000     0.000 r  Clk_100M_IBUF_BUFG_inst/O
                         net (fo=1831, routed)        0.862     0.862    t1/cd/inst/Clk_100M
    MMCME2_ADV_X1Y0      MMCME2_ADV (Prop_mmcme2_adv_CLKIN1_CLKOUT0)
                                                     -1.467    -0.605 r  t1/cd/inst/mmcm_adv_inst/CLKOUT0
                         net (fo=1, routed)           0.576    -0.029    t1/cd/inst/Clk_16M_clk_wiz_0
    BUFGCTRL_X0Y2        BUFG (Prop_bufg_I_O)         0.029    -0.000 r  t1/cd/inst/clkout1_buf/O
                         net (fo=24, routed)          0.837     0.837    t1/cd1/Clk_16M
    SLICE_X60Y77         FDRE                                         r  t1/cd1/Count_reg_reg[7]/C
                         clock pessimism             -0.266     0.571    
    SLICE_X60Y77         FDRE (Hold_fdre_C_D)         0.105     0.676    t1/cd1/Count_reg_reg[7]
  -------------------------------------------------------------------
                         required time                         -0.676    
                         arrival time                           0.977    
  -------------------------------------------------------------------
                         slack                                  0.301    

Slack (MET) :             0.301ns  (arrival time - required time)
  Source:                 t1/cd1/Count_reg_reg[10]/C
                            (rising edge-triggered cell FDRE clocked by Clk_16M_clk_wiz_0  {rise@0.000ns fall@29.815ns period=59.630ns})
  Destination:            t1/cd1/Count_reg_reg[11]/D
                            (rising edge-triggered cell FDRE clocked by Clk_16M_clk_wiz_0  {rise@0.000ns fall@29.815ns period=59.630ns})
  Path Group:             Clk_16M_clk_wiz_0
  Path Type:              Hold (Min at Fast Process Corner)
  Requirement:            0.000ns  (Clk_16M_clk_wiz_0 rise@0.000ns - Clk_16M_clk_wiz_0 rise@0.000ns)
  Data Path Delay:        0.406ns  (logic 0.285ns (70.118%)  route 0.121ns (29.882%))
  Logic Levels:           1  (CARRY4=1)
  Clock Path Skew:        0.000ns (DCD - SCD - CPR)
    Destination Clock Delay (DCD):    0.838ns
    Source Clock Delay      (SCD):    0.571ns
    Clock Pessimism Removal (CPR):    0.267ns

    Location             Delay type                Incr(ns)  Path(ns)    Netlist Resource(s)
  -------------------------------------------------------------------    -------------------
                         (clock Clk_16M_clk_wiz_0 rise edge)
                                                      0.000     0.000 r  
    BUFGCTRL_X0Y0        BUFG                         0.000     0.000 r  Clk_100M_IBUF_BUFG_inst/O
                         net (fo=1831, routed)        0.595     0.595    t1/cd/inst/Clk_100M
    MMCME2_ADV_X1Y0      MMCME2_ADV (Prop_mmcme2_adv_CLKIN1_CLKOUT0)
                                                     -1.150    -0.555 r  t1/cd/inst/mmcm_adv_inst/CLKOUT0
                         net (fo=1, routed)           0.529    -0.026    t1/cd/inst/Clk_16M_clk_wiz_0
    BUFGCTRL_X0Y2        BUFG (Prop_bufg_I_O)         0.026    -0.000 r  t1/cd/inst/clkout1_buf/O
                         net (fo=24, routed)          0.571     0.571    t1/cd1/Clk_16M
    SLICE_X60Y78         FDRE                                         r  t1/cd1/Count_reg_reg[10]/C
  -------------------------------------------------------------------    -------------------
    SLICE_X60Y78         FDRE (Prop_fdre_C_Q)         0.141     0.712 r  t1/cd1/Count_reg_reg[10]/Q
                         net (fo=1, routed)           0.121     0.833    t1/cd1/Count_reg_reg_n_0_[10]
    SLICE_X60Y78         CARRY4 (Prop_carry4_S[2]_O[3])
                                                      0.144     0.977 r  t1/cd1/Count_reg_reg[8]_i_1/O[3]
                         net (fo=1, routed)           0.000     0.977    t1/cd1/Count_reg_reg[8]_i_1_n_4
    SLICE_X60Y78         FDRE                                         r  t1/cd1/Count_reg_reg[11]/D
  -------------------------------------------------------------------    -------------------

                         (clock Clk_16M_clk_wiz_0 rise edge)
                                                      0.000     0.000 r  
    BUFGCTRL_X0Y0        BUFG                         0.000     0.000 r  Clk_100M_IBUF_BUFG_inst/O
                         net (fo=1831, routed)        0.862     0.862    t1/cd/inst/Clk_100M
    MMCME2_ADV_X1Y0      MMCME2_ADV (Prop_mmcme2_adv_CLKIN1_CLKOUT0)
                                                     -1.467    -0.605 r  t1/cd/inst/mmcm_adv_inst/CLKOUT0
                         net (fo=1, routed)           0.576    -0.029    t1/cd/inst/Clk_16M_clk_wiz_0
    BUFGCTRL_X0Y2        BUFG (Prop_bufg_I_O)         0.029    -0.000 r  t1/cd/inst/clkout1_buf/O
                         net (fo=24, routed)          0.838     0.838    t1/cd1/Clk_16M
    SLICE_X60Y78         FDRE                                         r  t1/cd1/Count_reg_reg[11]/C
                         clock pessimism             -0.267     0.571    
    SLICE_X60Y78         FDRE (Hold_fdre_C_D)         0.105     0.676    t1/cd1/Count_reg_reg[11]
  -------------------------------------------------------------------
                         required time                         -0.676    
                         arrival time                           0.977    
  -------------------------------------------------------------------
                         slack                                  0.301    





Pulse Width Checks
--------------------------------------------------------------------------------------
Clock Name:         Clk_16M_clk_wiz_0
Waveform(ns):       { 0.000 29.815 }
Period(ns):         59.630
Sources:            { t1/cd/inst/mmcm_adv_inst/CLKOUT0 }

Check Type        Corner  Lib Pin             Reference Pin  Required(ns)  Actual(ns)  Slack(ns)  Location         Pin
Min Period        n/a     BUFG/I              n/a            2.155         59.630      57.475     BUFGCTRL_X0Y2    t1/cd/inst/clkout1_buf/I
Min Period        n/a     MMCME2_ADV/CLKOUT0  n/a            1.249         59.630      58.381     MMCME2_ADV_X1Y0  t1/cd/inst/mmcm_adv_inst/CLKOUT0
Min Period        n/a     FDRE/C              n/a            1.000         59.630      58.630     SLICE_X60Y78     t1/cd1/Count_reg_reg[9]/C
Min Period        n/a     FDRE/C              n/a            1.000         59.630      58.630     SLICE_X60Y76     t1/cd1/Count_reg_reg[0]/C
Min Period        n/a     FDRE/C              n/a            1.000         59.630      58.630     SLICE_X60Y78     t1/cd1/Count_reg_reg[10]/C
Min Period        n/a     FDRE/C              n/a            1.000         59.630      58.630     SLICE_X60Y78     t1/cd1/Count_reg_reg[11]/C
Min Period        n/a     FDRE/C              n/a            1.000         59.630      58.630     SLICE_X60Y79     t1/cd1/Count_reg_reg[12]/C
Min Period        n/a     FDRE/C              n/a            1.000         59.630      58.630     SLICE_X60Y79     t1/cd1/Count_reg_reg[13]/C
Min Period        n/a     FDRE/C              n/a            1.000         59.630      58.630     SLICE_X60Y79     t1/cd1/Count_reg_reg[14]/C
Min Period        n/a     FDRE/C              n/a            1.000         59.630      58.630     SLICE_X60Y79     t1/cd1/Count_reg_reg[15]/C
Max Period        n/a     MMCME2_ADV/CLKOUT0  n/a            213.360       59.630      153.730    MMCME2_ADV_X1Y0  t1/cd/inst/mmcm_adv_inst/CLKOUT0
Low Pulse Width   Fast    FDRE/C              n/a            0.500         29.815      29.315     SLICE_X60Y76     t1/cd1/Count_reg_reg[0]/C
Low Pulse Width   Fast    FDRE/C              n/a            0.500         29.815      29.315     SLICE_X60Y80     t1/cd1/Count_reg_reg[16]/C
Low Pulse Width   Fast    FDRE/C              n/a            0.500         29.815      29.315     SLICE_X60Y80     t1/cd1/Count_reg_reg[17]/C
Low Pulse Width   Fast    FDRE/C              n/a            0.500         29.815      29.315     SLICE_X60Y80     t1/cd1/Count_reg_reg[18]/C
Low Pulse Width   Fast    FDRE/C              n/a            0.500         29.815      29.315     SLICE_X60Y80     t1/cd1/Count_reg_reg[19]/C
Low Pulse Width   Fast    FDRE/C              n/a            0.500         29.815      29.315     SLICE_X60Y76     t1/cd1/Count_reg_reg[1]/C
Low Pulse Width   Fast    FDRE/C              n/a            0.500         29.815      29.315     SLICE_X60Y76     t1/cd1/Count_reg_reg[2]/C
Low Pulse Width   Fast    FDRE/C              n/a            0.500         29.815      29.315     SLICE_X60Y76     t1/cd1/Count_reg_reg[3]/C
Low Pulse Width   Slow    FDRE/C              n/a            0.500         29.815      29.315     SLICE_X60Y78     t1/cd1/Count_reg_reg[9]/C
Low Pulse Width   Fast    FDRE/C              n/a            0.500         29.815      29.315     SLICE_X60Y78     t1/cd1/Count_reg_reg[9]/C
High Pulse Width  Slow    FDRE/C              n/a            0.500         29.815      29.315     SLICE_X60Y79     t1/cd1/Count_reg_reg[12]/C
High Pulse Width  Fast    FDRE/C              n/a            0.500         29.815      29.315     SLICE_X60Y79     t1/cd1/Count_reg_reg[12]/C
High Pulse Width  Slow    FDRE/C              n/a            0.500         29.815      29.315     SLICE_X60Y79     t1/cd1/Count_reg_reg[13]/C
High Pulse Width  Fast    FDRE/C              n/a            0.500         29.815      29.315     SLICE_X60Y79     t1/cd1/Count_reg_reg[13]/C
High Pulse Width  Slow    FDRE/C              n/a            0.500         29.815      29.315     SLICE_X60Y79     t1/cd1/Count_reg_reg[14]/C
High Pulse Width  Fast    FDRE/C              n/a            0.500         29.815      29.315     SLICE_X60Y79     t1/cd1/Count_reg_reg[14]/C
High Pulse Width  Slow    FDRE/C              n/a            0.500         29.815      29.315     SLICE_X60Y79     t1/cd1/Count_reg_reg[15]/C
High Pulse Width  Fast    FDRE/C              n/a            0.500         29.815      29.315     SLICE_X60Y79     t1/cd1/Count_reg_reg[15]/C
High Pulse Width  Slow    FDRE/C              n/a            0.500         29.815      29.315     SLICE_X60Y81     t1/cd1/Count_reg_reg[20]/C
High Pulse Width  Fast    FDRE/C              n/a            0.500         29.815      29.315     SLICE_X60Y81     t1/cd1/Count_reg_reg[20]/C



---------------------------------------------------------------------------------------------------
From Clock:  clkfbout_clk_wiz_0
  To Clock:  clkfbout_clk_wiz_0

Setup :           NA  Failing Endpoints,  Worst Slack           NA  ,  Total Violation           NA
Hold  :           NA  Failing Endpoints,  Worst Slack           NA  ,  Total Violation           NA
PW    :            0  Failing Endpoints,  Worst Slack       40.000ns,  Total Violation        0.000ns
---------------------------------------------------------------------------------------------------


Pulse Width Checks
--------------------------------------------------------------------------------------
Clock Name:         clkfbout_clk_wiz_0
Waveform(ns):       { 0.000 30.000 }
Period(ns):         60.000
Sources:            { t1/cd/inst/mmcm_adv_inst/CLKFBOUT }

Check Type  Corner  Lib Pin              Reference Pin  Required(ns)  Actual(ns)  Slack(ns)  Location         Pin
Min Period  n/a     BUFG/I               n/a            2.155         60.000      57.845     BUFGCTRL_X0Y3    t1/cd/inst/clkf_buf/I
Min Period  n/a     MMCME2_ADV/CLKFBOUT  n/a            1.249         60.000      58.751     MMCME2_ADV_X1Y0  t1/cd/inst/mmcm_adv_inst/CLKFBOUT
Min Period  n/a     MMCME2_ADV/CLKFBIN   n/a            1.249         60.000      58.751     MMCME2_ADV_X1Y0  t1/cd/inst/mmcm_adv_inst/CLKFBIN
Max Period  n/a     MMCME2_ADV/CLKFBIN   n/a            100.000       60.000      40.000     MMCME2_ADV_X1Y0  t1/cd/inst/mmcm_adv_inst/CLKFBIN
Max Period  n/a     MMCME2_ADV/CLKFBOUT  n/a            213.360       60.000      153.360    MMCME2_ADV_X1Y0  t1/cd/inst/mmcm_adv_inst/CLKFBOUT



---------------------------------------------------------------------------------------------------
Path Group:  **async_default**
From Clock:  dbg_hub/inst/BSCANID.u_xsdbm_id/SWITCH_N_EXT_BSCAN.bscan_inst/SERIES7_BSCAN.bscan_inst/TCK
  To Clock:  dbg_hub/inst/BSCANID.u_xsdbm_id/SWITCH_N_EXT_BSCAN.bscan_inst/SERIES7_BSCAN.bscan_inst/TCK

Setup :            0  Failing Endpoints,  Worst Slack       27.655ns,  Total Violation        0.000ns
Hold  :            0  Failing Endpoints,  Worst Slack        0.346ns,  Total Violation        0.000ns
---------------------------------------------------------------------------------------------------


Max Delay Paths
--------------------------------------------------------------------------------------
Slack (MET) :             27.655ns  (required time - arrival time)
  Source:                 dbg_hub/inst/BSCANID.u_xsdbm_id/SWITCH_N_EXT_BSCAN.bscan_switch/state_reg[0]/C
                            (rising edge-triggered cell FDRE clocked by dbg_hub/inst/BSCANID.u_xsdbm_id/SWITCH_N_EXT_BSCAN.bscan_inst/SERIES7_BSCAN.bscan_inst/TCK  {rise@0.000ns fall@16.500ns period=33.000ns})
  Destination:            dbg_hub/inst/BSCANID.u_xsdbm_id/CORE_XSDB.U_ICON/U_CMD/iTARGET_reg[12]/CLR
                            (recovery check against rising-edge clock dbg_hub/inst/BSCANID.u_xsdbm_id/SWITCH_N_EXT_BSCAN.bscan_inst/SERIES7_BSCAN.bscan_inst/TCK  {rise@0.000ns fall@16.500ns period=33.000ns})
  Path Group:             **async_default**
  Path Type:              Recovery (Max at Slow Process Corner)
  Requirement:            33.000ns  (dbg_hub/inst/BSCANID.u_xsdbm_id/SWITCH_N_EXT_BSCAN.bscan_inst/SERIES7_BSCAN.bscan_inst/TCK rise@33.000ns - dbg_hub/inst/BSCANID.u_xsdbm_id/SWITCH_N_EXT_BSCAN.bscan_inst/SERIES7_BSCAN.bscan_inst/TCK rise@0.000ns)
  Data Path Delay:        4.552ns  (logic 0.842ns (18.497%)  route 3.710ns (81.503%))
  Logic Levels:           2  (LUT1=1 LUT4=1)
  Clock Path Skew:        -0.352ns (DCD - SCD + CPR)
    Destination Clock Delay (DCD):    3.645ns = ( 36.645 - 33.000 ) 
    Source Clock Delay      (SCD):    4.336ns
    Clock Pessimism Removal (CPR):    0.339ns
  Clock Uncertainty:      0.035ns  ((TSJ^2 + TIJ^2)^1/2 + DJ) / 2 + PE
    Total System Jitter     (TSJ):    0.071ns
    Total Input Jitter      (TIJ):    0.000ns
    Discrete Jitter          (DJ):    0.000ns
    Phase Error              (PE):    0.000ns

    Location             Delay type                Incr(ns)  Path(ns)    Netlist Resource(s)
  -------------------------------------------------------------------    -------------------
                         (clock dbg_hub/inst/BSCANID.u_xsdbm_id/SWITCH_N_EXT_BSCAN.bscan_inst/SERIES7_BSCAN.bscan_inst/TCK rise edge)
                                                      0.000     0.000 r  
    BSCAN_X0Y0           BSCANE2                      0.000     0.000 r  dbg_hub/inst/BSCANID.u_xsdbm_id/SWITCH_N_EXT_BSCAN.bscan_inst/SERIES7_BSCAN.bscan_inst/TCK
                         net (fo=1, routed)           2.325     2.325    dbg_hub/inst/BSCANID.u_xsdbm_id/tck_bs
    BUFGCTRL_X0Y1        BUFG (Prop_bufg_I_O)         0.101     2.426 r  dbg_hub/inst/BSCANID.u_xsdbm_id/SWITCH_N_EXT_BSCAN.u_bufg_icon_tck/O
                         net (fo=486, routed)         1.910     4.336    dbg_hub/inst/BSCANID.u_xsdbm_id/SWITCH_N_EXT_BSCAN.bscan_switch/s_bscan_tck
    SLICE_X63Y102        FDRE                                         r  dbg_hub/inst/BSCANID.u_xsdbm_id/SWITCH_N_EXT_BSCAN.bscan_switch/state_reg[0]/C
  -------------------------------------------------------------------    -------------------
    SLICE_X63Y102        FDRE (Prop_fdre_C_Q)         0.419     4.755 f  dbg_hub/inst/BSCANID.u_xsdbm_id/SWITCH_N_EXT_BSCAN.bscan_switch/state_reg[0]/Q
                         net (fo=50, routed)          2.687     7.443    dbg_hub/inst/BSCANID.u_xsdbm_id/SWITCH_N_EXT_BSCAN.bscan_switch/state[0]
    SLICE_X60Y98         LUT4 (Prop_lut4_I1_O)        0.299     7.742 r  dbg_hub/inst/BSCANID.u_xsdbm_id/SWITCH_N_EXT_BSCAN.bscan_switch/m_bscan_sel[0]_INST_0/O
                         net (fo=2, routed)           0.446     8.187    dbg_hub/inst/BSCANID.u_xsdbm_id/CORE_XSDB.U_ICON/U_CMD/iTARGET_reg[6]_0
    SLICE_X60Y98         LUT1 (Prop_lut1_I0_O)        0.124     8.311 f  dbg_hub/inst/BSCANID.u_xsdbm_id/CORE_XSDB.U_ICON/U_CMD/iTARGET[15]_i_2/O
                         net (fo=10, routed)          0.577     8.889    dbg_hub/inst/BSCANID.u_xsdbm_id/CORE_XSDB.U_ICON/U_CMD/iSEL_n
    SLICE_X60Y97         FDCE                                         f  dbg_hub/inst/BSCANID.u_xsdbm_id/CORE_XSDB.U_ICON/U_CMD/iTARGET_reg[12]/CLR
  -------------------------------------------------------------------    -------------------

                         (clock dbg_hub/inst/BSCANID.u_xsdbm_id/SWITCH_N_EXT_BSCAN.bscan_inst/SERIES7_BSCAN.bscan_inst/TCK rise edge)
                                                     33.000    33.000 r  
    BSCAN_X0Y0           BSCANE2                      0.000    33.000 r  dbg_hub/inst/BSCANID.u_xsdbm_id/SWITCH_N_EXT_BSCAN.bscan_inst/SERIES7_BSCAN.bscan_inst/TCK
                         net (fo=1, routed)           2.010    35.010    dbg_hub/inst/BSCANID.u_xsdbm_id/tck_bs
    BUFGCTRL_X0Y1        BUFG (Prop_bufg_I_O)         0.091    35.101 r  dbg_hub/inst/BSCANID.u_xsdbm_id/SWITCH_N_EXT_BSCAN.u_bufg_icon_tck/O
                         net (fo=486, routed)         1.544    36.645    dbg_hub/inst/BSCANID.u_xsdbm_id/CORE_XSDB.U_ICON/U_CMD/m_bscan_tck[0]
    SLICE_X60Y97         FDCE                                         r  dbg_hub/inst/BSCANID.u_xsdbm_id/CORE_XSDB.U_ICON/U_CMD/iTARGET_reg[12]/C
                         clock pessimism              0.339    36.984    
                         clock uncertainty           -0.035    36.949    
    SLICE_X60Y97         FDCE (Recov_fdce_C_CLR)     -0.405    36.544    dbg_hub/inst/BSCANID.u_xsdbm_id/CORE_XSDB.U_ICON/U_CMD/iTARGET_reg[12]
  -------------------------------------------------------------------
                         required time                         36.544    
                         arrival time                          -8.889    
  -------------------------------------------------------------------
                         slack                                 27.655    

Slack (MET) :             27.655ns  (required time - arrival time)
  Source:                 dbg_hub/inst/BSCANID.u_xsdbm_id/SWITCH_N_EXT_BSCAN.bscan_switch/state_reg[0]/C
                            (rising edge-triggered cell FDRE clocked by dbg_hub/inst/BSCANID.u_xsdbm_id/SWITCH_N_EXT_BSCAN.bscan_inst/SERIES7_BSCAN.bscan_inst/TCK  {rise@0.000ns fall@16.500ns period=33.000ns})
  Destination:            dbg_hub/inst/BSCANID.u_xsdbm_id/CORE_XSDB.U_ICON/U_CMD/iTARGET_reg[13]/CLR
                            (recovery check against rising-edge clock dbg_hub/inst/BSCANID.u_xsdbm_id/SWITCH_N_EXT_BSCAN.bscan_inst/SERIES7_BSCAN.bscan_inst/TCK  {rise@0.000ns fall@16.500ns period=33.000ns})
  Path Group:             **async_default**
  Path Type:              Recovery (Max at Slow Process Corner)
  Requirement:            33.000ns  (dbg_hub/inst/BSCANID.u_xsdbm_id/SWITCH_N_EXT_BSCAN.bscan_inst/SERIES7_BSCAN.bscan_inst/TCK rise@33.000ns - dbg_hub/inst/BSCANID.u_xsdbm_id/SWITCH_N_EXT_BSCAN.bscan_inst/SERIES7_BSCAN.bscan_inst/TCK rise@0.000ns)
  Data Path Delay:        4.552ns  (logic 0.842ns (18.497%)  route 3.710ns (81.503%))
  Logic Levels:           2  (LUT1=1 LUT4=1)
  Clock Path Skew:        -0.352ns (DCD - SCD + CPR)
    Destination Clock Delay (DCD):    3.645ns = ( 36.645 - 33.000 ) 
    Source Clock Delay      (SCD):    4.336ns
    Clock Pessimism Removal (CPR):    0.339ns
  Clock Uncertainty:      0.035ns  ((TSJ^2 + TIJ^2)^1/2 + DJ) / 2 + PE
    Total System Jitter     (TSJ):    0.071ns
    Total Input Jitter      (TIJ):    0.000ns
    Discrete Jitter          (DJ):    0.000ns
    Phase Error              (PE):    0.000ns

    Location             Delay type                Incr(ns)  Path(ns)    Netlist Resource(s)
  -------------------------------------------------------------------    -------------------
                         (clock dbg_hub/inst/BSCANID.u_xsdbm_id/SWITCH_N_EXT_BSCAN.bscan_inst/SERIES7_BSCAN.bscan_inst/TCK rise edge)
                                                      0.000     0.000 r  
    BSCAN_X0Y0           BSCANE2                      0.000     0.000 r  dbg_hub/inst/BSCANID.u_xsdbm_id/SWITCH_N_EXT_BSCAN.bscan_inst/SERIES7_BSCAN.bscan_inst/TCK
                         net (fo=1, routed)           2.325     2.325    dbg_hub/inst/BSCANID.u_xsdbm_id/tck_bs
    BUFGCTRL_X0Y1        BUFG (Prop_bufg_I_O)         0.101     2.426 r  dbg_hub/inst/BSCANID.u_xsdbm_id/SWITCH_N_EXT_BSCAN.u_bufg_icon_tck/O
                         net (fo=486, routed)         1.910     4.336    dbg_hub/inst/BSCANID.u_xsdbm_id/SWITCH_N_EXT_BSCAN.bscan_switch/s_bscan_tck
    SLICE_X63Y102        FDRE                                         r  dbg_hub/inst/BSCANID.u_xsdbm_id/SWITCH_N_EXT_BSCAN.bscan_switch/state_reg[0]/C
  -------------------------------------------------------------------    -------------------
    SLICE_X63Y102        FDRE (Prop_fdre_C_Q)         0.419     4.755 f  dbg_hub/inst/BSCANID.u_xsdbm_id/SWITCH_N_EXT_BSCAN.bscan_switch/state_reg[0]/Q
                         net (fo=50, routed)          2.687     7.443    dbg_hub/inst/BSCANID.u_xsdbm_id/SWITCH_N_EXT_BSCAN.bscan_switch/state[0]
    SLICE_X60Y98         LUT4 (Prop_lut4_I1_O)        0.299     7.742 r  dbg_hub/inst/BSCANID.u_xsdbm_id/SWITCH_N_EXT_BSCAN.bscan_switch/m_bscan_sel[0]_INST_0/O
                         net (fo=2, routed)           0.446     8.187    dbg_hub/inst/BSCANID.u_xsdbm_id/CORE_XSDB.U_ICON/U_CMD/iTARGET_reg[6]_0
    SLICE_X60Y98         LUT1 (Prop_lut1_I0_O)        0.124     8.311 f  dbg_hub/inst/BSCANID.u_xsdbm_id/CORE_XSDB.U_ICON/U_CMD/iTARGET[15]_i_2/O
                         net (fo=10, routed)          0.577     8.889    dbg_hub/inst/BSCANID.u_xsdbm_id/CORE_XSDB.U_ICON/U_CMD/iSEL_n
    SLICE_X60Y97         FDCE                                         f  dbg_hub/inst/BSCANID.u_xsdbm_id/CORE_XSDB.U_ICON/U_CMD/iTARGET_reg[13]/CLR
  -------------------------------------------------------------------    -------------------

                         (clock dbg_hub/inst/BSCANID.u_xsdbm_id/SWITCH_N_EXT_BSCAN.bscan_inst/SERIES7_BSCAN.bscan_inst/TCK rise edge)
                                                     33.000    33.000 r  
    BSCAN_X0Y0           BSCANE2                      0.000    33.000 r  dbg_hub/inst/BSCANID.u_xsdbm_id/SWITCH_N_EXT_BSCAN.bscan_inst/SERIES7_BSCAN.bscan_inst/TCK
                         net (fo=1, routed)           2.010    35.010    dbg_hub/inst/BSCANID.u_xsdbm_id/tck_bs
    BUFGCTRL_X0Y1        BUFG (Prop_bufg_I_O)         0.091    35.101 r  dbg_hub/inst/BSCANID.u_xsdbm_id/SWITCH_N_EXT_BSCAN.u_bufg_icon_tck/O
                         net (fo=486, routed)         1.544    36.645    dbg_hub/inst/BSCANID.u_xsdbm_id/CORE_XSDB.U_ICON/U_CMD/m_bscan_tck[0]
    SLICE_X60Y97         FDCE                                         r  dbg_hub/inst/BSCANID.u_xsdbm_id/CORE_XSDB.U_ICON/U_CMD/iTARGET_reg[13]/C
                         clock pessimism              0.339    36.984    
                         clock uncertainty           -0.035    36.949    
    SLICE_X60Y97         FDCE (Recov_fdce_C_CLR)     -0.405    36.544    dbg_hub/inst/BSCANID.u_xsdbm_id/CORE_XSDB.U_ICON/U_CMD/iTARGET_reg[13]
  -------------------------------------------------------------------
                         required time                         36.544    
                         arrival time                          -8.889    
  -------------------------------------------------------------------
                         slack                                 27.655    

Slack (MET) :             27.655ns  (required time - arrival time)
  Source:                 dbg_hub/inst/BSCANID.u_xsdbm_id/SWITCH_N_EXT_BSCAN.bscan_switch/state_reg[0]/C
                            (rising edge-triggered cell FDRE clocked by dbg_hub/inst/BSCANID.u_xsdbm_id/SWITCH_N_EXT_BSCAN.bscan_inst/SERIES7_BSCAN.bscan_inst/TCK  {rise@0.000ns fall@16.500ns period=33.000ns})
  Destination:            dbg_hub/inst/BSCANID.u_xsdbm_id/CORE_XSDB.U_ICON/U_CMD/iTARGET_reg[14]/CLR
                            (recovery check against rising-edge clock dbg_hub/inst/BSCANID.u_xsdbm_id/SWITCH_N_EXT_BSCAN.bscan_inst/SERIES7_BSCAN.bscan_inst/TCK  {rise@0.000ns fall@16.500ns period=33.000ns})
  Path Group:             **async_default**
  Path Type:              Recovery (Max at Slow Process Corner)
  Requirement:            33.000ns  (dbg_hub/inst/BSCANID.u_xsdbm_id/SWITCH_N_EXT_BSCAN.bscan_inst/SERIES7_BSCAN.bscan_inst/TCK rise@33.000ns - dbg_hub/inst/BSCANID.u_xsdbm_id/SWITCH_N_EXT_BSCAN.bscan_inst/SERIES7_BSCAN.bscan_inst/TCK rise@0.000ns)
  Data Path Delay:        4.552ns  (logic 0.842ns (18.497%)  route 3.710ns (81.503%))
  Logic Levels:           2  (LUT1=1 LUT4=1)
  Clock Path Skew:        -0.352ns (DCD - SCD + CPR)
    Destination Clock Delay (DCD):    3.645ns = ( 36.645 - 33.000 ) 
    Source Clock Delay      (SCD):    4.336ns
    Clock Pessimism Removal (CPR):    0.339ns
  Clock Uncertainty:      0.035ns  ((TSJ^2 + TIJ^2)^1/2 + DJ) / 2 + PE
    Total System Jitter     (TSJ):    0.071ns
    Total Input Jitter      (TIJ):    0.000ns
    Discrete Jitter          (DJ):    0.000ns
    Phase Error              (PE):    0.000ns

    Location             Delay type                Incr(ns)  Path(ns)    Netlist Resource(s)
  -------------------------------------------------------------------    -------------------
                         (clock dbg_hub/inst/BSCANID.u_xsdbm_id/SWITCH_N_EXT_BSCAN.bscan_inst/SERIES7_BSCAN.bscan_inst/TCK rise edge)
                                                      0.000     0.000 r  
    BSCAN_X0Y0           BSCANE2                      0.000     0.000 r  dbg_hub/inst/BSCANID.u_xsdbm_id/SWITCH_N_EXT_BSCAN.bscan_inst/SERIES7_BSCAN.bscan_inst/TCK
                         net (fo=1, routed)           2.325     2.325    dbg_hub/inst/BSCANID.u_xsdbm_id/tck_bs
    BUFGCTRL_X0Y1        BUFG (Prop_bufg_I_O)         0.101     2.426 r  dbg_hub/inst/BSCANID.u_xsdbm_id/SWITCH_N_EXT_BSCAN.u_bufg_icon_tck/O
                         net (fo=486, routed)         1.910     4.336    dbg_hub/inst/BSCANID.u_xsdbm_id/SWITCH_N_EXT_BSCAN.bscan_switch/s_bscan_tck
    SLICE_X63Y102        FDRE                                         r  dbg_hub/inst/BSCANID.u_xsdbm_id/SWITCH_N_EXT_BSCAN.bscan_switch/state_reg[0]/C
  -------------------------------------------------------------------    -------------------
    SLICE_X63Y102        FDRE (Prop_fdre_C_Q)         0.419     4.755 f  dbg_hub/inst/BSCANID.u_xsdbm_id/SWITCH_N_EXT_BSCAN.bscan_switch/state_reg[0]/Q
                         net (fo=50, routed)          2.687     7.443    dbg_hub/inst/BSCANID.u_xsdbm_id/SWITCH_N_EXT_BSCAN.bscan_switch/state[0]
    SLICE_X60Y98         LUT4 (Prop_lut4_I1_O)        0.299     7.742 r  dbg_hub/inst/BSCANID.u_xsdbm_id/SWITCH_N_EXT_BSCAN.bscan_switch/m_bscan_sel[0]_INST_0/O
                         net (fo=2, routed)           0.446     8.187    dbg_hub/inst/BSCANID.u_xsdbm_id/CORE_XSDB.U_ICON/U_CMD/iTARGET_reg[6]_0
    SLICE_X60Y98         LUT1 (Prop_lut1_I0_O)        0.124     8.311 f  dbg_hub/inst/BSCANID.u_xsdbm_id/CORE_XSDB.U_ICON/U_CMD/iTARGET[15]_i_2/O
                         net (fo=10, routed)          0.577     8.889    dbg_hub/inst/BSCANID.u_xsdbm_id/CORE_XSDB.U_ICON/U_CMD/iSEL_n
    SLICE_X60Y97         FDCE                                         f  dbg_hub/inst/BSCANID.u_xsdbm_id/CORE_XSDB.U_ICON/U_CMD/iTARGET_reg[14]/CLR
  -------------------------------------------------------------------    -------------------

                         (clock dbg_hub/inst/BSCANID.u_xsdbm_id/SWITCH_N_EXT_BSCAN.bscan_inst/SERIES7_BSCAN.bscan_inst/TCK rise edge)
                                                     33.000    33.000 r  
    BSCAN_X0Y0           BSCANE2                      0.000    33.000 r  dbg_hub/inst/BSCANID.u_xsdbm_id/SWITCH_N_EXT_BSCAN.bscan_inst/SERIES7_BSCAN.bscan_inst/TCK
                         net (fo=1, routed)           2.010    35.010    dbg_hub/inst/BSCANID.u_xsdbm_id/tck_bs
    BUFGCTRL_X0Y1        BUFG (Prop_bufg_I_O)         0.091    35.101 r  dbg_hub/inst/BSCANID.u_xsdbm_id/SWITCH_N_EXT_BSCAN.u_bufg_icon_tck/O
                         net (fo=486, routed)         1.544    36.645    dbg_hub/inst/BSCANID.u_xsdbm_id/CORE_XSDB.U_ICON/U_CMD/m_bscan_tck[0]
    SLICE_X60Y97         FDCE                                         r  dbg_hub/inst/BSCANID.u_xsdbm_id/CORE_XSDB.U_ICON/U_CMD/iTARGET_reg[14]/C
                         clock pessimism              0.339    36.984    
                         clock uncertainty           -0.035    36.949    
    SLICE_X60Y97         FDCE (Recov_fdce_C_CLR)     -0.405    36.544    dbg_hub/inst/BSCANID.u_xsdbm_id/CORE_XSDB.U_ICON/U_CMD/iTARGET_reg[14]
  -------------------------------------------------------------------
                         required time                         36.544    
                         arrival time                          -8.889    
  -------------------------------------------------------------------
                         slack                                 27.655    

Slack (MET) :             27.655ns  (required time - arrival time)
  Source:                 dbg_hub/inst/BSCANID.u_xsdbm_id/SWITCH_N_EXT_BSCAN.bscan_switch/state_reg[0]/C
                            (rising edge-triggered cell FDRE clocked by dbg_hub/inst/BSCANID.u_xsdbm_id/SWITCH_N_EXT_BSCAN.bscan_inst/SERIES7_BSCAN.bscan_inst/TCK  {rise@0.000ns fall@16.500ns period=33.000ns})
  Destination:            dbg_hub/inst/BSCANID.u_xsdbm_id/CORE_XSDB.U_ICON/U_CMD/iTARGET_reg[6]/CLR
                            (recovery check against rising-edge clock dbg_hub/inst/BSCANID.u_xsdbm_id/SWITCH_N_EXT_BSCAN.bscan_inst/SERIES7_BSCAN.bscan_inst/TCK  {rise@0.000ns fall@16.500ns period=33.000ns})
  Path Group:             **async_default**
  Path Type:              Recovery (Max at Slow Process Corner)
  Requirement:            33.000ns  (dbg_hub/inst/BSCANID.u_xsdbm_id/SWITCH_N_EXT_BSCAN.bscan_inst/SERIES7_BSCAN.bscan_inst/TCK rise@33.000ns - dbg_hub/inst/BSCANID.u_xsdbm_id/SWITCH_N_EXT_BSCAN.bscan_inst/SERIES7_BSCAN.bscan_inst/TCK rise@0.000ns)
  Data Path Delay:        4.552ns  (logic 0.842ns (18.497%)  route 3.710ns (81.503%))
  Logic Levels:           2  (LUT1=1 LUT4=1)
  Clock Path Skew:        -0.352ns (DCD - SCD + CPR)
    Destination Clock Delay (DCD):    3.645ns = ( 36.645 - 33.000 ) 
    Source Clock Delay      (SCD):    4.336ns
    Clock Pessimism Removal (CPR):    0.339ns
  Clock Uncertainty:      0.035ns  ((TSJ^2 + TIJ^2)^1/2 + DJ) / 2 + PE
    Total System Jitter     (TSJ):    0.071ns
    Total Input Jitter      (TIJ):    0.000ns
    Discrete Jitter          (DJ):    0.000ns
    Phase Error              (PE):    0.000ns

    Location             Delay type                Incr(ns)  Path(ns)    Netlist Resource(s)
  -------------------------------------------------------------------    -------------------
                         (clock dbg_hub/inst/BSCANID.u_xsdbm_id/SWITCH_N_EXT_BSCAN.bscan_inst/SERIES7_BSCAN.bscan_inst/TCK rise edge)
                                                      0.000     0.000 r  
    BSCAN_X0Y0           BSCANE2                      0.000     0.000 r  dbg_hub/inst/BSCANID.u_xsdbm_id/SWITCH_N_EXT_BSCAN.bscan_inst/SERIES7_BSCAN.bscan_inst/TCK
                         net (fo=1, routed)           2.325     2.325    dbg_hub/inst/BSCANID.u_xsdbm_id/tck_bs
    BUFGCTRL_X0Y1        BUFG (Prop_bufg_I_O)         0.101     2.426 r  dbg_hub/inst/BSCANID.u_xsdbm_id/SWITCH_N_EXT_BSCAN.u_bufg_icon_tck/O
                         net (fo=486, routed)         1.910     4.336    dbg_hub/inst/BSCANID.u_xsdbm_id/SWITCH_N_EXT_BSCAN.bscan_switch/s_bscan_tck
    SLICE_X63Y102        FDRE                                         r  dbg_hub/inst/BSCANID.u_xsdbm_id/SWITCH_N_EXT_BSCAN.bscan_switch/state_reg[0]/C
  -------------------------------------------------------------------    -------------------
    SLICE_X63Y102        FDRE (Prop_fdre_C_Q)         0.419     4.755 f  dbg_hub/inst/BSCANID.u_xsdbm_id/SWITCH_N_EXT_BSCAN.bscan_switch/state_reg[0]/Q
                         net (fo=50, routed)          2.687     7.443    dbg_hub/inst/BSCANID.u_xsdbm_id/SWITCH_N_EXT_BSCAN.bscan_switch/state[0]
    SLICE_X60Y98         LUT4 (Prop_lut4_I1_O)        0.299     7.742 r  dbg_hub/inst/BSCANID.u_xsdbm_id/SWITCH_N_EXT_BSCAN.bscan_switch/m_bscan_sel[0]_INST_0/O
                         net (fo=2, routed)           0.446     8.187    dbg_hub/inst/BSCANID.u_xsdbm_id/CORE_XSDB.U_ICON/U_CMD/iTARGET_reg[6]_0
    SLICE_X60Y98         LUT1 (Prop_lut1_I0_O)        0.124     8.311 f  dbg_hub/inst/BSCANID.u_xsdbm_id/CORE_XSDB.U_ICON/U_CMD/iTARGET[15]_i_2/O
                         net (fo=10, routed)          0.577     8.889    dbg_hub/inst/BSCANID.u_xsdbm_id/CORE_XSDB.U_ICON/U_CMD/iSEL_n
    SLICE_X60Y97         FDCE                                         f  dbg_hub/inst/BSCANID.u_xsdbm_id/CORE_XSDB.U_ICON/U_CMD/iTARGET_reg[6]/CLR
  -------------------------------------------------------------------    -------------------

                         (clock dbg_hub/inst/BSCANID.u_xsdbm_id/SWITCH_N_EXT_BSCAN.bscan_inst/SERIES7_BSCAN.bscan_inst/TCK rise edge)
                                                     33.000    33.000 r  
    BSCAN_X0Y0           BSCANE2                      0.000    33.000 r  dbg_hub/inst/BSCANID.u_xsdbm_id/SWITCH_N_EXT_BSCAN.bscan_inst/SERIES7_BSCAN.bscan_inst/TCK
                         net (fo=1, routed)           2.010    35.010    dbg_hub/inst/BSCANID.u_xsdbm_id/tck_bs
    BUFGCTRL_X0Y1        BUFG (Prop_bufg_I_O)         0.091    35.101 r  dbg_hub/inst/BSCANID.u_xsdbm_id/SWITCH_N_EXT_BSCAN.u_bufg_icon_tck/O
                         net (fo=486, routed)         1.544    36.645    dbg_hub/inst/BSCANID.u_xsdbm_id/CORE_XSDB.U_ICON/U_CMD/m_bscan_tck[0]
    SLICE_X60Y97         FDCE                                         r  dbg_hub/inst/BSCANID.u_xsdbm_id/CORE_XSDB.U_ICON/U_CMD/iTARGET_reg[6]/C
                         clock pessimism              0.339    36.984    
                         clock uncertainty           -0.035    36.949    
    SLICE_X60Y97         FDCE (Recov_fdce_C_CLR)     -0.405    36.544    dbg_hub/inst/BSCANID.u_xsdbm_id/CORE_XSDB.U_ICON/U_CMD/iTARGET_reg[6]
  -------------------------------------------------------------------
                         required time                         36.544    
                         arrival time                          -8.889    
  -------------------------------------------------------------------
                         slack                                 27.655    

Slack (MET) :             27.655ns  (required time - arrival time)
  Source:                 dbg_hub/inst/BSCANID.u_xsdbm_id/SWITCH_N_EXT_BSCAN.bscan_switch/state_reg[0]/C
                            (rising edge-triggered cell FDRE clocked by dbg_hub/inst/BSCANID.u_xsdbm_id/SWITCH_N_EXT_BSCAN.bscan_inst/SERIES7_BSCAN.bscan_inst/TCK  {rise@0.000ns fall@16.500ns period=33.000ns})
  Destination:            dbg_hub/inst/BSCANID.u_xsdbm_id/CORE_XSDB.U_ICON/U_CMD/iTARGET_reg[8]/CLR
                            (recovery check against rising-edge clock dbg_hub/inst/BSCANID.u_xsdbm_id/SWITCH_N_EXT_BSCAN.bscan_inst/SERIES7_BSCAN.bscan_inst/TCK  {rise@0.000ns fall@16.500ns period=33.000ns})
  Path Group:             **async_default**
  Path Type:              Recovery (Max at Slow Process Corner)
  Requirement:            33.000ns  (dbg_hub/inst/BSCANID.u_xsdbm_id/SWITCH_N_EXT_BSCAN.bscan_inst/SERIES7_BSCAN.bscan_inst/TCK rise@33.000ns - dbg_hub/inst/BSCANID.u_xsdbm_id/SWITCH_N_EXT_BSCAN.bscan_inst/SERIES7_BSCAN.bscan_inst/TCK rise@0.000ns)
  Data Path Delay:        4.552ns  (logic 0.842ns (18.497%)  route 3.710ns (81.503%))
  Logic Levels:           2  (LUT1=1 LUT4=1)
  Clock Path Skew:        -0.352ns (DCD - SCD + CPR)
    Destination Clock Delay (DCD):    3.645ns = ( 36.645 - 33.000 ) 
    Source Clock Delay      (SCD):    4.336ns
    Clock Pessimism Removal (CPR):    0.339ns
  Clock Uncertainty:      0.035ns  ((TSJ^2 + TIJ^2)^1/2 + DJ) / 2 + PE
    Total System Jitter     (TSJ):    0.071ns
    Total Input Jitter      (TIJ):    0.000ns
    Discrete Jitter          (DJ):    0.000ns
    Phase Error              (PE):    0.000ns

    Location             Delay type                Incr(ns)  Path(ns)    Netlist Resource(s)
  -------------------------------------------------------------------    -------------------
                         (clock dbg_hub/inst/BSCANID.u_xsdbm_id/SWITCH_N_EXT_BSCAN.bscan_inst/SERIES7_BSCAN.bscan_inst/TCK rise edge)
                                                      0.000     0.000 r  
    BSCAN_X0Y0           BSCANE2                      0.000     0.000 r  dbg_hub/inst/BSCANID.u_xsdbm_id/SWITCH_N_EXT_BSCAN.bscan_inst/SERIES7_BSCAN.bscan_inst/TCK
                         net (fo=1, routed)           2.325     2.325    dbg_hub/inst/BSCANID.u_xsdbm_id/tck_bs
    BUFGCTRL_X0Y1        BUFG (Prop_bufg_I_O)         0.101     2.426 r  dbg_hub/inst/BSCANID.u_xsdbm_id/SWITCH_N_EXT_BSCAN.u_bufg_icon_tck/O
                         net (fo=486, routed)         1.910     4.336    dbg_hub/inst/BSCANID.u_xsdbm_id/SWITCH_N_EXT_BSCAN.bscan_switch/s_bscan_tck
    SLICE_X63Y102        FDRE                                         r  dbg_hub/inst/BSCANID.u_xsdbm_id/SWITCH_N_EXT_BSCAN.bscan_switch/state_reg[0]/C
  -------------------------------------------------------------------    -------------------
    SLICE_X63Y102        FDRE (Prop_fdre_C_Q)         0.419     4.755 f  dbg_hub/inst/BSCANID.u_xsdbm_id/SWITCH_N_EXT_BSCAN.bscan_switch/state_reg[0]/Q
                         net (fo=50, routed)          2.687     7.443    dbg_hub/inst/BSCANID.u_xsdbm_id/SWITCH_N_EXT_BSCAN.bscan_switch/state[0]
    SLICE_X60Y98         LUT4 (Prop_lut4_I1_O)        0.299     7.742 r  dbg_hub/inst/BSCANID.u_xsdbm_id/SWITCH_N_EXT_BSCAN.bscan_switch/m_bscan_sel[0]_INST_0/O
                         net (fo=2, routed)           0.446     8.187    dbg_hub/inst/BSCANID.u_xsdbm_id/CORE_XSDB.U_ICON/U_CMD/iTARGET_reg[6]_0
    SLICE_X60Y98         LUT1 (Prop_lut1_I0_O)        0.124     8.311 f  dbg_hub/inst/BSCANID.u_xsdbm_id/CORE_XSDB.U_ICON/U_CMD/iTARGET[15]_i_2/O
                         net (fo=10, routed)          0.577     8.889    dbg_hub/inst/BSCANID.u_xsdbm_id/CORE_XSDB.U_ICON/U_CMD/iSEL_n
    SLICE_X60Y97         FDCE                                         f  dbg_hub/inst/BSCANID.u_xsdbm_id/CORE_XSDB.U_ICON/U_CMD/iTARGET_reg[8]/CLR
  -------------------------------------------------------------------    -------------------

                         (clock dbg_hub/inst/BSCANID.u_xsdbm_id/SWITCH_N_EXT_BSCAN.bscan_inst/SERIES7_BSCAN.bscan_inst/TCK rise edge)
                                                     33.000    33.000 r  
    BSCAN_X0Y0           BSCANE2                      0.000    33.000 r  dbg_hub/inst/BSCANID.u_xsdbm_id/SWITCH_N_EXT_BSCAN.bscan_inst/SERIES7_BSCAN.bscan_inst/TCK
                         net (fo=1, routed)           2.010    35.010    dbg_hub/inst/BSCANID.u_xsdbm_id/tck_bs
    BUFGCTRL_X0Y1        BUFG (Prop_bufg_I_O)         0.091    35.101 r  dbg_hub/inst/BSCANID.u_xsdbm_id/SWITCH_N_EXT_BSCAN.u_bufg_icon_tck/O
                         net (fo=486, routed)         1.544    36.645    dbg_hub/inst/BSCANID.u_xsdbm_id/CORE_XSDB.U_ICON/U_CMD/m_bscan_tck[0]
    SLICE_X60Y97         FDCE                                         r  dbg_hub/inst/BSCANID.u_xsdbm_id/CORE_XSDB.U_ICON/U_CMD/iTARGET_reg[8]/C
                         clock pessimism              0.339    36.984    
                         clock uncertainty           -0.035    36.949    
    SLICE_X60Y97         FDCE (Recov_fdce_C_CLR)     -0.405    36.544    dbg_hub/inst/BSCANID.u_xsdbm_id/CORE_XSDB.U_ICON/U_CMD/iTARGET_reg[8]
  -------------------------------------------------------------------
                         required time                         36.544    
                         arrival time                          -8.889    
  -------------------------------------------------------------------
                         slack                                 27.655    

Slack (MET) :             27.659ns  (required time - arrival time)
  Source:                 dbg_hub/inst/BSCANID.u_xsdbm_id/SWITCH_N_EXT_BSCAN.bscan_switch/state_reg[0]/C
                            (rising edge-triggered cell FDRE clocked by dbg_hub/inst/BSCANID.u_xsdbm_id/SWITCH_N_EXT_BSCAN.bscan_inst/SERIES7_BSCAN.bscan_inst/TCK  {rise@0.000ns fall@16.500ns period=33.000ns})
  Destination:            dbg_hub/inst/BSCANID.u_xsdbm_id/CORE_XSDB.U_ICON/U_CMD/iTARGET_reg[10]/CLR
                            (recovery check against rising-edge clock dbg_hub/inst/BSCANID.u_xsdbm_id/SWITCH_N_EXT_BSCAN.bscan_inst/SERIES7_BSCAN.bscan_inst/TCK  {rise@0.000ns fall@16.500ns period=33.000ns})
  Path Group:             **async_default**
  Path Type:              Recovery (Max at Slow Process Corner)
  Requirement:            33.000ns  (dbg_hub/inst/BSCANID.u_xsdbm_id/SWITCH_N_EXT_BSCAN.bscan_inst/SERIES7_BSCAN.bscan_inst/TCK rise@33.000ns - dbg_hub/inst/BSCANID.u_xsdbm_id/SWITCH_N_EXT_BSCAN.bscan_inst/SERIES7_BSCAN.bscan_inst/TCK rise@0.000ns)
  Data Path Delay:        4.548ns  (logic 0.842ns (18.514%)  route 3.706ns (81.486%))
  Logic Levels:           2  (LUT1=1 LUT4=1)
  Clock Path Skew:        -0.352ns (DCD - SCD + CPR)
    Destination Clock Delay (DCD):    3.645ns = ( 36.645 - 33.000 ) 
    Source Clock Delay      (SCD):    4.336ns
    Clock Pessimism Removal (CPR):    0.339ns
  Clock Uncertainty:      0.035ns  ((TSJ^2 + TIJ^2)^1/2 + DJ) / 2 + PE
    Total System Jitter     (TSJ):    0.071ns
    Total Input Jitter      (TIJ):    0.000ns
    Discrete Jitter          (DJ):    0.000ns
    Phase Error              (PE):    0.000ns

    Location             Delay type                Incr(ns)  Path(ns)    Netlist Resource(s)
  -------------------------------------------------------------------    -------------------
                         (clock dbg_hub/inst/BSCANID.u_xsdbm_id/SWITCH_N_EXT_BSCAN.bscan_inst/SERIES7_BSCAN.bscan_inst/TCK rise edge)
                                                      0.000     0.000 r  
    BSCAN_X0Y0           BSCANE2                      0.000     0.000 r  dbg_hub/inst/BSCANID.u_xsdbm_id/SWITCH_N_EXT_BSCAN.bscan_inst/SERIES7_BSCAN.bscan_inst/TCK
                         net (fo=1, routed)           2.325     2.325    dbg_hub/inst/BSCANID.u_xsdbm_id/tck_bs
    BUFGCTRL_X0Y1        BUFG (Prop_bufg_I_O)         0.101     2.426 r  dbg_hub/inst/BSCANID.u_xsdbm_id/SWITCH_N_EXT_BSCAN.u_bufg_icon_tck/O
                         net (fo=486, routed)         1.910     4.336    dbg_hub/inst/BSCANID.u_xsdbm_id/SWITCH_N_EXT_BSCAN.bscan_switch/s_bscan_tck
    SLICE_X63Y102        FDRE                                         r  dbg_hub/inst/BSCANID.u_xsdbm_id/SWITCH_N_EXT_BSCAN.bscan_switch/state_reg[0]/C
  -------------------------------------------------------------------    -------------------
    SLICE_X63Y102        FDRE (Prop_fdre_C_Q)         0.419     4.755 f  dbg_hub/inst/BSCANID.u_xsdbm_id/SWITCH_N_EXT_BSCAN.bscan_switch/state_reg[0]/Q
                         net (fo=50, routed)          2.687     7.443    dbg_hub/inst/BSCANID.u_xsdbm_id/SWITCH_N_EXT_BSCAN.bscan_switch/state[0]
    SLICE_X60Y98         LUT4 (Prop_lut4_I1_O)        0.299     7.742 r  dbg_hub/inst/BSCANID.u_xsdbm_id/SWITCH_N_EXT_BSCAN.bscan_switch/m_bscan_sel[0]_INST_0/O
                         net (fo=2, routed)           0.446     8.187    dbg_hub/inst/BSCANID.u_xsdbm_id/CORE_XSDB.U_ICON/U_CMD/iTARGET_reg[6]_0
    SLICE_X60Y98         LUT1 (Prop_lut1_I0_O)        0.124     8.311 f  dbg_hub/inst/BSCANID.u_xsdbm_id/CORE_XSDB.U_ICON/U_CMD/iTARGET[15]_i_2/O
                         net (fo=10, routed)          0.573     8.884    dbg_hub/inst/BSCANID.u_xsdbm_id/CORE_XSDB.U_ICON/U_CMD/iSEL_n
    SLICE_X61Y97         FDCE                                         f  dbg_hub/inst/BSCANID.u_xsdbm_id/CORE_XSDB.U_ICON/U_CMD/iTARGET_reg[10]/CLR
  -------------------------------------------------------------------    -------------------

                         (clock dbg_hub/inst/BSCANID.u_xsdbm_id/SWITCH_N_EXT_BSCAN.bscan_inst/SERIES7_BSCAN.bscan_inst/TCK rise edge)
                                                     33.000    33.000 r  
    BSCAN_X0Y0           BSCANE2                      0.000    33.000 r  dbg_hub/inst/BSCANID.u_xsdbm_id/SWITCH_N_EXT_BSCAN.bscan_inst/SERIES7_BSCAN.bscan_inst/TCK
                         net (fo=1, routed)           2.010    35.010    dbg_hub/inst/BSCANID.u_xsdbm_id/tck_bs
    BUFGCTRL_X0Y1        BUFG (Prop_bufg_I_O)         0.091    35.101 r  dbg_hub/inst/BSCANID.u_xsdbm_id/SWITCH_N_EXT_BSCAN.u_bufg_icon_tck/O
                         net (fo=486, routed)         1.544    36.645    dbg_hub/inst/BSCANID.u_xsdbm_id/CORE_XSDB.U_ICON/U_CMD/m_bscan_tck[0]
    SLICE_X61Y97         FDCE                                         r  dbg_hub/inst/BSCANID.u_xsdbm_id/CORE_XSDB.U_ICON/U_CMD/iTARGET_reg[10]/C
                         clock pessimism              0.339    36.984    
                         clock uncertainty           -0.035    36.949    
    SLICE_X61Y97         FDCE (Recov_fdce_C_CLR)     -0.405    36.544    dbg_hub/inst/BSCANID.u_xsdbm_id/CORE_XSDB.U_ICON/U_CMD/iTARGET_reg[10]
  -------------------------------------------------------------------
                         required time                         36.544    
                         arrival time                          -8.884    
  -------------------------------------------------------------------
                         slack                                 27.659    

Slack (MET) :             27.659ns  (required time - arrival time)
  Source:                 dbg_hub/inst/BSCANID.u_xsdbm_id/SWITCH_N_EXT_BSCAN.bscan_switch/state_reg[0]/C
                            (rising edge-triggered cell FDRE clocked by dbg_hub/inst/BSCANID.u_xsdbm_id/SWITCH_N_EXT_BSCAN.bscan_inst/SERIES7_BSCAN.bscan_inst/TCK  {rise@0.000ns fall@16.500ns period=33.000ns})
  Destination:            dbg_hub/inst/BSCANID.u_xsdbm_id/CORE_XSDB.U_ICON/U_CMD/iTARGET_reg[11]/CLR
                            (recovery check against rising-edge clock dbg_hub/inst/BSCANID.u_xsdbm_id/SWITCH_N_EXT_BSCAN.bscan_inst/SERIES7_BSCAN.bscan_inst/TCK  {rise@0.000ns fall@16.500ns period=33.000ns})
  Path Group:             **async_default**
  Path Type:              Recovery (Max at Slow Process Corner)
  Requirement:            33.000ns  (dbg_hub/inst/BSCANID.u_xsdbm_id/SWITCH_N_EXT_BSCAN.bscan_inst/SERIES7_BSCAN.bscan_inst/TCK rise@33.000ns - dbg_hub/inst/BSCANID.u_xsdbm_id/SWITCH_N_EXT_BSCAN.bscan_inst/SERIES7_BSCAN.bscan_inst/TCK rise@0.000ns)
  Data Path Delay:        4.548ns  (logic 0.842ns (18.514%)  route 3.706ns (81.486%))
  Logic Levels:           2  (LUT1=1 LUT4=1)
  Clock Path Skew:        -0.352ns (DCD - SCD + CPR)
    Destination Clock Delay (DCD):    3.645ns = ( 36.645 - 33.000 ) 
    Source Clock Delay      (SCD):    4.336ns
    Clock Pessimism Removal (CPR):    0.339ns
  Clock Uncertainty:      0.035ns  ((TSJ^2 + TIJ^2)^1/2 + DJ) / 2 + PE
    Total System Jitter     (TSJ):    0.071ns
    Total Input Jitter      (TIJ):    0.000ns
    Discrete Jitter          (DJ):    0.000ns
    Phase Error              (PE):    0.000ns

    Location             Delay type                Incr(ns)  Path(ns)    Netlist Resource(s)
  -------------------------------------------------------------------    -------------------
                         (clock dbg_hub/inst/BSCANID.u_xsdbm_id/SWITCH_N_EXT_BSCAN.bscan_inst/SERIES7_BSCAN.bscan_inst/TCK rise edge)
                                                      0.000     0.000 r  
    BSCAN_X0Y0           BSCANE2                      0.000     0.000 r  dbg_hub/inst/BSCANID.u_xsdbm_id/SWITCH_N_EXT_BSCAN.bscan_inst/SERIES7_BSCAN.bscan_inst/TCK
                         net (fo=1, routed)           2.325     2.325    dbg_hub/inst/BSCANID.u_xsdbm_id/tck_bs
    BUFGCTRL_X0Y1        BUFG (Prop_bufg_I_O)         0.101     2.426 r  dbg_hub/inst/BSCANID.u_xsdbm_id/SWITCH_N_EXT_BSCAN.u_bufg_icon_tck/O
                         net (fo=486, routed)         1.910     4.336    dbg_hub/inst/BSCANID.u_xsdbm_id/SWITCH_N_EXT_BSCAN.bscan_switch/s_bscan_tck
    SLICE_X63Y102        FDRE                                         r  dbg_hub/inst/BSCANID.u_xsdbm_id/SWITCH_N_EXT_BSCAN.bscan_switch/state_reg[0]/C
  -------------------------------------------------------------------    -------------------
    SLICE_X63Y102        FDRE (Prop_fdre_C_Q)         0.419     4.755 f  dbg_hub/inst/BSCANID.u_xsdbm_id/SWITCH_N_EXT_BSCAN.bscan_switch/state_reg[0]/Q
                         net (fo=50, routed)          2.687     7.443    dbg_hub/inst/BSCANID.u_xsdbm_id/SWITCH_N_EXT_BSCAN.bscan_switch/state[0]
    SLICE_X60Y98         LUT4 (Prop_lut4_I1_O)        0.299     7.742 r  dbg_hub/inst/BSCANID.u_xsdbm_id/SWITCH_N_EXT_BSCAN.bscan_switch/m_bscan_sel[0]_INST_0/O
                         net (fo=2, routed)           0.446     8.187    dbg_hub/inst/BSCANID.u_xsdbm_id/CORE_XSDB.U_ICON/U_CMD/iTARGET_reg[6]_0
    SLICE_X60Y98         LUT1 (Prop_lut1_I0_O)        0.124     8.311 f  dbg_hub/inst/BSCANID.u_xsdbm_id/CORE_XSDB.U_ICON/U_CMD/iTARGET[15]_i_2/O
                         net (fo=10, routed)          0.573     8.884    dbg_hub/inst/BSCANID.u_xsdbm_id/CORE_XSDB.U_ICON/U_CMD/iSEL_n
    SLICE_X61Y97         FDCE                                         f  dbg_hub/inst/BSCANID.u_xsdbm_id/CORE_XSDB.U_ICON/U_CMD/iTARGET_reg[11]/CLR
  -------------------------------------------------------------------    -------------------

                         (clock dbg_hub/inst/BSCANID.u_xsdbm_id/SWITCH_N_EXT_BSCAN.bscan_inst/SERIES7_BSCAN.bscan_inst/TCK rise edge)
                                                     33.000    33.000 r  
    BSCAN_X0Y0           BSCANE2                      0.000    33.000 r  dbg_hub/inst/BSCANID.u_xsdbm_id/SWITCH_N_EXT_BSCAN.bscan_inst/SERIES7_BSCAN.bscan_inst/TCK
                         net (fo=1, routed)           2.010    35.010    dbg_hub/inst/BSCANID.u_xsdbm_id/tck_bs
    BUFGCTRL_X0Y1        BUFG (Prop_bufg_I_O)         0.091    35.101 r  dbg_hub/inst/BSCANID.u_xsdbm_id/SWITCH_N_EXT_BSCAN.u_bufg_icon_tck/O
                         net (fo=486, routed)         1.544    36.645    dbg_hub/inst/BSCANID.u_xsdbm_id/CORE_XSDB.U_ICON/U_CMD/m_bscan_tck[0]
    SLICE_X61Y97         FDCE                                         r  dbg_hub/inst/BSCANID.u_xsdbm_id/CORE_XSDB.U_ICON/U_CMD/iTARGET_reg[11]/C
                         clock pessimism              0.339    36.984    
                         clock uncertainty           -0.035    36.949    
    SLICE_X61Y97         FDCE (Recov_fdce_C_CLR)     -0.405    36.544    dbg_hub/inst/BSCANID.u_xsdbm_id/CORE_XSDB.U_ICON/U_CMD/iTARGET_reg[11]
  -------------------------------------------------------------------
                         required time                         36.544    
                         arrival time                          -8.884    
  -------------------------------------------------------------------
                         slack                                 27.659    

Slack (MET) :             27.659ns  (required time - arrival time)
  Source:                 dbg_hub/inst/BSCANID.u_xsdbm_id/SWITCH_N_EXT_BSCAN.bscan_switch/state_reg[0]/C
                            (rising edge-triggered cell FDRE clocked by dbg_hub/inst/BSCANID.u_xsdbm_id/SWITCH_N_EXT_BSCAN.bscan_inst/SERIES7_BSCAN.bscan_inst/TCK  {rise@0.000ns fall@16.500ns period=33.000ns})
  Destination:            dbg_hub/inst/BSCANID.u_xsdbm_id/CORE_XSDB.U_ICON/U_CMD/iTARGET_reg[15]/CLR
                            (recovery check against rising-edge clock dbg_hub/inst/BSCANID.u_xsdbm_id/SWITCH_N_EXT_BSCAN.bscan_inst/SERIES7_BSCAN.bscan_inst/TCK  {rise@0.000ns fall@16.500ns period=33.000ns})
  Path Group:             **async_default**
  Path Type:              Recovery (Max at Slow Process Corner)
  Requirement:            33.000ns  (dbg_hub/inst/BSCANID.u_xsdbm_id/SWITCH_N_EXT_BSCAN.bscan_inst/SERIES7_BSCAN.bscan_inst/TCK rise@33.000ns - dbg_hub/inst/BSCANID.u_xsdbm_id/SWITCH_N_EXT_BSCAN.bscan_inst/SERIES7_BSCAN.bscan_inst/TCK rise@0.000ns)
  Data Path Delay:        4.548ns  (logic 0.842ns (18.514%)  route 3.706ns (81.486%))
  Logic Levels:           2  (LUT1=1 LUT4=1)
  Clock Path Skew:        -0.352ns (DCD - SCD + CPR)
    Destination Clock Delay (DCD):    3.645ns = ( 36.645 - 33.000 ) 
    Source Clock Delay      (SCD):    4.336ns
    Clock Pessimism Removal (CPR):    0.339ns
  Clock Uncertainty:      0.035ns  ((TSJ^2 + TIJ^2)^1/2 + DJ) / 2 + PE
    Total System Jitter     (TSJ):    0.071ns
    Total Input Jitter      (TIJ):    0.000ns
    Discrete Jitter          (DJ):    0.000ns
    Phase Error              (PE):    0.000ns

    Location             Delay type                Incr(ns)  Path(ns)    Netlist Resource(s)
  -------------------------------------------------------------------    -------------------
                         (clock dbg_hub/inst/BSCANID.u_xsdbm_id/SWITCH_N_EXT_BSCAN.bscan_inst/SERIES7_BSCAN.bscan_inst/TCK rise edge)
                                                      0.000     0.000 r  
    BSCAN_X0Y0           BSCANE2                      0.000     0.000 r  dbg_hub/inst/BSCANID.u_xsdbm_id/SWITCH_N_EXT_BSCAN.bscan_inst/SERIES7_BSCAN.bscan_inst/TCK
                         net (fo=1, routed)           2.325     2.325    dbg_hub/inst/BSCANID.u_xsdbm_id/tck_bs
    BUFGCTRL_X0Y1        BUFG (Prop_bufg_I_O)         0.101     2.426 r  dbg_hub/inst/BSCANID.u_xsdbm_id/SWITCH_N_EXT_BSCAN.u_bufg_icon_tck/O
                         net (fo=486, routed)         1.910     4.336    dbg_hub/inst/BSCANID.u_xsdbm_id/SWITCH_N_EXT_BSCAN.bscan_switch/s_bscan_tck
    SLICE_X63Y102        FDRE                                         r  dbg_hub/inst/BSCANID.u_xsdbm_id/SWITCH_N_EXT_BSCAN.bscan_switch/state_reg[0]/C
  -------------------------------------------------------------------    -------------------
    SLICE_X63Y102        FDRE (Prop_fdre_C_Q)         0.419     4.755 f  dbg_hub/inst/BSCANID.u_xsdbm_id/SWITCH_N_EXT_BSCAN.bscan_switch/state_reg[0]/Q
                         net (fo=50, routed)          2.687     7.443    dbg_hub/inst/BSCANID.u_xsdbm_id/SWITCH_N_EXT_BSCAN.bscan_switch/state[0]
    SLICE_X60Y98         LUT4 (Prop_lut4_I1_O)        0.299     7.742 r  dbg_hub/inst/BSCANID.u_xsdbm_id/SWITCH_N_EXT_BSCAN.bscan_switch/m_bscan_sel[0]_INST_0/O
                         net (fo=2, routed)           0.446     8.187    dbg_hub/inst/BSCANID.u_xsdbm_id/CORE_XSDB.U_ICON/U_CMD/iTARGET_reg[6]_0
    SLICE_X60Y98         LUT1 (Prop_lut1_I0_O)        0.124     8.311 f  dbg_hub/inst/BSCANID.u_xsdbm_id/CORE_XSDB.U_ICON/U_CMD/iTARGET[15]_i_2/O
                         net (fo=10, routed)          0.573     8.884    dbg_hub/inst/BSCANID.u_xsdbm_id/CORE_XSDB.U_ICON/U_CMD/iSEL_n
    SLICE_X61Y97         FDCE                                         f  dbg_hub/inst/BSCANID.u_xsdbm_id/CORE_XSDB.U_ICON/U_CMD/iTARGET_reg[15]/CLR
  -------------------------------------------------------------------    -------------------

                         (clock dbg_hub/inst/BSCANID.u_xsdbm_id/SWITCH_N_EXT_BSCAN.bscan_inst/SERIES7_BSCAN.bscan_inst/TCK rise edge)
                                                     33.000    33.000 r  
    BSCAN_X0Y0           BSCANE2                      0.000    33.000 r  dbg_hub/inst/BSCANID.u_xsdbm_id/SWITCH_N_EXT_BSCAN.bscan_inst/SERIES7_BSCAN.bscan_inst/TCK
                         net (fo=1, routed)           2.010    35.010    dbg_hub/inst/BSCANID.u_xsdbm_id/tck_bs
    BUFGCTRL_X0Y1        BUFG (Prop_bufg_I_O)         0.091    35.101 r  dbg_hub/inst/BSCANID.u_xsdbm_id/SWITCH_N_EXT_BSCAN.u_bufg_icon_tck/O
                         net (fo=486, routed)         1.544    36.645    dbg_hub/inst/BSCANID.u_xsdbm_id/CORE_XSDB.U_ICON/U_CMD/m_bscan_tck[0]
    SLICE_X61Y97         FDCE                                         r  dbg_hub/inst/BSCANID.u_xsdbm_id/CORE_XSDB.U_ICON/U_CMD/iTARGET_reg[15]/C
                         clock pessimism              0.339    36.984    
                         clock uncertainty           -0.035    36.949    
    SLICE_X61Y97         FDCE (Recov_fdce_C_CLR)     -0.405    36.544    dbg_hub/inst/BSCANID.u_xsdbm_id/CORE_XSDB.U_ICON/U_CMD/iTARGET_reg[15]
  -------------------------------------------------------------------
                         required time                         36.544    
                         arrival time                          -8.884    
  -------------------------------------------------------------------
                         slack                                 27.659    

Slack (MET) :             27.659ns  (required time - arrival time)
  Source:                 dbg_hub/inst/BSCANID.u_xsdbm_id/SWITCH_N_EXT_BSCAN.bscan_switch/state_reg[0]/C
                            (rising edge-triggered cell FDRE clocked by dbg_hub/inst/BSCANID.u_xsdbm_id/SWITCH_N_EXT_BSCAN.bscan_inst/SERIES7_BSCAN.bscan_inst/TCK  {rise@0.000ns fall@16.500ns period=33.000ns})
  Destination:            dbg_hub/inst/BSCANID.u_xsdbm_id/CORE_XSDB.U_ICON/U_CMD/iTARGET_reg[7]/CLR
                            (recovery check against rising-edge clock dbg_hub/inst/BSCANID.u_xsdbm_id/SWITCH_N_EXT_BSCAN.bscan_inst/SERIES7_BSCAN.bscan_inst/TCK  {rise@0.000ns fall@16.500ns period=33.000ns})
  Path Group:             **async_default**
  Path Type:              Recovery (Max at Slow Process Corner)
  Requirement:            33.000ns  (dbg_hub/inst/BSCANID.u_xsdbm_id/SWITCH_N_EXT_BSCAN.bscan_inst/SERIES7_BSCAN.bscan_inst/TCK rise@33.000ns - dbg_hub/inst/BSCANID.u_xsdbm_id/SWITCH_N_EXT_BSCAN.bscan_inst/SERIES7_BSCAN.bscan_inst/TCK rise@0.000ns)
  Data Path Delay:        4.548ns  (logic 0.842ns (18.514%)  route 3.706ns (81.486%))
  Logic Levels:           2  (LUT1=1 LUT4=1)
  Clock Path Skew:        -0.352ns (DCD - SCD + CPR)
    Destination Clock Delay (DCD):    3.645ns = ( 36.645 - 33.000 ) 
    Source Clock Delay      (SCD):    4.336ns
    Clock Pessimism Removal (CPR):    0.339ns
  Clock Uncertainty:      0.035ns  ((TSJ^2 + TIJ^2)^1/2 + DJ) / 2 + PE
    Total System Jitter     (TSJ):    0.071ns
    Total Input Jitter      (TIJ):    0.000ns
    Discrete Jitter          (DJ):    0.000ns
    Phase Error              (PE):    0.000ns

    Location             Delay type                Incr(ns)  Path(ns)    Netlist Resource(s)
  -------------------------------------------------------------------    -------------------
                         (clock dbg_hub/inst/BSCANID.u_xsdbm_id/SWITCH_N_EXT_BSCAN.bscan_inst/SERIES7_BSCAN.bscan_inst/TCK rise edge)
                                                      0.000     0.000 r  
    BSCAN_X0Y0           BSCANE2                      0.000     0.000 r  dbg_hub/inst/BSCANID.u_xsdbm_id/SWITCH_N_EXT_BSCAN.bscan_inst/SERIES7_BSCAN.bscan_inst/TCK
                         net (fo=1, routed)           2.325     2.325    dbg_hub/inst/BSCANID.u_xsdbm_id/tck_bs
    BUFGCTRL_X0Y1        BUFG (Prop_bufg_I_O)         0.101     2.426 r  dbg_hub/inst/BSCANID.u_xsdbm_id/SWITCH_N_EXT_BSCAN.u_bufg_icon_tck/O
                         net (fo=486, routed)         1.910     4.336    dbg_hub/inst/BSCANID.u_xsdbm_id/SWITCH_N_EXT_BSCAN.bscan_switch/s_bscan_tck
    SLICE_X63Y102        FDRE                                         r  dbg_hub/inst/BSCANID.u_xsdbm_id/SWITCH_N_EXT_BSCAN.bscan_switch/state_reg[0]/C
  -------------------------------------------------------------------    -------------------
    SLICE_X63Y102        FDRE (Prop_fdre_C_Q)         0.419     4.755 f  dbg_hub/inst/BSCANID.u_xsdbm_id/SWITCH_N_EXT_BSCAN.bscan_switch/state_reg[0]/Q
                         net (fo=50, routed)          2.687     7.443    dbg_hub/inst/BSCANID.u_xsdbm_id/SWITCH_N_EXT_BSCAN.bscan_switch/state[0]
    SLICE_X60Y98         LUT4 (Prop_lut4_I1_O)        0.299     7.742 r  dbg_hub/inst/BSCANID.u_xsdbm_id/SWITCH_N_EXT_BSCAN.bscan_switch/m_bscan_sel[0]_INST_0/O
                         net (fo=2, routed)           0.446     8.187    dbg_hub/inst/BSCANID.u_xsdbm_id/CORE_XSDB.U_ICON/U_CMD/iTARGET_reg[6]_0
    SLICE_X60Y98         LUT1 (Prop_lut1_I0_O)        0.124     8.311 f  dbg_hub/inst/BSCANID.u_xsdbm_id/CORE_XSDB.U_ICON/U_CMD/iTARGET[15]_i_2/O
                         net (fo=10, routed)          0.573     8.884    dbg_hub/inst/BSCANID.u_xsdbm_id/CORE_XSDB.U_ICON/U_CMD/iSEL_n
    SLICE_X61Y97         FDCE                                         f  dbg_hub/inst/BSCANID.u_xsdbm_id/CORE_XSDB.U_ICON/U_CMD/iTARGET_reg[7]/CLR
  -------------------------------------------------------------------    -------------------

                         (clock dbg_hub/inst/BSCANID.u_xsdbm_id/SWITCH_N_EXT_BSCAN.bscan_inst/SERIES7_BSCAN.bscan_inst/TCK rise edge)
                                                     33.000    33.000 r  
    BSCAN_X0Y0           BSCANE2                      0.000    33.000 r  dbg_hub/inst/BSCANID.u_xsdbm_id/SWITCH_N_EXT_BSCAN.bscan_inst/SERIES7_BSCAN.bscan_inst/TCK
                         net (fo=1, routed)           2.010    35.010    dbg_hub/inst/BSCANID.u_xsdbm_id/tck_bs
    BUFGCTRL_X0Y1        BUFG (Prop_bufg_I_O)         0.091    35.101 r  dbg_hub/inst/BSCANID.u_xsdbm_id/SWITCH_N_EXT_BSCAN.u_bufg_icon_tck/O
                         net (fo=486, routed)         1.544    36.645    dbg_hub/inst/BSCANID.u_xsdbm_id/CORE_XSDB.U_ICON/U_CMD/m_bscan_tck[0]
    SLICE_X61Y97         FDCE                                         r  dbg_hub/inst/BSCANID.u_xsdbm_id/CORE_XSDB.U_ICON/U_CMD/iTARGET_reg[7]/C
                         clock pessimism              0.339    36.984    
                         clock uncertainty           -0.035    36.949    
    SLICE_X61Y97         FDCE (Recov_fdce_C_CLR)     -0.405    36.544    dbg_hub/inst/BSCANID.u_xsdbm_id/CORE_XSDB.U_ICON/U_CMD/iTARGET_reg[7]
  -------------------------------------------------------------------
                         required time                         36.544    
                         arrival time                          -8.884    
  -------------------------------------------------------------------
                         slack                                 27.659    

Slack (MET) :             27.659ns  (required time - arrival time)
  Source:                 dbg_hub/inst/BSCANID.u_xsdbm_id/SWITCH_N_EXT_BSCAN.bscan_switch/state_reg[0]/C
                            (rising edge-triggered cell FDRE clocked by dbg_hub/inst/BSCANID.u_xsdbm_id/SWITCH_N_EXT_BSCAN.bscan_inst/SERIES7_BSCAN.bscan_inst/TCK  {rise@0.000ns fall@16.500ns period=33.000ns})
  Destination:            dbg_hub/inst/BSCANID.u_xsdbm_id/CORE_XSDB.U_ICON/U_CMD/iTARGET_reg[9]/CLR
                            (recovery check against rising-edge clock dbg_hub/inst/BSCANID.u_xsdbm_id/SWITCH_N_EXT_BSCAN.bscan_inst/SERIES7_BSCAN.bscan_inst/TCK  {rise@0.000ns fall@16.500ns period=33.000ns})
  Path Group:             **async_default**
  Path Type:              Recovery (Max at Slow Process Corner)
  Requirement:            33.000ns  (dbg_hub/inst/BSCANID.u_xsdbm_id/SWITCH_N_EXT_BSCAN.bscan_inst/SERIES7_BSCAN.bscan_inst/TCK rise@33.000ns - dbg_hub/inst/BSCANID.u_xsdbm_id/SWITCH_N_EXT_BSCAN.bscan_inst/SERIES7_BSCAN.bscan_inst/TCK rise@0.000ns)
  Data Path Delay:        4.548ns  (logic 0.842ns (18.514%)  route 3.706ns (81.486%))
  Logic Levels:           2  (LUT1=1 LUT4=1)
  Clock Path Skew:        -0.352ns (DCD - SCD + CPR)
    Destination Clock Delay (DCD):    3.645ns = ( 36.645 - 33.000 ) 
    Source Clock Delay      (SCD):    4.336ns
    Clock Pessimism Removal (CPR):    0.339ns
  Clock Uncertainty:      0.035ns  ((TSJ^2 + TIJ^2)^1/2 + DJ) / 2 + PE
    Total System Jitter     (TSJ):    0.071ns
    Total Input Jitter      (TIJ):    0.000ns
    Discrete Jitter          (DJ):    0.000ns
    Phase Error              (PE):    0.000ns

    Location             Delay type                Incr(ns)  Path(ns)    Netlist Resource(s)
  -------------------------------------------------------------------    -------------------
                         (clock dbg_hub/inst/BSCANID.u_xsdbm_id/SWITCH_N_EXT_BSCAN.bscan_inst/SERIES7_BSCAN.bscan_inst/TCK rise edge)
                                                      0.000     0.000 r  
    BSCAN_X0Y0           BSCANE2                      0.000     0.000 r  dbg_hub/inst/BSCANID.u_xsdbm_id/SWITCH_N_EXT_BSCAN.bscan_inst/SERIES7_BSCAN.bscan_inst/TCK
                         net (fo=1, routed)           2.325     2.325    dbg_hub/inst/BSCANID.u_xsdbm_id/tck_bs
    BUFGCTRL_X0Y1        BUFG (Prop_bufg_I_O)         0.101     2.426 r  dbg_hub/inst/BSCANID.u_xsdbm_id/SWITCH_N_EXT_BSCAN.u_bufg_icon_tck/O
                         net (fo=486, routed)         1.910     4.336    dbg_hub/inst/BSCANID.u_xsdbm_id/SWITCH_N_EXT_BSCAN.bscan_switch/s_bscan_tck
    SLICE_X63Y102        FDRE                                         r  dbg_hub/inst/BSCANID.u_xsdbm_id/SWITCH_N_EXT_BSCAN.bscan_switch/state_reg[0]/C
  -------------------------------------------------------------------    -------------------
    SLICE_X63Y102        FDRE (Prop_fdre_C_Q)         0.419     4.755 f  dbg_hub/inst/BSCANID.u_xsdbm_id/SWITCH_N_EXT_BSCAN.bscan_switch/state_reg[0]/Q
                         net (fo=50, routed)          2.687     7.443    dbg_hub/inst/BSCANID.u_xsdbm_id/SWITCH_N_EXT_BSCAN.bscan_switch/state[0]
    SLICE_X60Y98         LUT4 (Prop_lut4_I1_O)        0.299     7.742 r  dbg_hub/inst/BSCANID.u_xsdbm_id/SWITCH_N_EXT_BSCAN.bscan_switch/m_bscan_sel[0]_INST_0/O
                         net (fo=2, routed)           0.446     8.187    dbg_hub/inst/BSCANID.u_xsdbm_id/CORE_XSDB.U_ICON/U_CMD/iTARGET_reg[6]_0
    SLICE_X60Y98         LUT1 (Prop_lut1_I0_O)        0.124     8.311 f  dbg_hub/inst/BSCANID.u_xsdbm_id/CORE_XSDB.U_ICON/U_CMD/iTARGET[15]_i_2/O
                         net (fo=10, routed)          0.573     8.884    dbg_hub/inst/BSCANID.u_xsdbm_id/CORE_XSDB.U_ICON/U_CMD/iSEL_n
    SLICE_X61Y97         FDCE                                         f  dbg_hub/inst/BSCANID.u_xsdbm_id/CORE_XSDB.U_ICON/U_CMD/iTARGET_reg[9]/CLR
  -------------------------------------------------------------------    -------------------

                         (clock dbg_hub/inst/BSCANID.u_xsdbm_id/SWITCH_N_EXT_BSCAN.bscan_inst/SERIES7_BSCAN.bscan_inst/TCK rise edge)
                                                     33.000    33.000 r  
    BSCAN_X0Y0           BSCANE2                      0.000    33.000 r  dbg_hub/inst/BSCANID.u_xsdbm_id/SWITCH_N_EXT_BSCAN.bscan_inst/SERIES7_BSCAN.bscan_inst/TCK
                         net (fo=1, routed)           2.010    35.010    dbg_hub/inst/BSCANID.u_xsdbm_id/tck_bs
    BUFGCTRL_X0Y1        BUFG (Prop_bufg_I_O)         0.091    35.101 r  dbg_hub/inst/BSCANID.u_xsdbm_id/SWITCH_N_EXT_BSCAN.u_bufg_icon_tck/O
                         net (fo=486, routed)         1.544    36.645    dbg_hub/inst/BSCANID.u_xsdbm_id/CORE_XSDB.U_ICON/U_CMD/m_bscan_tck[0]
    SLICE_X61Y97         FDCE                                         r  dbg_hub/inst/BSCANID.u_xsdbm_id/CORE_XSDB.U_ICON/U_CMD/iTARGET_reg[9]/C
                         clock pessimism              0.339    36.984    
                         clock uncertainty           -0.035    36.949    
    SLICE_X61Y97         FDCE (Recov_fdce_C_CLR)     -0.405    36.544    dbg_hub/inst/BSCANID.u_xsdbm_id/CORE_XSDB.U_ICON/U_CMD/iTARGET_reg[9]
  -------------------------------------------------------------------
                         required time                         36.544    
                         arrival time                          -8.884    
  -------------------------------------------------------------------
                         slack                                 27.659    





Min Delay Paths
--------------------------------------------------------------------------------------
Slack (MET) :             0.346ns  (arrival time - required time)
  Source:                 dbg_hub/inst/BSCANID.u_xsdbm_id/CORE_XSDB.UUT_MASTER/U_ICON_INTERFACE/U_CMD6_WR/U_WR_FIFO/SUBCORE_FIFO.xsdbm_v3_0_0_wrfifo_inst/inst_fifo_gen/gconvfifo.rf/grf.rf/rstblk/ngwrdrst.grst.g7serrst.wr_rst_reg_reg[1]/C
                            (rising edge-triggered cell FDPE clocked by dbg_hub/inst/BSCANID.u_xsdbm_id/SWITCH_N_EXT_BSCAN.bscan_inst/SERIES7_BSCAN.bscan_inst/TCK  {rise@0.000ns fall@16.500ns period=33.000ns})
  Destination:            dbg_hub/inst/BSCANID.u_xsdbm_id/CORE_XSDB.UUT_MASTER/U_ICON_INTERFACE/U_CMD6_WR/U_WR_FIFO/SUBCORE_FIFO.xsdbm_v3_0_0_wrfifo_inst/inst_fifo_gen/gconvfifo.rf/grf.rf/gntv_or_sync_fifo.gl0.wr/wpntr/gic0.gc0.count_d1_reg[2]/CLR
                            (removal check against rising-edge clock dbg_hub/inst/BSCANID.u_xsdbm_id/SWITCH_N_EXT_BSCAN.bscan_inst/SERIES7_BSCAN.bscan_inst/TCK  {rise@0.000ns fall@16.500ns period=33.000ns})
  Path Group:             **async_default**
  Path Type:              Removal (Min at Fast Process Corner)
  Requirement:            0.000ns  (dbg_hub/inst/BSCANID.u_xsdbm_id/SWITCH_N_EXT_BSCAN.bscan_inst/SERIES7_BSCAN.bscan_inst/TCK rise@0.000ns - dbg_hub/inst/BSCANID.u_xsdbm_id/SWITCH_N_EXT_BSCAN.bscan_inst/SERIES7_BSCAN.bscan_inst/TCK rise@0.000ns)
  Data Path Delay:        0.270ns  (logic 0.141ns (52.284%)  route 0.129ns (47.716%))
  Logic Levels:           0  
  Clock Path Skew:        0.016ns (DCD - SCD - CPR)
    Destination Clock Delay (DCD):    2.053ns
    Source Clock Delay      (SCD):    1.647ns
    Clock Pessimism Removal (CPR):    0.390ns

    Location             Delay type                Incr(ns)  Path(ns)    Netlist Resource(s)
  -------------------------------------------------------------------    -------------------
                         (clock dbg_hub/inst/BSCANID.u_xsdbm_id/SWITCH_N_EXT_BSCAN.bscan_inst/SERIES7_BSCAN.bscan_inst/TCK rise edge)
                                                      0.000     0.000 r  
    BSCAN_X0Y0           BSCANE2                      0.000     0.000 r  dbg_hub/inst/BSCANID.u_xsdbm_id/SWITCH_N_EXT_BSCAN.bscan_inst/SERIES7_BSCAN.bscan_inst/TCK
                         net (fo=1, routed)           1.036     1.036    dbg_hub/inst/BSCANID.u_xsdbm_id/tck_bs
    BUFGCTRL_X0Y1        BUFG (Prop_bufg_I_O)         0.026     1.062 r  dbg_hub/inst/BSCANID.u_xsdbm_id/SWITCH_N_EXT_BSCAN.u_bufg_icon_tck/O
                         net (fo=486, routed)         0.585     1.647    dbg_hub/inst/BSCANID.u_xsdbm_id/CORE_XSDB.UUT_MASTER/U_ICON_INTERFACE/U_CMD6_WR/U_WR_FIFO/SUBCORE_FIFO.xsdbm_v3_0_0_wrfifo_inst/inst_fifo_gen/gconvfifo.rf/grf.rf/rstblk/wr_clk
    SLICE_X83Y96         FDPE                                         r  dbg_hub/inst/BSCANID.u_xsdbm_id/CORE_XSDB.UUT_MASTER/U_ICON_INTERFACE/U_CMD6_WR/U_WR_FIFO/SUBCORE_FIFO.xsdbm_v3_0_0_wrfifo_inst/inst_fifo_gen/gconvfifo.rf/grf.rf/rstblk/ngwrdrst.grst.g7serrst.wr_rst_reg_reg[1]/C
  -------------------------------------------------------------------    -------------------
    SLICE_X83Y96         FDPE (Prop_fdpe_C_Q)         0.141     1.788 f  dbg_hub/inst/BSCANID.u_xsdbm_id/CORE_XSDB.UUT_MASTER/U_ICON_INTERFACE/U_CMD6_WR/U_WR_FIFO/SUBCORE_FIFO.xsdbm_v3_0_0_wrfifo_inst/inst_fifo_gen/gconvfifo.rf/grf.rf/rstblk/ngwrdrst.grst.g7serrst.wr_rst_reg_reg[1]/Q
                         net (fo=12, routed)          0.129     1.917    dbg_hub/inst/BSCANID.u_xsdbm_id/CORE_XSDB.UUT_MASTER/U_ICON_INTERFACE/U_CMD6_WR/U_WR_FIFO/SUBCORE_FIFO.xsdbm_v3_0_0_wrfifo_inst/inst_fifo_gen/gconvfifo.rf/grf.rf/gntv_or_sync_fifo.gl0.wr/wpntr/gic0.gc0.count_reg[0]_0[0]
    SLICE_X83Y95         FDCE                                         f  dbg_hub/inst/BSCANID.u_xsdbm_id/CORE_XSDB.UUT_MASTER/U_ICON_INTERFACE/U_CMD6_WR/U_WR_FIFO/SUBCORE_FIFO.xsdbm_v3_0_0_wrfifo_inst/inst_fifo_gen/gconvfifo.rf/grf.rf/gntv_or_sync_fifo.gl0.wr/wpntr/gic0.gc0.count_d1_reg[2]/CLR
  -------------------------------------------------------------------    -------------------

                         (clock dbg_hub/inst/BSCANID.u_xsdbm_id/SWITCH_N_EXT_BSCAN.bscan_inst/SERIES7_BSCAN.bscan_inst/TCK rise edge)
                                                      0.000     0.000 r  
    BSCAN_X0Y0           BSCANE2                      0.000     0.000 r  dbg_hub/inst/BSCANID.u_xsdbm_id/SWITCH_N_EXT_BSCAN.bscan_inst/SERIES7_BSCAN.bscan_inst/TCK
                         net (fo=1, routed)           1.170     1.170    dbg_hub/inst/BSCANID.u_xsdbm_id/tck_bs
    BUFGCTRL_X0Y1        BUFG (Prop_bufg_I_O)         0.029     1.199 r  dbg_hub/inst/BSCANID.u_xsdbm_id/SWITCH_N_EXT_BSCAN.u_bufg_icon_tck/O
                         net (fo=486, routed)         0.854     2.053    dbg_hub/inst/BSCANID.u_xsdbm_id/CORE_XSDB.UUT_MASTER/U_ICON_INTERFACE/U_CMD6_WR/U_WR_FIFO/SUBCORE_FIFO.xsdbm_v3_0_0_wrfifo_inst/inst_fifo_gen/gconvfifo.rf/grf.rf/gntv_or_sync_fifo.gl0.wr/wpntr/wr_clk
    SLICE_X83Y95         FDCE                                         r  dbg_hub/inst/BSCANID.u_xsdbm_id/CORE_XSDB.UUT_MASTER/U_ICON_INTERFACE/U_CMD6_WR/U_WR_FIFO/SUBCORE_FIFO.xsdbm_v3_0_0_wrfifo_inst/inst_fifo_gen/gconvfifo.rf/grf.rf/gntv_or_sync_fifo.gl0.wr/wpntr/gic0.gc0.count_d1_reg[2]/C
                         clock pessimism             -0.390     1.663    
    SLICE_X83Y95         FDCE (Remov_fdce_C_CLR)     -0.092     1.571    dbg_hub/inst/BSCANID.u_xsdbm_id/CORE_XSDB.UUT_MASTER/U_ICON_INTERFACE/U_CMD6_WR/U_WR_FIFO/SUBCORE_FIFO.xsdbm_v3_0_0_wrfifo_inst/inst_fifo_gen/gconvfifo.rf/grf.rf/gntv_or_sync_fifo.gl0.wr/wpntr/gic0.gc0.count_d1_reg[2]
  -------------------------------------------------------------------
                         required time                         -1.571    
                         arrival time                           1.917    
  -------------------------------------------------------------------
                         slack                                  0.346    

Slack (MET) :             0.346ns  (arrival time - required time)
  Source:                 dbg_hub/inst/BSCANID.u_xsdbm_id/CORE_XSDB.UUT_MASTER/U_ICON_INTERFACE/U_CMD6_WR/U_WR_FIFO/SUBCORE_FIFO.xsdbm_v3_0_0_wrfifo_inst/inst_fifo_gen/gconvfifo.rf/grf.rf/rstblk/ngwrdrst.grst.g7serrst.wr_rst_reg_reg[1]/C
                            (rising edge-triggered cell FDPE clocked by dbg_hub/inst/BSCANID.u_xsdbm_id/SWITCH_N_EXT_BSCAN.bscan_inst/SERIES7_BSCAN.bscan_inst/TCK  {rise@0.000ns fall@16.500ns period=33.000ns})
  Destination:            dbg_hub/inst/BSCANID.u_xsdbm_id/CORE_XSDB.UUT_MASTER/U_ICON_INTERFACE/U_CMD6_WR/U_WR_FIFO/SUBCORE_FIFO.xsdbm_v3_0_0_wrfifo_inst/inst_fifo_gen/gconvfifo.rf/grf.rf/gntv_or_sync_fifo.gl0.wr/wpntr/gic0.gc0.count_d1_reg[3]/CLR
                            (removal check against rising-edge clock dbg_hub/inst/BSCANID.u_xsdbm_id/SWITCH_N_EXT_BSCAN.bscan_inst/SERIES7_BSCAN.bscan_inst/TCK  {rise@0.000ns fall@16.500ns period=33.000ns})
  Path Group:             **async_default**
  Path Type:              Removal (Min at Fast Process Corner)
  Requirement:            0.000ns  (dbg_hub/inst/BSCANID.u_xsdbm_id/SWITCH_N_EXT_BSCAN.bscan_inst/SERIES7_BSCAN.bscan_inst/TCK rise@0.000ns - dbg_hub/inst/BSCANID.u_xsdbm_id/SWITCH_N_EXT_BSCAN.bscan_inst/SERIES7_BSCAN.bscan_inst/TCK rise@0.000ns)
  Data Path Delay:        0.270ns  (logic 0.141ns (52.284%)  route 0.129ns (47.716%))
  Logic Levels:           0  
  Clock Path Skew:        0.016ns (DCD - SCD - CPR)
    Destination Clock Delay (DCD):    2.053ns
    Source Clock Delay      (SCD):    1.647ns
    Clock Pessimism Removal (CPR):    0.390ns

    Location             Delay type                Incr(ns)  Path(ns)    Netlist Resource(s)
  -------------------------------------------------------------------    -------------------
                         (clock dbg_hub/inst/BSCANID.u_xsdbm_id/SWITCH_N_EXT_BSCAN.bscan_inst/SERIES7_BSCAN.bscan_inst/TCK rise edge)
                                                      0.000     0.000 r  
    BSCAN_X0Y0           BSCANE2                      0.000     0.000 r  dbg_hub/inst/BSCANID.u_xsdbm_id/SWITCH_N_EXT_BSCAN.bscan_inst/SERIES7_BSCAN.bscan_inst/TCK
                         net (fo=1, routed)           1.036     1.036    dbg_hub/inst/BSCANID.u_xsdbm_id/tck_bs
    BUFGCTRL_X0Y1        BUFG (Prop_bufg_I_O)         0.026     1.062 r  dbg_hub/inst/BSCANID.u_xsdbm_id/SWITCH_N_EXT_BSCAN.u_bufg_icon_tck/O
                         net (fo=486, routed)         0.585     1.647    dbg_hub/inst/BSCANID.u_xsdbm_id/CORE_XSDB.UUT_MASTER/U_ICON_INTERFACE/U_CMD6_WR/U_WR_FIFO/SUBCORE_FIFO.xsdbm_v3_0_0_wrfifo_inst/inst_fifo_gen/gconvfifo.rf/grf.rf/rstblk/wr_clk
    SLICE_X83Y96         FDPE                                         r  dbg_hub/inst/BSCANID.u_xsdbm_id/CORE_XSDB.UUT_MASTER/U_ICON_INTERFACE/U_CMD6_WR/U_WR_FIFO/SUBCORE_FIFO.xsdbm_v3_0_0_wrfifo_inst/inst_fifo_gen/gconvfifo.rf/grf.rf/rstblk/ngwrdrst.grst.g7serrst.wr_rst_reg_reg[1]/C
  -------------------------------------------------------------------    -------------------
    SLICE_X83Y96         FDPE (Prop_fdpe_C_Q)         0.141     1.788 f  dbg_hub/inst/BSCANID.u_xsdbm_id/CORE_XSDB.UUT_MASTER/U_ICON_INTERFACE/U_CMD6_WR/U_WR_FIFO/SUBCORE_FIFO.xsdbm_v3_0_0_wrfifo_inst/inst_fifo_gen/gconvfifo.rf/grf.rf/rstblk/ngwrdrst.grst.g7serrst.wr_rst_reg_reg[1]/Q
                         net (fo=12, routed)          0.129     1.917    dbg_hub/inst/BSCANID.u_xsdbm_id/CORE_XSDB.UUT_MASTER/U_ICON_INTERFACE/U_CMD6_WR/U_WR_FIFO/SUBCORE_FIFO.xsdbm_v3_0_0_wrfifo_inst/inst_fifo_gen/gconvfifo.rf/grf.rf/gntv_or_sync_fifo.gl0.wr/wpntr/gic0.gc0.count_reg[0]_0[0]
    SLICE_X83Y95         FDCE                                         f  dbg_hub/inst/BSCANID.u_xsdbm_id/CORE_XSDB.UUT_MASTER/U_ICON_INTERFACE/U_CMD6_WR/U_WR_FIFO/SUBCORE_FIFO.xsdbm_v3_0_0_wrfifo_inst/inst_fifo_gen/gconvfifo.rf/grf.rf/gntv_or_sync_fifo.gl0.wr/wpntr/gic0.gc0.count_d1_reg[3]/CLR
  -------------------------------------------------------------------    -------------------

                         (clock dbg_hub/inst/BSCANID.u_xsdbm_id/SWITCH_N_EXT_BSCAN.bscan_inst/SERIES7_BSCAN.bscan_inst/TCK rise edge)
                                                      0.000     0.000 r  
    BSCAN_X0Y0           BSCANE2                      0.000     0.000 r  dbg_hub/inst/BSCANID.u_xsdbm_id/SWITCH_N_EXT_BSCAN.bscan_inst/SERIES7_BSCAN.bscan_inst/TCK
                         net (fo=1, routed)           1.170     1.170    dbg_hub/inst/BSCANID.u_xsdbm_id/tck_bs
    BUFGCTRL_X0Y1        BUFG (Prop_bufg_I_O)         0.029     1.199 r  dbg_hub/inst/BSCANID.u_xsdbm_id/SWITCH_N_EXT_BSCAN.u_bufg_icon_tck/O
                         net (fo=486, routed)         0.854     2.053    dbg_hub/inst/BSCANID.u_xsdbm_id/CORE_XSDB.UUT_MASTER/U_ICON_INTERFACE/U_CMD6_WR/U_WR_FIFO/SUBCORE_FIFO.xsdbm_v3_0_0_wrfifo_inst/inst_fifo_gen/gconvfifo.rf/grf.rf/gntv_or_sync_fifo.gl0.wr/wpntr/wr_clk
    SLICE_X83Y95         FDCE                                         r  dbg_hub/inst/BSCANID.u_xsdbm_id/CORE_XSDB.UUT_MASTER/U_ICON_INTERFACE/U_CMD6_WR/U_WR_FIFO/SUBCORE_FIFO.xsdbm_v3_0_0_wrfifo_inst/inst_fifo_gen/gconvfifo.rf/grf.rf/gntv_or_sync_fifo.gl0.wr/wpntr/gic0.gc0.count_d1_reg[3]/C
                         clock pessimism             -0.390     1.663    
    SLICE_X83Y95         FDCE (Remov_fdce_C_CLR)     -0.092     1.571    dbg_hub/inst/BSCANID.u_xsdbm_id/CORE_XSDB.UUT_MASTER/U_ICON_INTERFACE/U_CMD6_WR/U_WR_FIFO/SUBCORE_FIFO.xsdbm_v3_0_0_wrfifo_inst/inst_fifo_gen/gconvfifo.rf/grf.rf/gntv_or_sync_fifo.gl0.wr/wpntr/gic0.gc0.count_d1_reg[3]
  -------------------------------------------------------------------
                         required time                         -1.571    
                         arrival time                           1.917    
  -------------------------------------------------------------------
                         slack                                  0.346    

Slack (MET) :             0.346ns  (arrival time - required time)
  Source:                 dbg_hub/inst/BSCANID.u_xsdbm_id/CORE_XSDB.UUT_MASTER/U_ICON_INTERFACE/U_CMD6_WR/U_WR_FIFO/SUBCORE_FIFO.xsdbm_v3_0_0_wrfifo_inst/inst_fifo_gen/gconvfifo.rf/grf.rf/rstblk/ngwrdrst.grst.g7serrst.wr_rst_reg_reg[1]/C
                            (rising edge-triggered cell FDPE clocked by dbg_hub/inst/BSCANID.u_xsdbm_id/SWITCH_N_EXT_BSCAN.bscan_inst/SERIES7_BSCAN.bscan_inst/TCK  {rise@0.000ns fall@16.500ns period=33.000ns})
  Destination:            dbg_hub/inst/BSCANID.u_xsdbm_id/CORE_XSDB.UUT_MASTER/U_ICON_INTERFACE/U_CMD6_WR/U_WR_FIFO/SUBCORE_FIFO.xsdbm_v3_0_0_wrfifo_inst/inst_fifo_gen/gconvfifo.rf/grf.rf/gntv_or_sync_fifo.gl0.wr/wpntr/gic0.gc0.count_d2_reg[0]/CLR
                            (removal check against rising-edge clock dbg_hub/inst/BSCANID.u_xsdbm_id/SWITCH_N_EXT_BSCAN.bscan_inst/SERIES7_BSCAN.bscan_inst/TCK  {rise@0.000ns fall@16.500ns period=33.000ns})
  Path Group:             **async_default**
  Path Type:              Removal (Min at Fast Process Corner)
  Requirement:            0.000ns  (dbg_hub/inst/BSCANID.u_xsdbm_id/SWITCH_N_EXT_BSCAN.bscan_inst/SERIES7_BSCAN.bscan_inst/TCK rise@0.000ns - dbg_hub/inst/BSCANID.u_xsdbm_id/SWITCH_N_EXT_BSCAN.bscan_inst/SERIES7_BSCAN.bscan_inst/TCK rise@0.000ns)
  Data Path Delay:        0.270ns  (logic 0.141ns (52.284%)  route 0.129ns (47.716%))
  Logic Levels:           0  
  Clock Path Skew:        0.016ns (DCD - SCD - CPR)
    Destination Clock Delay (DCD):    2.053ns
    Source Clock Delay      (SCD):    1.647ns
    Clock Pessimism Removal (CPR):    0.390ns

    Location             Delay type                Incr(ns)  Path(ns)    Netlist Resource(s)
  -------------------------------------------------------------------    -------------------
                         (clock dbg_hub/inst/BSCANID.u_xsdbm_id/SWITCH_N_EXT_BSCAN.bscan_inst/SERIES7_BSCAN.bscan_inst/TCK rise edge)
                                                      0.000     0.000 r  
    BSCAN_X0Y0           BSCANE2                      0.000     0.000 r  dbg_hub/inst/BSCANID.u_xsdbm_id/SWITCH_N_EXT_BSCAN.bscan_inst/SERIES7_BSCAN.bscan_inst/TCK
                         net (fo=1, routed)           1.036     1.036    dbg_hub/inst/BSCANID.u_xsdbm_id/tck_bs
    BUFGCTRL_X0Y1        BUFG (Prop_bufg_I_O)         0.026     1.062 r  dbg_hub/inst/BSCANID.u_xsdbm_id/SWITCH_N_EXT_BSCAN.u_bufg_icon_tck/O
                         net (fo=486, routed)         0.585     1.647    dbg_hub/inst/BSCANID.u_xsdbm_id/CORE_XSDB.UUT_MASTER/U_ICON_INTERFACE/U_CMD6_WR/U_WR_FIFO/SUBCORE_FIFO.xsdbm_v3_0_0_wrfifo_inst/inst_fifo_gen/gconvfifo.rf/grf.rf/rstblk/wr_clk
    SLICE_X83Y96         FDPE                                         r  dbg_hub/inst/BSCANID.u_xsdbm_id/CORE_XSDB.UUT_MASTER/U_ICON_INTERFACE/U_CMD6_WR/U_WR_FIFO/SUBCORE_FIFO.xsdbm_v3_0_0_wrfifo_inst/inst_fifo_gen/gconvfifo.rf/grf.rf/rstblk/ngwrdrst.grst.g7serrst.wr_rst_reg_reg[1]/C
  -------------------------------------------------------------------    -------------------
    SLICE_X83Y96         FDPE (Prop_fdpe_C_Q)         0.141     1.788 f  dbg_hub/inst/BSCANID.u_xsdbm_id/CORE_XSDB.UUT_MASTER/U_ICON_INTERFACE/U_CMD6_WR/U_WR_FIFO/SUBCORE_FIFO.xsdbm_v3_0_0_wrfifo_inst/inst_fifo_gen/gconvfifo.rf/grf.rf/rstblk/ngwrdrst.grst.g7serrst.wr_rst_reg_reg[1]/Q
                         net (fo=12, routed)          0.129     1.917    dbg_hub/inst/BSCANID.u_xsdbm_id/CORE_XSDB.UUT_MASTER/U_ICON_INTERFACE/U_CMD6_WR/U_WR_FIFO/SUBCORE_FIFO.xsdbm_v3_0_0_wrfifo_inst/inst_fifo_gen/gconvfifo.rf/grf.rf/gntv_or_sync_fifo.gl0.wr/wpntr/gic0.gc0.count_reg[0]_0[0]
    SLICE_X83Y95         FDCE                                         f  dbg_hub/inst/BSCANID.u_xsdbm_id/CORE_XSDB.UUT_MASTER/U_ICON_INTERFACE/U_CMD6_WR/U_WR_FIFO/SUBCORE_FIFO.xsdbm_v3_0_0_wrfifo_inst/inst_fifo_gen/gconvfifo.rf/grf.rf/gntv_or_sync_fifo.gl0.wr/wpntr/gic0.gc0.count_d2_reg[0]/CLR
  -------------------------------------------------------------------    -------------------

                         (clock dbg_hub/inst/BSCANID.u_xsdbm_id/SWITCH_N_EXT_BSCAN.bscan_inst/SERIES7_BSCAN.bscan_inst/TCK rise edge)
                                                      0.000     0.000 r  
    BSCAN_X0Y0           BSCANE2                      0.000     0.000 r  dbg_hub/inst/BSCANID.u_xsdbm_id/SWITCH_N_EXT_BSCAN.bscan_inst/SERIES7_BSCAN.bscan_inst/TCK
                         net (fo=1, routed)           1.170     1.170    dbg_hub/inst/BSCANID.u_xsdbm_id/tck_bs
    BUFGCTRL_X0Y1        BUFG (Prop_bufg_I_O)         0.029     1.199 r  dbg_hub/inst/BSCANID.u_xsdbm_id/SWITCH_N_EXT_BSCAN.u_bufg_icon_tck/O
                         net (fo=486, routed)         0.854     2.053    dbg_hub/inst/BSCANID.u_xsdbm_id/CORE_XSDB.UUT_MASTER/U_ICON_INTERFACE/U_CMD6_WR/U_WR_FIFO/SUBCORE_FIFO.xsdbm_v3_0_0_wrfifo_inst/inst_fifo_gen/gconvfifo.rf/grf.rf/gntv_or_sync_fifo.gl0.wr/wpntr/wr_clk
    SLICE_X83Y95         FDCE                                         r  dbg_hub/inst/BSCANID.u_xsdbm_id/CORE_XSDB.UUT_MASTER/U_ICON_INTERFACE/U_CMD6_WR/U_WR_FIFO/SUBCORE_FIFO.xsdbm_v3_0_0_wrfifo_inst/inst_fifo_gen/gconvfifo.rf/grf.rf/gntv_or_sync_fifo.gl0.wr/wpntr/gic0.gc0.count_d2_reg[0]/C
                         clock pessimism             -0.390     1.663    
    SLICE_X83Y95         FDCE (Remov_fdce_C_CLR)     -0.092     1.571    dbg_hub/inst/BSCANID.u_xsdbm_id/CORE_XSDB.UUT_MASTER/U_ICON_INTERFACE/U_CMD6_WR/U_WR_FIFO/SUBCORE_FIFO.xsdbm_v3_0_0_wrfifo_inst/inst_fifo_gen/gconvfifo.rf/grf.rf/gntv_or_sync_fifo.gl0.wr/wpntr/gic0.gc0.count_d2_reg[0]
  -------------------------------------------------------------------
                         required time                         -1.571    
                         arrival time                           1.917    
  -------------------------------------------------------------------
                         slack                                  0.346    

Slack (MET) :             0.346ns  (arrival time - required time)
  Source:                 dbg_hub/inst/BSCANID.u_xsdbm_id/CORE_XSDB.UUT_MASTER/U_ICON_INTERFACE/U_CMD6_WR/U_WR_FIFO/SUBCORE_FIFO.xsdbm_v3_0_0_wrfifo_inst/inst_fifo_gen/gconvfifo.rf/grf.rf/rstblk/ngwrdrst.grst.g7serrst.wr_rst_reg_reg[1]/C
                            (rising edge-triggered cell FDPE clocked by dbg_hub/inst/BSCANID.u_xsdbm_id/SWITCH_N_EXT_BSCAN.bscan_inst/SERIES7_BSCAN.bscan_inst/TCK  {rise@0.000ns fall@16.500ns period=33.000ns})
  Destination:            dbg_hub/inst/BSCANID.u_xsdbm_id/CORE_XSDB.UUT_MASTER/U_ICON_INTERFACE/U_CMD6_WR/U_WR_FIFO/SUBCORE_FIFO.xsdbm_v3_0_0_wrfifo_inst/inst_fifo_gen/gconvfifo.rf/grf.rf/gntv_or_sync_fifo.gl0.wr/wpntr/gic0.gc0.count_d2_reg[1]/CLR
                            (removal check against rising-edge clock dbg_hub/inst/BSCANID.u_xsdbm_id/SWITCH_N_EXT_BSCAN.bscan_inst/SERIES7_BSCAN.bscan_inst/TCK  {rise@0.000ns fall@16.500ns period=33.000ns})
  Path Group:             **async_default**
  Path Type:              Removal (Min at Fast Process Corner)
  Requirement:            0.000ns  (dbg_hub/inst/BSCANID.u_xsdbm_id/SWITCH_N_EXT_BSCAN.bscan_inst/SERIES7_BSCAN.bscan_inst/TCK rise@0.000ns - dbg_hub/inst/BSCANID.u_xsdbm_id/SWITCH_N_EXT_BSCAN.bscan_inst/SERIES7_BSCAN.bscan_inst/TCK rise@0.000ns)
  Data Path Delay:        0.270ns  (logic 0.141ns (52.284%)  route 0.129ns (47.716%))
  Logic Levels:           0  
  Clock Path Skew:        0.016ns (DCD - SCD - CPR)
    Destination Clock Delay (DCD):    2.053ns
    Source Clock Delay      (SCD):    1.647ns
    Clock Pessimism Removal (CPR):    0.390ns

    Location             Delay type                Incr(ns)  Path(ns)    Netlist Resource(s)
  -------------------------------------------------------------------    -------------------
                         (clock dbg_hub/inst/BSCANID.u_xsdbm_id/SWITCH_N_EXT_BSCAN.bscan_inst/SERIES7_BSCAN.bscan_inst/TCK rise edge)
                                                      0.000     0.000 r  
    BSCAN_X0Y0           BSCANE2                      0.000     0.000 r  dbg_hub/inst/BSCANID.u_xsdbm_id/SWITCH_N_EXT_BSCAN.bscan_inst/SERIES7_BSCAN.bscan_inst/TCK
                         net (fo=1, routed)           1.036     1.036    dbg_hub/inst/BSCANID.u_xsdbm_id/tck_bs
    BUFGCTRL_X0Y1        BUFG (Prop_bufg_I_O)         0.026     1.062 r  dbg_hub/inst/BSCANID.u_xsdbm_id/SWITCH_N_EXT_BSCAN.u_bufg_icon_tck/O
                         net (fo=486, routed)         0.585     1.647    dbg_hub/inst/BSCANID.u_xsdbm_id/CORE_XSDB.UUT_MASTER/U_ICON_INTERFACE/U_CMD6_WR/U_WR_FIFO/SUBCORE_FIFO.xsdbm_v3_0_0_wrfifo_inst/inst_fifo_gen/gconvfifo.rf/grf.rf/rstblk/wr_clk
    SLICE_X83Y96         FDPE                                         r  dbg_hub/inst/BSCANID.u_xsdbm_id/CORE_XSDB.UUT_MASTER/U_ICON_INTERFACE/U_CMD6_WR/U_WR_FIFO/SUBCORE_FIFO.xsdbm_v3_0_0_wrfifo_inst/inst_fifo_gen/gconvfifo.rf/grf.rf/rstblk/ngwrdrst.grst.g7serrst.wr_rst_reg_reg[1]/C
  -------------------------------------------------------------------    -------------------
    SLICE_X83Y96         FDPE (Prop_fdpe_C_Q)         0.141     1.788 f  dbg_hub/inst/BSCANID.u_xsdbm_id/CORE_XSDB.UUT_MASTER/U_ICON_INTERFACE/U_CMD6_WR/U_WR_FIFO/SUBCORE_FIFO.xsdbm_v3_0_0_wrfifo_inst/inst_fifo_gen/gconvfifo.rf/grf.rf/rstblk/ngwrdrst.grst.g7serrst.wr_rst_reg_reg[1]/Q
                         net (fo=12, routed)          0.129     1.917    dbg_hub/inst/BSCANID.u_xsdbm_id/CORE_XSDB.UUT_MASTER/U_ICON_INTERFACE/U_CMD6_WR/U_WR_FIFO/SUBCORE_FIFO.xsdbm_v3_0_0_wrfifo_inst/inst_fifo_gen/gconvfifo.rf/grf.rf/gntv_or_sync_fifo.gl0.wr/wpntr/gic0.gc0.count_reg[0]_0[0]
    SLICE_X83Y95         FDCE                                         f  dbg_hub/inst/BSCANID.u_xsdbm_id/CORE_XSDB.UUT_MASTER/U_ICON_INTERFACE/U_CMD6_WR/U_WR_FIFO/SUBCORE_FIFO.xsdbm_v3_0_0_wrfifo_inst/inst_fifo_gen/gconvfifo.rf/grf.rf/gntv_or_sync_fifo.gl0.wr/wpntr/gic0.gc0.count_d2_reg[1]/CLR
  -------------------------------------------------------------------    -------------------

                         (clock dbg_hub/inst/BSCANID.u_xsdbm_id/SWITCH_N_EXT_BSCAN.bscan_inst/SERIES7_BSCAN.bscan_inst/TCK rise edge)
                                                      0.000     0.000 r  
    BSCAN_X0Y0           BSCANE2                      0.000     0.000 r  dbg_hub/inst/BSCANID.u_xsdbm_id/SWITCH_N_EXT_BSCAN.bscan_inst/SERIES7_BSCAN.bscan_inst/TCK
                         net (fo=1, routed)           1.170     1.170    dbg_hub/inst/BSCANID.u_xsdbm_id/tck_bs
    BUFGCTRL_X0Y1        BUFG (Prop_bufg_I_O)         0.029     1.199 r  dbg_hub/inst/BSCANID.u_xsdbm_id/SWITCH_N_EXT_BSCAN.u_bufg_icon_tck/O
                         net (fo=486, routed)         0.854     2.053    dbg_hub/inst/BSCANID.u_xsdbm_id/CORE_XSDB.UUT_MASTER/U_ICON_INTERFACE/U_CMD6_WR/U_WR_FIFO/SUBCORE_FIFO.xsdbm_v3_0_0_wrfifo_inst/inst_fifo_gen/gconvfifo.rf/grf.rf/gntv_or_sync_fifo.gl0.wr/wpntr/wr_clk
    SLICE_X83Y95         FDCE                                         r  dbg_hub/inst/BSCANID.u_xsdbm_id/CORE_XSDB.UUT_MASTER/U_ICON_INTERFACE/U_CMD6_WR/U_WR_FIFO/SUBCORE_FIFO.xsdbm_v3_0_0_wrfifo_inst/inst_fifo_gen/gconvfifo.rf/grf.rf/gntv_or_sync_fifo.gl0.wr/wpntr/gic0.gc0.count_d2_reg[1]/C
                         clock pessimism             -0.390     1.663    
    SLICE_X83Y95         FDCE (Remov_fdce_C_CLR)     -0.092     1.571    dbg_hub/inst/BSCANID.u_xsdbm_id/CORE_XSDB.UUT_MASTER/U_ICON_INTERFACE/U_CMD6_WR/U_WR_FIFO/SUBCORE_FIFO.xsdbm_v3_0_0_wrfifo_inst/inst_fifo_gen/gconvfifo.rf/grf.rf/gntv_or_sync_fifo.gl0.wr/wpntr/gic0.gc0.count_d2_reg[1]
  -------------------------------------------------------------------
                         required time                         -1.571    
                         arrival time                           1.917    
  -------------------------------------------------------------------
                         slack                                  0.346    

Slack (MET) :             0.346ns  (arrival time - required time)
  Source:                 dbg_hub/inst/BSCANID.u_xsdbm_id/CORE_XSDB.UUT_MASTER/U_ICON_INTERFACE/U_CMD6_WR/U_WR_FIFO/SUBCORE_FIFO.xsdbm_v3_0_0_wrfifo_inst/inst_fifo_gen/gconvfifo.rf/grf.rf/rstblk/ngwrdrst.grst.g7serrst.wr_rst_reg_reg[1]/C
                            (rising edge-triggered cell FDPE clocked by dbg_hub/inst/BSCANID.u_xsdbm_id/SWITCH_N_EXT_BSCAN.bscan_inst/SERIES7_BSCAN.bscan_inst/TCK  {rise@0.000ns fall@16.500ns period=33.000ns})
  Destination:            dbg_hub/inst/BSCANID.u_xsdbm_id/CORE_XSDB.UUT_MASTER/U_ICON_INTERFACE/U_CMD6_WR/U_WR_FIFO/SUBCORE_FIFO.xsdbm_v3_0_0_wrfifo_inst/inst_fifo_gen/gconvfifo.rf/grf.rf/gntv_or_sync_fifo.gl0.wr/wpntr/gic0.gc0.count_d2_reg[2]/CLR
                            (removal check against rising-edge clock dbg_hub/inst/BSCANID.u_xsdbm_id/SWITCH_N_EXT_BSCAN.bscan_inst/SERIES7_BSCAN.bscan_inst/TCK  {rise@0.000ns fall@16.500ns period=33.000ns})
  Path Group:             **async_default**
  Path Type:              Removal (Min at Fast Process Corner)
  Requirement:            0.000ns  (dbg_hub/inst/BSCANID.u_xsdbm_id/SWITCH_N_EXT_BSCAN.bscan_inst/SERIES7_BSCAN.bscan_inst/TCK rise@0.000ns - dbg_hub/inst/BSCANID.u_xsdbm_id/SWITCH_N_EXT_BSCAN.bscan_inst/SERIES7_BSCAN.bscan_inst/TCK rise@0.000ns)
  Data Path Delay:        0.270ns  (logic 0.141ns (52.284%)  route 0.129ns (47.716%))
  Logic Levels:           0  
  Clock Path Skew:        0.016ns (DCD - SCD - CPR)
    Destination Clock Delay (DCD):    2.053ns
    Source Clock Delay      (SCD):    1.647ns
    Clock Pessimism Removal (CPR):    0.390ns

    Location             Delay type                Incr(ns)  Path(ns)    Netlist Resource(s)
  -------------------------------------------------------------------    -------------------
                         (clock dbg_hub/inst/BSCANID.u_xsdbm_id/SWITCH_N_EXT_BSCAN.bscan_inst/SERIES7_BSCAN.bscan_inst/TCK rise edge)
                                                      0.000     0.000 r  
    BSCAN_X0Y0           BSCANE2                      0.000     0.000 r  dbg_hub/inst/BSCANID.u_xsdbm_id/SWITCH_N_EXT_BSCAN.bscan_inst/SERIES7_BSCAN.bscan_inst/TCK
                         net (fo=1, routed)           1.036     1.036    dbg_hub/inst/BSCANID.u_xsdbm_id/tck_bs
    BUFGCTRL_X0Y1        BUFG (Prop_bufg_I_O)         0.026     1.062 r  dbg_hub/inst/BSCANID.u_xsdbm_id/SWITCH_N_EXT_BSCAN.u_bufg_icon_tck/O
                         net (fo=486, routed)         0.585     1.647    dbg_hub/inst/BSCANID.u_xsdbm_id/CORE_XSDB.UUT_MASTER/U_ICON_INTERFACE/U_CMD6_WR/U_WR_FIFO/SUBCORE_FIFO.xsdbm_v3_0_0_wrfifo_inst/inst_fifo_gen/gconvfifo.rf/grf.rf/rstblk/wr_clk
    SLICE_X83Y96         FDPE                                         r  dbg_hub/inst/BSCANID.u_xsdbm_id/CORE_XSDB.UUT_MASTER/U_ICON_INTERFACE/U_CMD6_WR/U_WR_FIFO/SUBCORE_FIFO.xsdbm_v3_0_0_wrfifo_inst/inst_fifo_gen/gconvfifo.rf/grf.rf/rstblk/ngwrdrst.grst.g7serrst.wr_rst_reg_reg[1]/C
  -------------------------------------------------------------------    -------------------
    SLICE_X83Y96         FDPE (Prop_fdpe_C_Q)         0.141     1.788 f  dbg_hub/inst/BSCANID.u_xsdbm_id/CORE_XSDB.UUT_MASTER/U_ICON_INTERFACE/U_CMD6_WR/U_WR_FIFO/SUBCORE_FIFO.xsdbm_v3_0_0_wrfifo_inst/inst_fifo_gen/gconvfifo.rf/grf.rf/rstblk/ngwrdrst.grst.g7serrst.wr_rst_reg_reg[1]/Q
                         net (fo=12, routed)          0.129     1.917    dbg_hub/inst/BSCANID.u_xsdbm_id/CORE_XSDB.UUT_MASTER/U_ICON_INTERFACE/U_CMD6_WR/U_WR_FIFO/SUBCORE_FIFO.xsdbm_v3_0_0_wrfifo_inst/inst_fifo_gen/gconvfifo.rf/grf.rf/gntv_or_sync_fifo.gl0.wr/wpntr/gic0.gc0.count_reg[0]_0[0]
    SLICE_X83Y95         FDCE                                         f  dbg_hub/inst/BSCANID.u_xsdbm_id/CORE_XSDB.UUT_MASTER/U_ICON_INTERFACE/U_CMD6_WR/U_WR_FIFO/SUBCORE_FIFO.xsdbm_v3_0_0_wrfifo_inst/inst_fifo_gen/gconvfifo.rf/grf.rf/gntv_or_sync_fifo.gl0.wr/wpntr/gic0.gc0.count_d2_reg[2]/CLR
  -------------------------------------------------------------------    -------------------

                         (clock dbg_hub/inst/BSCANID.u_xsdbm_id/SWITCH_N_EXT_BSCAN.bscan_inst/SERIES7_BSCAN.bscan_inst/TCK rise edge)
                                                      0.000     0.000 r  
    BSCAN_X0Y0           BSCANE2                      0.000     0.000 r  dbg_hub/inst/BSCANID.u_xsdbm_id/SWITCH_N_EXT_BSCAN.bscan_inst/SERIES7_BSCAN.bscan_inst/TCK
                         net (fo=1, routed)           1.170     1.170    dbg_hub/inst/BSCANID.u_xsdbm_id/tck_bs
    BUFGCTRL_X0Y1        BUFG (Prop_bufg_I_O)         0.029     1.199 r  dbg_hub/inst/BSCANID.u_xsdbm_id/SWITCH_N_EXT_BSCAN.u_bufg_icon_tck/O
                         net (fo=486, routed)         0.854     2.053    dbg_hub/inst/BSCANID.u_xsdbm_id/CORE_XSDB.UUT_MASTER/U_ICON_INTERFACE/U_CMD6_WR/U_WR_FIFO/SUBCORE_FIFO.xsdbm_v3_0_0_wrfifo_inst/inst_fifo_gen/gconvfifo.rf/grf.rf/gntv_or_sync_fifo.gl0.wr/wpntr/wr_clk
    SLICE_X83Y95         FDCE                                         r  dbg_hub/inst/BSCANID.u_xsdbm_id/CORE_XSDB.UUT_MASTER/U_ICON_INTERFACE/U_CMD6_WR/U_WR_FIFO/SUBCORE_FIFO.xsdbm_v3_0_0_wrfifo_inst/inst_fifo_gen/gconvfifo.rf/grf.rf/gntv_or_sync_fifo.gl0.wr/wpntr/gic0.gc0.count_d2_reg[2]/C
                         clock pessimism             -0.390     1.663    
    SLICE_X83Y95         FDCE (Remov_fdce_C_CLR)     -0.092     1.571    dbg_hub/inst/BSCANID.u_xsdbm_id/CORE_XSDB.UUT_MASTER/U_ICON_INTERFACE/U_CMD6_WR/U_WR_FIFO/SUBCORE_FIFO.xsdbm_v3_0_0_wrfifo_inst/inst_fifo_gen/gconvfifo.rf/grf.rf/gntv_or_sync_fifo.gl0.wr/wpntr/gic0.gc0.count_d2_reg[2]
  -------------------------------------------------------------------
                         required time                         -1.571    
                         arrival time                           1.917    
  -------------------------------------------------------------------
                         slack                                  0.346    

Slack (MET) :             0.346ns  (arrival time - required time)
  Source:                 dbg_hub/inst/BSCANID.u_xsdbm_id/CORE_XSDB.UUT_MASTER/U_ICON_INTERFACE/U_CMD6_WR/U_WR_FIFO/SUBCORE_FIFO.xsdbm_v3_0_0_wrfifo_inst/inst_fifo_gen/gconvfifo.rf/grf.rf/rstblk/ngwrdrst.grst.g7serrst.wr_rst_reg_reg[1]/C
                            (rising edge-triggered cell FDPE clocked by dbg_hub/inst/BSCANID.u_xsdbm_id/SWITCH_N_EXT_BSCAN.bscan_inst/SERIES7_BSCAN.bscan_inst/TCK  {rise@0.000ns fall@16.500ns period=33.000ns})
  Destination:            dbg_hub/inst/BSCANID.u_xsdbm_id/CORE_XSDB.UUT_MASTER/U_ICON_INTERFACE/U_CMD6_WR/U_WR_FIFO/SUBCORE_FIFO.xsdbm_v3_0_0_wrfifo_inst/inst_fifo_gen/gconvfifo.rf/grf.rf/gntv_or_sync_fifo.gl0.wr/wpntr/gic0.gc0.count_d2_reg[3]/CLR
                            (removal check against rising-edge clock dbg_hub/inst/BSCANID.u_xsdbm_id/SWITCH_N_EXT_BSCAN.bscan_inst/SERIES7_BSCAN.bscan_inst/TCK  {rise@0.000ns fall@16.500ns period=33.000ns})
  Path Group:             **async_default**
  Path Type:              Removal (Min at Fast Process Corner)
  Requirement:            0.000ns  (dbg_hub/inst/BSCANID.u_xsdbm_id/SWITCH_N_EXT_BSCAN.bscan_inst/SERIES7_BSCAN.bscan_inst/TCK rise@0.000ns - dbg_hub/inst/BSCANID.u_xsdbm_id/SWITCH_N_EXT_BSCAN.bscan_inst/SERIES7_BSCAN.bscan_inst/TCK rise@0.000ns)
  Data Path Delay:        0.270ns  (logic 0.141ns (52.284%)  route 0.129ns (47.716%))
  Logic Levels:           0  
  Clock Path Skew:        0.016ns (DCD - SCD - CPR)
    Destination Clock Delay (DCD):    2.053ns
    Source Clock Delay      (SCD):    1.647ns
    Clock Pessimism Removal (CPR):    0.390ns

    Location             Delay type                Incr(ns)  Path(ns)    Netlist Resource(s)
  -------------------------------------------------------------------    -------------------
                         (clock dbg_hub/inst/BSCANID.u_xsdbm_id/SWITCH_N_EXT_BSCAN.bscan_inst/SERIES7_BSCAN.bscan_inst/TCK rise edge)
                                                      0.000     0.000 r  
    BSCAN_X0Y0           BSCANE2                      0.000     0.000 r  dbg_hub/inst/BSCANID.u_xsdbm_id/SWITCH_N_EXT_BSCAN.bscan_inst/SERIES7_BSCAN.bscan_inst/TCK
                         net (fo=1, routed)           1.036     1.036    dbg_hub/inst/BSCANID.u_xsdbm_id/tck_bs
    BUFGCTRL_X0Y1        BUFG (Prop_bufg_I_O)         0.026     1.062 r  dbg_hub/inst/BSCANID.u_xsdbm_id/SWITCH_N_EXT_BSCAN.u_bufg_icon_tck/O
                         net (fo=486, routed)         0.585     1.647    dbg_hub/inst/BSCANID.u_xsdbm_id/CORE_XSDB.UUT_MASTER/U_ICON_INTERFACE/U_CMD6_WR/U_WR_FIFO/SUBCORE_FIFO.xsdbm_v3_0_0_wrfifo_inst/inst_fifo_gen/gconvfifo.rf/grf.rf/rstblk/wr_clk
    SLICE_X83Y96         FDPE                                         r  dbg_hub/inst/BSCANID.u_xsdbm_id/CORE_XSDB.UUT_MASTER/U_ICON_INTERFACE/U_CMD6_WR/U_WR_FIFO/SUBCORE_FIFO.xsdbm_v3_0_0_wrfifo_inst/inst_fifo_gen/gconvfifo.rf/grf.rf/rstblk/ngwrdrst.grst.g7serrst.wr_rst_reg_reg[1]/C
  -------------------------------------------------------------------    -------------------
    SLICE_X83Y96         FDPE (Prop_fdpe_C_Q)         0.141     1.788 f  dbg_hub/inst/BSCANID.u_xsdbm_id/CORE_XSDB.UUT_MASTER/U_ICON_INTERFACE/U_CMD6_WR/U_WR_FIFO/SUBCORE_FIFO.xsdbm_v3_0_0_wrfifo_inst/inst_fifo_gen/gconvfifo.rf/grf.rf/rstblk/ngwrdrst.grst.g7serrst.wr_rst_reg_reg[1]/Q
                         net (fo=12, routed)          0.129     1.917    dbg_hub/inst/BSCANID.u_xsdbm_id/CORE_XSDB.UUT_MASTER/U_ICON_INTERFACE/U_CMD6_WR/U_WR_FIFO/SUBCORE_FIFO.xsdbm_v3_0_0_wrfifo_inst/inst_fifo_gen/gconvfifo.rf/grf.rf/gntv_or_sync_fifo.gl0.wr/wpntr/gic0.gc0.count_reg[0]_0[0]
    SLICE_X83Y95         FDCE                                         f  dbg_hub/inst/BSCANID.u_xsdbm_id/CORE_XSDB.UUT_MASTER/U_ICON_INTERFACE/U_CMD6_WR/U_WR_FIFO/SUBCORE_FIFO.xsdbm_v3_0_0_wrfifo_inst/inst_fifo_gen/gconvfifo.rf/grf.rf/gntv_or_sync_fifo.gl0.wr/wpntr/gic0.gc0.count_d2_reg[3]/CLR
  -------------------------------------------------------------------    -------------------

                         (clock dbg_hub/inst/BSCANID.u_xsdbm_id/SWITCH_N_EXT_BSCAN.bscan_inst/SERIES7_BSCAN.bscan_inst/TCK rise edge)
                                                      0.000     0.000 r  
    BSCAN_X0Y0           BSCANE2                      0.000     0.000 r  dbg_hub/inst/BSCANID.u_xsdbm_id/SWITCH_N_EXT_BSCAN.bscan_inst/SERIES7_BSCAN.bscan_inst/TCK
                         net (fo=1, routed)           1.170     1.170    dbg_hub/inst/BSCANID.u_xsdbm_id/tck_bs
    BUFGCTRL_X0Y1        BUFG (Prop_bufg_I_O)         0.029     1.199 r  dbg_hub/inst/BSCANID.u_xsdbm_id/SWITCH_N_EXT_BSCAN.u_bufg_icon_tck/O
                         net (fo=486, routed)         0.854     2.053    dbg_hub/inst/BSCANID.u_xsdbm_id/CORE_XSDB.UUT_MASTER/U_ICON_INTERFACE/U_CMD6_WR/U_WR_FIFO/SUBCORE_FIFO.xsdbm_v3_0_0_wrfifo_inst/inst_fifo_gen/gconvfifo.rf/grf.rf/gntv_or_sync_fifo.gl0.wr/wpntr/wr_clk
    SLICE_X83Y95         FDCE                                         r  dbg_hub/inst/BSCANID.u_xsdbm_id/CORE_XSDB.UUT_MASTER/U_ICON_INTERFACE/U_CMD6_WR/U_WR_FIFO/SUBCORE_FIFO.xsdbm_v3_0_0_wrfifo_inst/inst_fifo_gen/gconvfifo.rf/grf.rf/gntv_or_sync_fifo.gl0.wr/wpntr/gic0.gc0.count_d2_reg[3]/C
                         clock pessimism             -0.390     1.663    
    SLICE_X83Y95         FDCE (Remov_fdce_C_CLR)     -0.092     1.571    dbg_hub/inst/BSCANID.u_xsdbm_id/CORE_XSDB.UUT_MASTER/U_ICON_INTERFACE/U_CMD6_WR/U_WR_FIFO/SUBCORE_FIFO.xsdbm_v3_0_0_wrfifo_inst/inst_fifo_gen/gconvfifo.rf/grf.rf/gntv_or_sync_fifo.gl0.wr/wpntr/gic0.gc0.count_d2_reg[3]
  -------------------------------------------------------------------
                         required time                         -1.571    
                         arrival time                           1.917    
  -------------------------------------------------------------------
                         slack                                  0.346    

Slack (MET) :             0.346ns  (arrival time - required time)
  Source:                 dbg_hub/inst/BSCANID.u_xsdbm_id/CORE_XSDB.UUT_MASTER/U_ICON_INTERFACE/U_CMD6_WR/U_WR_FIFO/SUBCORE_FIFO.xsdbm_v3_0_0_wrfifo_inst/inst_fifo_gen/gconvfifo.rf/grf.rf/rstblk/ngwrdrst.grst.g7serrst.wr_rst_reg_reg[1]/C
                            (rising edge-triggered cell FDPE clocked by dbg_hub/inst/BSCANID.u_xsdbm_id/SWITCH_N_EXT_BSCAN.bscan_inst/SERIES7_BSCAN.bscan_inst/TCK  {rise@0.000ns fall@16.500ns period=33.000ns})
  Destination:            dbg_hub/inst/BSCANID.u_xsdbm_id/CORE_XSDB.UUT_MASTER/U_ICON_INTERFACE/U_CMD6_WR/U_WR_FIFO/SUBCORE_FIFO.xsdbm_v3_0_0_wrfifo_inst/inst_fifo_gen/gconvfifo.rf/grf.rf/gntv_or_sync_fifo.gl0.wr/wpntr/gic0.gc0.count_reg[2]/CLR
                            (removal check against rising-edge clock dbg_hub/inst/BSCANID.u_xsdbm_id/SWITCH_N_EXT_BSCAN.bscan_inst/SERIES7_BSCAN.bscan_inst/TCK  {rise@0.000ns fall@16.500ns period=33.000ns})
  Path Group:             **async_default**
  Path Type:              Removal (Min at Fast Process Corner)
  Requirement:            0.000ns  (dbg_hub/inst/BSCANID.u_xsdbm_id/SWITCH_N_EXT_BSCAN.bscan_inst/SERIES7_BSCAN.bscan_inst/TCK rise@0.000ns - dbg_hub/inst/BSCANID.u_xsdbm_id/SWITCH_N_EXT_BSCAN.bscan_inst/SERIES7_BSCAN.bscan_inst/TCK rise@0.000ns)
  Data Path Delay:        0.270ns  (logic 0.141ns (52.284%)  route 0.129ns (47.716%))
  Logic Levels:           0  
  Clock Path Skew:        0.016ns (DCD - SCD - CPR)
    Destination Clock Delay (DCD):    2.053ns
    Source Clock Delay      (SCD):    1.647ns
    Clock Pessimism Removal (CPR):    0.390ns

    Location             Delay type                Incr(ns)  Path(ns)    Netlist Resource(s)
  -------------------------------------------------------------------    -------------------
                         (clock dbg_hub/inst/BSCANID.u_xsdbm_id/SWITCH_N_EXT_BSCAN.bscan_inst/SERIES7_BSCAN.bscan_inst/TCK rise edge)
                                                      0.000     0.000 r  
    BSCAN_X0Y0           BSCANE2                      0.000     0.000 r  dbg_hub/inst/BSCANID.u_xsdbm_id/SWITCH_N_EXT_BSCAN.bscan_inst/SERIES7_BSCAN.bscan_inst/TCK
                         net (fo=1, routed)           1.036     1.036    dbg_hub/inst/BSCANID.u_xsdbm_id/tck_bs
    BUFGCTRL_X0Y1        BUFG (Prop_bufg_I_O)         0.026     1.062 r  dbg_hub/inst/BSCANID.u_xsdbm_id/SWITCH_N_EXT_BSCAN.u_bufg_icon_tck/O
                         net (fo=486, routed)         0.585     1.647    dbg_hub/inst/BSCANID.u_xsdbm_id/CORE_XSDB.UUT_MASTER/U_ICON_INTERFACE/U_CMD6_WR/U_WR_FIFO/SUBCORE_FIFO.xsdbm_v3_0_0_wrfifo_inst/inst_fifo_gen/gconvfifo.rf/grf.rf/rstblk/wr_clk
    SLICE_X83Y96         FDPE                                         r  dbg_hub/inst/BSCANID.u_xsdbm_id/CORE_XSDB.UUT_MASTER/U_ICON_INTERFACE/U_CMD6_WR/U_WR_FIFO/SUBCORE_FIFO.xsdbm_v3_0_0_wrfifo_inst/inst_fifo_gen/gconvfifo.rf/grf.rf/rstblk/ngwrdrst.grst.g7serrst.wr_rst_reg_reg[1]/C
  -------------------------------------------------------------------    -------------------
    SLICE_X83Y96         FDPE (Prop_fdpe_C_Q)         0.141     1.788 f  dbg_hub/inst/BSCANID.u_xsdbm_id/CORE_XSDB.UUT_MASTER/U_ICON_INTERFACE/U_CMD6_WR/U_WR_FIFO/SUBCORE_FIFO.xsdbm_v3_0_0_wrfifo_inst/inst_fifo_gen/gconvfifo.rf/grf.rf/rstblk/ngwrdrst.grst.g7serrst.wr_rst_reg_reg[1]/Q
                         net (fo=12, routed)          0.129     1.917    dbg_hub/inst/BSCANID.u_xsdbm_id/CORE_XSDB.UUT_MASTER/U_ICON_INTERFACE/U_CMD6_WR/U_WR_FIFO/SUBCORE_FIFO.xsdbm_v3_0_0_wrfifo_inst/inst_fifo_gen/gconvfifo.rf/grf.rf/gntv_or_sync_fifo.gl0.wr/wpntr/gic0.gc0.count_reg[0]_0[0]
    SLICE_X83Y95         FDCE                                         f  dbg_hub/inst/BSCANID.u_xsdbm_id/CORE_XSDB.UUT_MASTER/U_ICON_INTERFACE/U_CMD6_WR/U_WR_FIFO/SUBCORE_FIFO.xsdbm_v3_0_0_wrfifo_inst/inst_fifo_gen/gconvfifo.rf/grf.rf/gntv_or_sync_fifo.gl0.wr/wpntr/gic0.gc0.count_reg[2]/CLR
  -------------------------------------------------------------------    -------------------

                         (clock dbg_hub/inst/BSCANID.u_xsdbm_id/SWITCH_N_EXT_BSCAN.bscan_inst/SERIES7_BSCAN.bscan_inst/TCK rise edge)
                                                      0.000     0.000 r  
    BSCAN_X0Y0           BSCANE2                      0.000     0.000 r  dbg_hub/inst/BSCANID.u_xsdbm_id/SWITCH_N_EXT_BSCAN.bscan_inst/SERIES7_BSCAN.bscan_inst/TCK
                         net (fo=1, routed)           1.170     1.170    dbg_hub/inst/BSCANID.u_xsdbm_id/tck_bs
    BUFGCTRL_X0Y1        BUFG (Prop_bufg_I_O)         0.029     1.199 r  dbg_hub/inst/BSCANID.u_xsdbm_id/SWITCH_N_EXT_BSCAN.u_bufg_icon_tck/O
                         net (fo=486, routed)         0.854     2.053    dbg_hub/inst/BSCANID.u_xsdbm_id/CORE_XSDB.UUT_MASTER/U_ICON_INTERFACE/U_CMD6_WR/U_WR_FIFO/SUBCORE_FIFO.xsdbm_v3_0_0_wrfifo_inst/inst_fifo_gen/gconvfifo.rf/grf.rf/gntv_or_sync_fifo.gl0.wr/wpntr/wr_clk
    SLICE_X83Y95         FDCE                                         r  dbg_hub/inst/BSCANID.u_xsdbm_id/CORE_XSDB.UUT_MASTER/U_ICON_INTERFACE/U_CMD6_WR/U_WR_FIFO/SUBCORE_FIFO.xsdbm_v3_0_0_wrfifo_inst/inst_fifo_gen/gconvfifo.rf/grf.rf/gntv_or_sync_fifo.gl0.wr/wpntr/gic0.gc0.count_reg[2]/C
                         clock pessimism             -0.390     1.663    
    SLICE_X83Y95         FDCE (Remov_fdce_C_CLR)     -0.092     1.571    dbg_hub/inst/BSCANID.u_xsdbm_id/CORE_XSDB.UUT_MASTER/U_ICON_INTERFACE/U_CMD6_WR/U_WR_FIFO/SUBCORE_FIFO.xsdbm_v3_0_0_wrfifo_inst/inst_fifo_gen/gconvfifo.rf/grf.rf/gntv_or_sync_fifo.gl0.wr/wpntr/gic0.gc0.count_reg[2]
  -------------------------------------------------------------------
                         required time                         -1.571    
                         arrival time                           1.917    
  -------------------------------------------------------------------
                         slack                                  0.346    

Slack (MET) :             0.346ns  (arrival time - required time)
  Source:                 dbg_hub/inst/BSCANID.u_xsdbm_id/CORE_XSDB.UUT_MASTER/U_ICON_INTERFACE/U_CMD6_WR/U_WR_FIFO/SUBCORE_FIFO.xsdbm_v3_0_0_wrfifo_inst/inst_fifo_gen/gconvfifo.rf/grf.rf/rstblk/ngwrdrst.grst.g7serrst.wr_rst_reg_reg[1]/C
                            (rising edge-triggered cell FDPE clocked by dbg_hub/inst/BSCANID.u_xsdbm_id/SWITCH_N_EXT_BSCAN.bscan_inst/SERIES7_BSCAN.bscan_inst/TCK  {rise@0.000ns fall@16.500ns period=33.000ns})
  Destination:            dbg_hub/inst/BSCANID.u_xsdbm_id/CORE_XSDB.UUT_MASTER/U_ICON_INTERFACE/U_CMD6_WR/U_WR_FIFO/SUBCORE_FIFO.xsdbm_v3_0_0_wrfifo_inst/inst_fifo_gen/gconvfifo.rf/grf.rf/gntv_or_sync_fifo.gl0.wr/wpntr/gic0.gc0.count_reg[3]/CLR
                            (removal check against rising-edge clock dbg_hub/inst/BSCANID.u_xsdbm_id/SWITCH_N_EXT_BSCAN.bscan_inst/SERIES7_BSCAN.bscan_inst/TCK  {rise@0.000ns fall@16.500ns period=33.000ns})
  Path Group:             **async_default**
  Path Type:              Removal (Min at Fast Process Corner)
  Requirement:            0.000ns  (dbg_hub/inst/BSCANID.u_xsdbm_id/SWITCH_N_EXT_BSCAN.bscan_inst/SERIES7_BSCAN.bscan_inst/TCK rise@0.000ns - dbg_hub/inst/BSCANID.u_xsdbm_id/SWITCH_N_EXT_BSCAN.bscan_inst/SERIES7_BSCAN.bscan_inst/TCK rise@0.000ns)
  Data Path Delay:        0.270ns  (logic 0.141ns (52.284%)  route 0.129ns (47.716%))
  Logic Levels:           0  
  Clock Path Skew:        0.016ns (DCD - SCD - CPR)
    Destination Clock Delay (DCD):    2.053ns
    Source Clock Delay      (SCD):    1.647ns
    Clock Pessimism Removal (CPR):    0.390ns

    Location             Delay type                Incr(ns)  Path(ns)    Netlist Resource(s)
  -------------------------------------------------------------------    -------------------
                         (clock dbg_hub/inst/BSCANID.u_xsdbm_id/SWITCH_N_EXT_BSCAN.bscan_inst/SERIES7_BSCAN.bscan_inst/TCK rise edge)
                                                      0.000     0.000 r  
    BSCAN_X0Y0           BSCANE2                      0.000     0.000 r  dbg_hub/inst/BSCANID.u_xsdbm_id/SWITCH_N_EXT_BSCAN.bscan_inst/SERIES7_BSCAN.bscan_inst/TCK
                         net (fo=1, routed)           1.036     1.036    dbg_hub/inst/BSCANID.u_xsdbm_id/tck_bs
    BUFGCTRL_X0Y1        BUFG (Prop_bufg_I_O)         0.026     1.062 r  dbg_hub/inst/BSCANID.u_xsdbm_id/SWITCH_N_EXT_BSCAN.u_bufg_icon_tck/O
                         net (fo=486, routed)         0.585     1.647    dbg_hub/inst/BSCANID.u_xsdbm_id/CORE_XSDB.UUT_MASTER/U_ICON_INTERFACE/U_CMD6_WR/U_WR_FIFO/SUBCORE_FIFO.xsdbm_v3_0_0_wrfifo_inst/inst_fifo_gen/gconvfifo.rf/grf.rf/rstblk/wr_clk
    SLICE_X83Y96         FDPE                                         r  dbg_hub/inst/BSCANID.u_xsdbm_id/CORE_XSDB.UUT_MASTER/U_ICON_INTERFACE/U_CMD6_WR/U_WR_FIFO/SUBCORE_FIFO.xsdbm_v3_0_0_wrfifo_inst/inst_fifo_gen/gconvfifo.rf/grf.rf/rstblk/ngwrdrst.grst.g7serrst.wr_rst_reg_reg[1]/C
  -------------------------------------------------------------------    -------------------
    SLICE_X83Y96         FDPE (Prop_fdpe_C_Q)         0.141     1.788 f  dbg_hub/inst/BSCANID.u_xsdbm_id/CORE_XSDB.UUT_MASTER/U_ICON_INTERFACE/U_CMD6_WR/U_WR_FIFO/SUBCORE_FIFO.xsdbm_v3_0_0_wrfifo_inst/inst_fifo_gen/gconvfifo.rf/grf.rf/rstblk/ngwrdrst.grst.g7serrst.wr_rst_reg_reg[1]/Q
                         net (fo=12, routed)          0.129     1.917    dbg_hub/inst/BSCANID.u_xsdbm_id/CORE_XSDB.UUT_MASTER/U_ICON_INTERFACE/U_CMD6_WR/U_WR_FIFO/SUBCORE_FIFO.xsdbm_v3_0_0_wrfifo_inst/inst_fifo_gen/gconvfifo.rf/grf.rf/gntv_or_sync_fifo.gl0.wr/wpntr/gic0.gc0.count_reg[0]_0[0]
    SLICE_X83Y95         FDCE                                         f  dbg_hub/inst/BSCANID.u_xsdbm_id/CORE_XSDB.UUT_MASTER/U_ICON_INTERFACE/U_CMD6_WR/U_WR_FIFO/SUBCORE_FIFO.xsdbm_v3_0_0_wrfifo_inst/inst_fifo_gen/gconvfifo.rf/grf.rf/gntv_or_sync_fifo.gl0.wr/wpntr/gic0.gc0.count_reg[3]/CLR
  -------------------------------------------------------------------    -------------------

                         (clock dbg_hub/inst/BSCANID.u_xsdbm_id/SWITCH_N_EXT_BSCAN.bscan_inst/SERIES7_BSCAN.bscan_inst/TCK rise edge)
                                                      0.000     0.000 r  
    BSCAN_X0Y0           BSCANE2                      0.000     0.000 r  dbg_hub/inst/BSCANID.u_xsdbm_id/SWITCH_N_EXT_BSCAN.bscan_inst/SERIES7_BSCAN.bscan_inst/TCK
                         net (fo=1, routed)           1.170     1.170    dbg_hub/inst/BSCANID.u_xsdbm_id/tck_bs
    BUFGCTRL_X0Y1        BUFG (Prop_bufg_I_O)         0.029     1.199 r  dbg_hub/inst/BSCANID.u_xsdbm_id/SWITCH_N_EXT_BSCAN.u_bufg_icon_tck/O
                         net (fo=486, routed)         0.854     2.053    dbg_hub/inst/BSCANID.u_xsdbm_id/CORE_XSDB.UUT_MASTER/U_ICON_INTERFACE/U_CMD6_WR/U_WR_FIFO/SUBCORE_FIFO.xsdbm_v3_0_0_wrfifo_inst/inst_fifo_gen/gconvfifo.rf/grf.rf/gntv_or_sync_fifo.gl0.wr/wpntr/wr_clk
    SLICE_X83Y95         FDCE                                         r  dbg_hub/inst/BSCANID.u_xsdbm_id/CORE_XSDB.UUT_MASTER/U_ICON_INTERFACE/U_CMD6_WR/U_WR_FIFO/SUBCORE_FIFO.xsdbm_v3_0_0_wrfifo_inst/inst_fifo_gen/gconvfifo.rf/grf.rf/gntv_or_sync_fifo.gl0.wr/wpntr/gic0.gc0.count_reg[3]/C
                         clock pessimism             -0.390     1.663    
    SLICE_X83Y95         FDCE (Remov_fdce_C_CLR)     -0.092     1.571    dbg_hub/inst/BSCANID.u_xsdbm_id/CORE_XSDB.UUT_MASTER/U_ICON_INTERFACE/U_CMD6_WR/U_WR_FIFO/SUBCORE_FIFO.xsdbm_v3_0_0_wrfifo_inst/inst_fifo_gen/gconvfifo.rf/grf.rf/gntv_or_sync_fifo.gl0.wr/wpntr/gic0.gc0.count_reg[3]
  -------------------------------------------------------------------
                         required time                         -1.571    
                         arrival time                           1.917    
  -------------------------------------------------------------------
                         slack                                  0.346    

Slack (MET) :             0.389ns  (arrival time - required time)
  Source:                 dbg_hub/inst/BSCANID.u_xsdbm_id/CORE_XSDB.UUT_MASTER/U_ICON_INTERFACE/U_CMD6_WR/U_WR_FIFO/SUBCORE_FIFO.xsdbm_v3_0_0_wrfifo_inst/inst_fifo_gen/gconvfifo.rf/grf.rf/rstblk/ngwrdrst.grst.g7serrst.wr_rst_reg_reg[1]/C
                            (rising edge-triggered cell FDPE clocked by dbg_hub/inst/BSCANID.u_xsdbm_id/SWITCH_N_EXT_BSCAN.bscan_inst/SERIES7_BSCAN.bscan_inst/TCK  {rise@0.000ns fall@16.500ns period=33.000ns})
  Destination:            dbg_hub/inst/BSCANID.u_xsdbm_id/CORE_XSDB.UUT_MASTER/U_ICON_INTERFACE/U_CMD6_WR/U_WR_FIFO/SUBCORE_FIFO.xsdbm_v3_0_0_wrfifo_inst/inst_fifo_gen/gconvfifo.rf/grf.rf/gntv_or_sync_fifo.gl0.wr/wpntr/gic0.gc0.count_d1_reg[1]/CLR
                            (removal check against rising-edge clock dbg_hub/inst/BSCANID.u_xsdbm_id/SWITCH_N_EXT_BSCAN.bscan_inst/SERIES7_BSCAN.bscan_inst/TCK  {rise@0.000ns fall@16.500ns period=33.000ns})
  Path Group:             **async_default**
  Path Type:              Removal (Min at Fast Process Corner)
  Requirement:            0.000ns  (dbg_hub/inst/BSCANID.u_xsdbm_id/SWITCH_N_EXT_BSCAN.bscan_inst/SERIES7_BSCAN.bscan_inst/TCK rise@0.000ns - dbg_hub/inst/BSCANID.u_xsdbm_id/SWITCH_N_EXT_BSCAN.bscan_inst/SERIES7_BSCAN.bscan_inst/TCK rise@0.000ns)
  Data Path Delay:        0.313ns  (logic 0.141ns (45.112%)  route 0.172ns (54.888%))
  Logic Levels:           0  
  Clock Path Skew:        0.016ns (DCD - SCD - CPR)
    Destination Clock Delay (DCD):    2.053ns
    Source Clock Delay      (SCD):    1.647ns
    Clock Pessimism Removal (CPR):    0.390ns

    Location             Delay type                Incr(ns)  Path(ns)    Netlist Resource(s)
  -------------------------------------------------------------------    -------------------
                         (clock dbg_hub/inst/BSCANID.u_xsdbm_id/SWITCH_N_EXT_BSCAN.bscan_inst/SERIES7_BSCAN.bscan_inst/TCK rise edge)
                                                      0.000     0.000 r  
    BSCAN_X0Y0           BSCANE2                      0.000     0.000 r  dbg_hub/inst/BSCANID.u_xsdbm_id/SWITCH_N_EXT_BSCAN.bscan_inst/SERIES7_BSCAN.bscan_inst/TCK
                         net (fo=1, routed)           1.036     1.036    dbg_hub/inst/BSCANID.u_xsdbm_id/tck_bs
    BUFGCTRL_X0Y1        BUFG (Prop_bufg_I_O)         0.026     1.062 r  dbg_hub/inst/BSCANID.u_xsdbm_id/SWITCH_N_EXT_BSCAN.u_bufg_icon_tck/O
                         net (fo=486, routed)         0.585     1.647    dbg_hub/inst/BSCANID.u_xsdbm_id/CORE_XSDB.UUT_MASTER/U_ICON_INTERFACE/U_CMD6_WR/U_WR_FIFO/SUBCORE_FIFO.xsdbm_v3_0_0_wrfifo_inst/inst_fifo_gen/gconvfifo.rf/grf.rf/rstblk/wr_clk
    SLICE_X83Y96         FDPE                                         r  dbg_hub/inst/BSCANID.u_xsdbm_id/CORE_XSDB.UUT_MASTER/U_ICON_INTERFACE/U_CMD6_WR/U_WR_FIFO/SUBCORE_FIFO.xsdbm_v3_0_0_wrfifo_inst/inst_fifo_gen/gconvfifo.rf/grf.rf/rstblk/ngwrdrst.grst.g7serrst.wr_rst_reg_reg[1]/C
  -------------------------------------------------------------------    -------------------
    SLICE_X83Y96         FDPE (Prop_fdpe_C_Q)         0.141     1.788 f  dbg_hub/inst/BSCANID.u_xsdbm_id/CORE_XSDB.UUT_MASTER/U_ICON_INTERFACE/U_CMD6_WR/U_WR_FIFO/SUBCORE_FIFO.xsdbm_v3_0_0_wrfifo_inst/inst_fifo_gen/gconvfifo.rf/grf.rf/rstblk/ngwrdrst.grst.g7serrst.wr_rst_reg_reg[1]/Q
                         net (fo=12, routed)          0.172     1.960    dbg_hub/inst/BSCANID.u_xsdbm_id/CORE_XSDB.UUT_MASTER/U_ICON_INTERFACE/U_CMD6_WR/U_WR_FIFO/SUBCORE_FIFO.xsdbm_v3_0_0_wrfifo_inst/inst_fifo_gen/gconvfifo.rf/grf.rf/gntv_or_sync_fifo.gl0.wr/wpntr/gic0.gc0.count_reg[0]_0[0]
    SLICE_X85Y95         FDCE                                         f  dbg_hub/inst/BSCANID.u_xsdbm_id/CORE_XSDB.UUT_MASTER/U_ICON_INTERFACE/U_CMD6_WR/U_WR_FIFO/SUBCORE_FIFO.xsdbm_v3_0_0_wrfifo_inst/inst_fifo_gen/gconvfifo.rf/grf.rf/gntv_or_sync_fifo.gl0.wr/wpntr/gic0.gc0.count_d1_reg[1]/CLR
  -------------------------------------------------------------------    -------------------

                         (clock dbg_hub/inst/BSCANID.u_xsdbm_id/SWITCH_N_EXT_BSCAN.bscan_inst/SERIES7_BSCAN.bscan_inst/TCK rise edge)
                                                      0.000     0.000 r  
    BSCAN_X0Y0           BSCANE2                      0.000     0.000 r  dbg_hub/inst/BSCANID.u_xsdbm_id/SWITCH_N_EXT_BSCAN.bscan_inst/SERIES7_BSCAN.bscan_inst/TCK
                         net (fo=1, routed)           1.170     1.170    dbg_hub/inst/BSCANID.u_xsdbm_id/tck_bs
    BUFGCTRL_X0Y1        BUFG (Prop_bufg_I_O)         0.029     1.199 r  dbg_hub/inst/BSCANID.u_xsdbm_id/SWITCH_N_EXT_BSCAN.u_bufg_icon_tck/O
                         net (fo=486, routed)         0.854     2.053    dbg_hub/inst/BSCANID.u_xsdbm_id/CORE_XSDB.UUT_MASTER/U_ICON_INTERFACE/U_CMD6_WR/U_WR_FIFO/SUBCORE_FIFO.xsdbm_v3_0_0_wrfifo_inst/inst_fifo_gen/gconvfifo.rf/grf.rf/gntv_or_sync_fifo.gl0.wr/wpntr/wr_clk
    SLICE_X85Y95         FDCE                                         r  dbg_hub/inst/BSCANID.u_xsdbm_id/CORE_XSDB.UUT_MASTER/U_ICON_INTERFACE/U_CMD6_WR/U_WR_FIFO/SUBCORE_FIFO.xsdbm_v3_0_0_wrfifo_inst/inst_fifo_gen/gconvfifo.rf/grf.rf/gntv_or_sync_fifo.gl0.wr/wpntr/gic0.gc0.count_d1_reg[1]/C
                         clock pessimism             -0.390     1.663    
    SLICE_X85Y95         FDCE (Remov_fdce_C_CLR)     -0.092     1.571    dbg_hub/inst/BSCANID.u_xsdbm_id/CORE_XSDB.UUT_MASTER/U_ICON_INTERFACE/U_CMD6_WR/U_WR_FIFO/SUBCORE_FIFO.xsdbm_v3_0_0_wrfifo_inst/inst_fifo_gen/gconvfifo.rf/grf.rf/gntv_or_sync_fifo.gl0.wr/wpntr/gic0.gc0.count_d1_reg[1]
  -------------------------------------------------------------------
                         required time                         -1.571    
                         arrival time                           1.960    
  -------------------------------------------------------------------
                         slack                                  0.389    

Slack (MET) :             0.389ns  (arrival time - required time)
  Source:                 dbg_hub/inst/BSCANID.u_xsdbm_id/CORE_XSDB.UUT_MASTER/U_ICON_INTERFACE/U_CMD6_WR/U_WR_FIFO/SUBCORE_FIFO.xsdbm_v3_0_0_wrfifo_inst/inst_fifo_gen/gconvfifo.rf/grf.rf/rstblk/ngwrdrst.grst.g7serrst.wr_rst_reg_reg[1]/C
                            (rising edge-triggered cell FDPE clocked by dbg_hub/inst/BSCANID.u_xsdbm_id/SWITCH_N_EXT_BSCAN.bscan_inst/SERIES7_BSCAN.bscan_inst/TCK  {rise@0.000ns fall@16.500ns period=33.000ns})
  Destination:            dbg_hub/inst/BSCANID.u_xsdbm_id/CORE_XSDB.UUT_MASTER/U_ICON_INTERFACE/U_CMD6_WR/U_WR_FIFO/SUBCORE_FIFO.xsdbm_v3_0_0_wrfifo_inst/inst_fifo_gen/gconvfifo.rf/grf.rf/gntv_or_sync_fifo.gl0.wr/wpntr/gic0.gc0.count_reg[0]/CLR
                            (removal check against rising-edge clock dbg_hub/inst/BSCANID.u_xsdbm_id/SWITCH_N_EXT_BSCAN.bscan_inst/SERIES7_BSCAN.bscan_inst/TCK  {rise@0.000ns fall@16.500ns period=33.000ns})
  Path Group:             **async_default**
  Path Type:              Removal (Min at Fast Process Corner)
  Requirement:            0.000ns  (dbg_hub/inst/BSCANID.u_xsdbm_id/SWITCH_N_EXT_BSCAN.bscan_inst/SERIES7_BSCAN.bscan_inst/TCK rise@0.000ns - dbg_hub/inst/BSCANID.u_xsdbm_id/SWITCH_N_EXT_BSCAN.bscan_inst/SERIES7_BSCAN.bscan_inst/TCK rise@0.000ns)
  Data Path Delay:        0.313ns  (logic 0.141ns (45.112%)  route 0.172ns (54.888%))
  Logic Levels:           0  
  Clock Path Skew:        0.016ns (DCD - SCD - CPR)
    Destination Clock Delay (DCD):    2.053ns
    Source Clock Delay      (SCD):    1.647ns
    Clock Pessimism Removal (CPR):    0.390ns

    Location             Delay type                Incr(ns)  Path(ns)    Netlist Resource(s)
  -------------------------------------------------------------------    -------------------
                         (clock dbg_hub/inst/BSCANID.u_xsdbm_id/SWITCH_N_EXT_BSCAN.bscan_inst/SERIES7_BSCAN.bscan_inst/TCK rise edge)
                                                      0.000     0.000 r  
    BSCAN_X0Y0           BSCANE2                      0.000     0.000 r  dbg_hub/inst/BSCANID.u_xsdbm_id/SWITCH_N_EXT_BSCAN.bscan_inst/SERIES7_BSCAN.bscan_inst/TCK
                         net (fo=1, routed)           1.036     1.036    dbg_hub/inst/BSCANID.u_xsdbm_id/tck_bs
    BUFGCTRL_X0Y1        BUFG (Prop_bufg_I_O)         0.026     1.062 r  dbg_hub/inst/BSCANID.u_xsdbm_id/SWITCH_N_EXT_BSCAN.u_bufg_icon_tck/O
                         net (fo=486, routed)         0.585     1.647    dbg_hub/inst/BSCANID.u_xsdbm_id/CORE_XSDB.UUT_MASTER/U_ICON_INTERFACE/U_CMD6_WR/U_WR_FIFO/SUBCORE_FIFO.xsdbm_v3_0_0_wrfifo_inst/inst_fifo_gen/gconvfifo.rf/grf.rf/rstblk/wr_clk
    SLICE_X83Y96         FDPE                                         r  dbg_hub/inst/BSCANID.u_xsdbm_id/CORE_XSDB.UUT_MASTER/U_ICON_INTERFACE/U_CMD6_WR/U_WR_FIFO/SUBCORE_FIFO.xsdbm_v3_0_0_wrfifo_inst/inst_fifo_gen/gconvfifo.rf/grf.rf/rstblk/ngwrdrst.grst.g7serrst.wr_rst_reg_reg[1]/C
  -------------------------------------------------------------------    -------------------
    SLICE_X83Y96         FDPE (Prop_fdpe_C_Q)         0.141     1.788 f  dbg_hub/inst/BSCANID.u_xsdbm_id/CORE_XSDB.UUT_MASTER/U_ICON_INTERFACE/U_CMD6_WR/U_WR_FIFO/SUBCORE_FIFO.xsdbm_v3_0_0_wrfifo_inst/inst_fifo_gen/gconvfifo.rf/grf.rf/rstblk/ngwrdrst.grst.g7serrst.wr_rst_reg_reg[1]/Q
                         net (fo=12, routed)          0.172     1.960    dbg_hub/inst/BSCANID.u_xsdbm_id/CORE_XSDB.UUT_MASTER/U_ICON_INTERFACE/U_CMD6_WR/U_WR_FIFO/SUBCORE_FIFO.xsdbm_v3_0_0_wrfifo_inst/inst_fifo_gen/gconvfifo.rf/grf.rf/gntv_or_sync_fifo.gl0.wr/wpntr/gic0.gc0.count_reg[0]_0[0]
    SLICE_X85Y95         FDCE                                         f  dbg_hub/inst/BSCANID.u_xsdbm_id/CORE_XSDB.UUT_MASTER/U_ICON_INTERFACE/U_CMD6_WR/U_WR_FIFO/SUBCORE_FIFO.xsdbm_v3_0_0_wrfifo_inst/inst_fifo_gen/gconvfifo.rf/grf.rf/gntv_or_sync_fifo.gl0.wr/wpntr/gic0.gc0.count_reg[0]/CLR
  -------------------------------------------------------------------    -------------------

                         (clock dbg_hub/inst/BSCANID.u_xsdbm_id/SWITCH_N_EXT_BSCAN.bscan_inst/SERIES7_BSCAN.bscan_inst/TCK rise edge)
                                                      0.000     0.000 r  
    BSCAN_X0Y0           BSCANE2                      0.000     0.000 r  dbg_hub/inst/BSCANID.u_xsdbm_id/SWITCH_N_EXT_BSCAN.bscan_inst/SERIES7_BSCAN.bscan_inst/TCK
                         net (fo=1, routed)           1.170     1.170    dbg_hub/inst/BSCANID.u_xsdbm_id/tck_bs
    BUFGCTRL_X0Y1        BUFG (Prop_bufg_I_O)         0.029     1.199 r  dbg_hub/inst/BSCANID.u_xsdbm_id/SWITCH_N_EXT_BSCAN.u_bufg_icon_tck/O
                         net (fo=486, routed)         0.854     2.053    dbg_hub/inst/BSCANID.u_xsdbm_id/CORE_XSDB.UUT_MASTER/U_ICON_INTERFACE/U_CMD6_WR/U_WR_FIFO/SUBCORE_FIFO.xsdbm_v3_0_0_wrfifo_inst/inst_fifo_gen/gconvfifo.rf/grf.rf/gntv_or_sync_fifo.gl0.wr/wpntr/wr_clk
    SLICE_X85Y95         FDCE                                         r  dbg_hub/inst/BSCANID.u_xsdbm_id/CORE_XSDB.UUT_MASTER/U_ICON_INTERFACE/U_CMD6_WR/U_WR_FIFO/SUBCORE_FIFO.xsdbm_v3_0_0_wrfifo_inst/inst_fifo_gen/gconvfifo.rf/grf.rf/gntv_or_sync_fifo.gl0.wr/wpntr/gic0.gc0.count_reg[0]/C
                         clock pessimism             -0.390     1.663    
    SLICE_X85Y95         FDCE (Remov_fdce_C_CLR)     -0.092     1.571    dbg_hub/inst/BSCANID.u_xsdbm_id/CORE_XSDB.UUT_MASTER/U_ICON_INTERFACE/U_CMD6_WR/U_WR_FIFO/SUBCORE_FIFO.xsdbm_v3_0_0_wrfifo_inst/inst_fifo_gen/gconvfifo.rf/grf.rf/gntv_or_sync_fifo.gl0.wr/wpntr/gic0.gc0.count_reg[0]
  -------------------------------------------------------------------
                         required time                         -1.571    
                         arrival time                           1.960    
  -------------------------------------------------------------------
                         slack                                  0.389    





---------------------------------------------------------------------------------------------------
Path Group:  **default**
From Clock:  dbg_hub/inst/BSCANID.u_xsdbm_id/SWITCH_N_EXT_BSCAN.bscan_inst/SERIES7_BSCAN.bscan_inst/TCK
  To Clock:  

Setup :            0  Failing Endpoints,  Worst Slack       31.780ns,  Total Violation        0.000ns
Hold  :           NA  Failing Endpoints,  Worst Slack           NA  ,  Total Violation           NA
---------------------------------------------------------------------------------------------------


Max Delay Paths
--------------------------------------------------------------------------------------
Slack (MET) :             31.780ns  (required time - arrival time)
  Source:                 dbg_hub/inst/BSCANID.u_xsdbm_id/CORE_XSDB.UUT_MASTER/U_ICON_INTERFACE/U_CMD6_WR/U_WR_FIFO/SUBCORE_FIFO.xsdbm_v3_0_0_wrfifo_inst/inst_fifo_gen/gconvfifo.rf/grf.rf/gntv_or_sync_fifo.gcx.clkx/gnxpm_cdc.wr_pntr_gc_reg[2]/C
                            (rising edge-triggered cell FDCE clocked by dbg_hub/inst/BSCANID.u_xsdbm_id/SWITCH_N_EXT_BSCAN.bscan_inst/SERIES7_BSCAN.bscan_inst/TCK  {rise@0.000ns fall@16.500ns period=33.000ns})
  Destination:            dbg_hub/inst/BSCANID.u_xsdbm_id/CORE_XSDB.UUT_MASTER/U_ICON_INTERFACE/U_CMD6_WR/U_WR_FIFO/SUBCORE_FIFO.xsdbm_v3_0_0_wrfifo_inst/inst_fifo_gen/gconvfifo.rf/grf.rf/gntv_or_sync_fifo.gcx.clkx/gnxpm_cdc.gsync_stage[1].rd_stg_inst/Q_reg_reg[2]/D
  Path Group:             **default**
  Path Type:              Setup (Max at Slow Process Corner)
  Requirement:            33.000ns  (MaxDelay Path 33.000ns)
  Data Path Delay:        0.952ns  (logic 0.419ns (44.027%)  route 0.533ns (55.973%))
  Logic Levels:           0  
  Timing Exception:       MaxDelay Path 33.000ns -datapath_only

    Location             Delay type                Incr(ns)  Path(ns)    Netlist Resource(s)
  -------------------------------------------------------------------    -------------------
    SLICE_X83Y94                                      0.000     0.000 r  dbg_hub/inst/BSCANID.u_xsdbm_id/CORE_XSDB.UUT_MASTER/U_ICON_INTERFACE/U_CMD6_WR/U_WR_FIFO/SUBCORE_FIFO.xsdbm_v3_0_0_wrfifo_inst/inst_fifo_gen/gconvfifo.rf/grf.rf/gntv_or_sync_fifo.gcx.clkx/gnxpm_cdc.wr_pntr_gc_reg[2]/C
    SLICE_X83Y94         FDCE (Prop_fdce_C_Q)         0.419     0.419 r  dbg_hub/inst/BSCANID.u_xsdbm_id/CORE_XSDB.UUT_MASTER/U_ICON_INTERFACE/U_CMD6_WR/U_WR_FIFO/SUBCORE_FIFO.xsdbm_v3_0_0_wrfifo_inst/inst_fifo_gen/gconvfifo.rf/grf.rf/gntv_or_sync_fifo.gcx.clkx/gnxpm_cdc.wr_pntr_gc_reg[2]/Q
                         net (fo=1, routed)           0.533     0.952    dbg_hub/inst/BSCANID.u_xsdbm_id/CORE_XSDB.UUT_MASTER/U_ICON_INTERFACE/U_CMD6_WR/U_WR_FIFO/SUBCORE_FIFO.xsdbm_v3_0_0_wrfifo_inst/inst_fifo_gen/gconvfifo.rf/grf.rf/gntv_or_sync_fifo.gcx.clkx/gnxpm_cdc.gsync_stage[1].rd_stg_inst/Q[2]
    SLICE_X83Y93         FDCE                                         r  dbg_hub/inst/BSCANID.u_xsdbm_id/CORE_XSDB.UUT_MASTER/U_ICON_INTERFACE/U_CMD6_WR/U_WR_FIFO/SUBCORE_FIFO.xsdbm_v3_0_0_wrfifo_inst/inst_fifo_gen/gconvfifo.rf/grf.rf/gntv_or_sync_fifo.gcx.clkx/gnxpm_cdc.gsync_stage[1].rd_stg_inst/Q_reg_reg[2]/D
  -------------------------------------------------------------------    -------------------

                         max delay                   33.000    33.000    
    SLICE_X83Y93         FDCE (Setup_fdce_C_D)       -0.268    32.732    dbg_hub/inst/BSCANID.u_xsdbm_id/CORE_XSDB.UUT_MASTER/U_ICON_INTERFACE/U_CMD6_WR/U_WR_FIFO/SUBCORE_FIFO.xsdbm_v3_0_0_wrfifo_inst/inst_fifo_gen/gconvfifo.rf/grf.rf/gntv_or_sync_fifo.gcx.clkx/gnxpm_cdc.gsync_stage[1].rd_stg_inst/Q_reg_reg[2]
  -------------------------------------------------------------------
                         required time                         32.732    
                         arrival time                          -0.952    
  -------------------------------------------------------------------
                         slack                                 31.780    

Slack (MET) :             31.833ns  (required time - arrival time)
  Source:                 dbg_hub/inst/BSCANID.u_xsdbm_id/CORE_XSDB.UUT_MASTER/U_ICON_INTERFACE/U_CMD6_WR/U_WR_FIFO/SUBCORE_FIFO.xsdbm_v3_0_0_wrfifo_inst/inst_fifo_gen/gconvfifo.rf/grf.rf/gntv_or_sync_fifo.gcx.clkx/gnxpm_cdc.wr_pntr_gc_reg[3]/C
                            (rising edge-triggered cell FDCE clocked by dbg_hub/inst/BSCANID.u_xsdbm_id/SWITCH_N_EXT_BSCAN.bscan_inst/SERIES7_BSCAN.bscan_inst/TCK  {rise@0.000ns fall@16.500ns period=33.000ns})
  Destination:            dbg_hub/inst/BSCANID.u_xsdbm_id/CORE_XSDB.UUT_MASTER/U_ICON_INTERFACE/U_CMD6_WR/U_WR_FIFO/SUBCORE_FIFO.xsdbm_v3_0_0_wrfifo_inst/inst_fifo_gen/gconvfifo.rf/grf.rf/gntv_or_sync_fifo.gcx.clkx/gnxpm_cdc.gsync_stage[1].rd_stg_inst/Q_reg_reg[3]/D
  Path Group:             **default**
  Path Type:              Setup (Max at Slow Process Corner)
  Requirement:            33.000ns  (MaxDelay Path 33.000ns)
  Data Path Delay:        0.902ns  (logic 0.419ns (46.440%)  route 0.483ns (53.560%))
  Logic Levels:           0  
  Timing Exception:       MaxDelay Path 33.000ns -datapath_only

    Location             Delay type                Incr(ns)  Path(ns)    Netlist Resource(s)
  -------------------------------------------------------------------    -------------------
    SLICE_X83Y94                                      0.000     0.000 r  dbg_hub/inst/BSCANID.u_xsdbm_id/CORE_XSDB.UUT_MASTER/U_ICON_INTERFACE/U_CMD6_WR/U_WR_FIFO/SUBCORE_FIFO.xsdbm_v3_0_0_wrfifo_inst/inst_fifo_gen/gconvfifo.rf/grf.rf/gntv_or_sync_fifo.gcx.clkx/gnxpm_cdc.wr_pntr_gc_reg[3]/C
    SLICE_X83Y94         FDCE (Prop_fdce_C_Q)         0.419     0.419 r  dbg_hub/inst/BSCANID.u_xsdbm_id/CORE_XSDB.UUT_MASTER/U_ICON_INTERFACE/U_CMD6_WR/U_WR_FIFO/SUBCORE_FIFO.xsdbm_v3_0_0_wrfifo_inst/inst_fifo_gen/gconvfifo.rf/grf.rf/gntv_or_sync_fifo.gcx.clkx/gnxpm_cdc.wr_pntr_gc_reg[3]/Q
                         net (fo=1, routed)           0.483     0.902    dbg_hub/inst/BSCANID.u_xsdbm_id/CORE_XSDB.UUT_MASTER/U_ICON_INTERFACE/U_CMD6_WR/U_WR_FIFO/SUBCORE_FIFO.xsdbm_v3_0_0_wrfifo_inst/inst_fifo_gen/gconvfifo.rf/grf.rf/gntv_or_sync_fifo.gcx.clkx/gnxpm_cdc.gsync_stage[1].rd_stg_inst/Q[3]
    SLICE_X83Y93         FDCE                                         r  dbg_hub/inst/BSCANID.u_xsdbm_id/CORE_XSDB.UUT_MASTER/U_ICON_INTERFACE/U_CMD6_WR/U_WR_FIFO/SUBCORE_FIFO.xsdbm_v3_0_0_wrfifo_inst/inst_fifo_gen/gconvfifo.rf/grf.rf/gntv_or_sync_fifo.gcx.clkx/gnxpm_cdc.gsync_stage[1].rd_stg_inst/Q_reg_reg[3]/D
  -------------------------------------------------------------------    -------------------

                         max delay                   33.000    33.000    
    SLICE_X83Y93         FDCE (Setup_fdce_C_D)       -0.265    32.735    dbg_hub/inst/BSCANID.u_xsdbm_id/CORE_XSDB.UUT_MASTER/U_ICON_INTERFACE/U_CMD6_WR/U_WR_FIFO/SUBCORE_FIFO.xsdbm_v3_0_0_wrfifo_inst/inst_fifo_gen/gconvfifo.rf/grf.rf/gntv_or_sync_fifo.gcx.clkx/gnxpm_cdc.gsync_stage[1].rd_stg_inst/Q_reg_reg[3]
  -------------------------------------------------------------------
                         required time                         32.735    
                         arrival time                          -0.902    
  -------------------------------------------------------------------
                         slack                                 31.833    

Slack (MET) :             31.958ns  (required time - arrival time)
  Source:                 dbg_hub/inst/BSCANID.u_xsdbm_id/CORE_XSDB.UUT_MASTER/U_ICON_INTERFACE/U_CMD6_RD/U_RD_FIFO/SUBCORE_FIFO.xsdbm_v3_0_0_rdfifo_inst/inst_fifo_gen/gconvfifo.rf/grf.rf/gntv_or_sync_fifo.gcx.clkx/gnxpm_cdc.rd_pntr_gc_reg[1]/C
                            (rising edge-triggered cell FDCE clocked by dbg_hub/inst/BSCANID.u_xsdbm_id/SWITCH_N_EXT_BSCAN.bscan_inst/SERIES7_BSCAN.bscan_inst/TCK  {rise@0.000ns fall@16.500ns period=33.000ns})
  Destination:            dbg_hub/inst/BSCANID.u_xsdbm_id/CORE_XSDB.UUT_MASTER/U_ICON_INTERFACE/U_CMD6_RD/U_RD_FIFO/SUBCORE_FIFO.xsdbm_v3_0_0_rdfifo_inst/inst_fifo_gen/gconvfifo.rf/grf.rf/gntv_or_sync_fifo.gcx.clkx/gnxpm_cdc.gsync_stage[1].wr_stg_inst/Q_reg_reg[1]/D
  Path Group:             **default**
  Path Type:              Setup (Max at Slow Process Corner)
  Requirement:            33.000ns  (MaxDelay Path 33.000ns)
  Data Path Delay:        0.949ns  (logic 0.456ns (48.036%)  route 0.493ns (51.964%))
  Logic Levels:           0  
  Timing Exception:       MaxDelay Path 33.000ns -datapath_only

    Location             Delay type                Incr(ns)  Path(ns)    Netlist Resource(s)
  -------------------------------------------------------------------    -------------------
    SLICE_X56Y85                                      0.000     0.000 r  dbg_hub/inst/BSCANID.u_xsdbm_id/CORE_XSDB.UUT_MASTER/U_ICON_INTERFACE/U_CMD6_RD/U_RD_FIFO/SUBCORE_FIFO.xsdbm_v3_0_0_rdfifo_inst/inst_fifo_gen/gconvfifo.rf/grf.rf/gntv_or_sync_fifo.gcx.clkx/gnxpm_cdc.rd_pntr_gc_reg[1]/C
    SLICE_X56Y85         FDCE (Prop_fdce_C_Q)         0.456     0.456 r  dbg_hub/inst/BSCANID.u_xsdbm_id/CORE_XSDB.UUT_MASTER/U_ICON_INTERFACE/U_CMD6_RD/U_RD_FIFO/SUBCORE_FIFO.xsdbm_v3_0_0_rdfifo_inst/inst_fifo_gen/gconvfifo.rf/grf.rf/gntv_or_sync_fifo.gcx.clkx/gnxpm_cdc.rd_pntr_gc_reg[1]/Q
                         net (fo=1, routed)           0.493     0.949    dbg_hub/inst/BSCANID.u_xsdbm_id/CORE_XSDB.UUT_MASTER/U_ICON_INTERFACE/U_CMD6_RD/U_RD_FIFO/SUBCORE_FIFO.xsdbm_v3_0_0_rdfifo_inst/inst_fifo_gen/gconvfifo.rf/grf.rf/gntv_or_sync_fifo.gcx.clkx/gnxpm_cdc.gsync_stage[1].wr_stg_inst/Q[1]
    SLICE_X56Y86         FDCE                                         r  dbg_hub/inst/BSCANID.u_xsdbm_id/CORE_XSDB.UUT_MASTER/U_ICON_INTERFACE/U_CMD6_RD/U_RD_FIFO/SUBCORE_FIFO.xsdbm_v3_0_0_rdfifo_inst/inst_fifo_gen/gconvfifo.rf/grf.rf/gntv_or_sync_fifo.gcx.clkx/gnxpm_cdc.gsync_stage[1].wr_stg_inst/Q_reg_reg[1]/D
  -------------------------------------------------------------------    -------------------

                         max delay                   33.000    33.000    
    SLICE_X56Y86         FDCE (Setup_fdce_C_D)       -0.093    32.907    dbg_hub/inst/BSCANID.u_xsdbm_id/CORE_XSDB.UUT_MASTER/U_ICON_INTERFACE/U_CMD6_RD/U_RD_FIFO/SUBCORE_FIFO.xsdbm_v3_0_0_rdfifo_inst/inst_fifo_gen/gconvfifo.rf/grf.rf/gntv_or_sync_fifo.gcx.clkx/gnxpm_cdc.gsync_stage[1].wr_stg_inst/Q_reg_reg[1]
  -------------------------------------------------------------------
                         required time                         32.907    
                         arrival time                          -0.949    
  -------------------------------------------------------------------
                         slack                                 31.958    

Slack (MET) :             32.010ns  (required time - arrival time)
  Source:                 dbg_hub/inst/BSCANID.u_xsdbm_id/CORE_XSDB.UUT_MASTER/U_ICON_INTERFACE/U_CMD6_RD/U_RD_FIFO/SUBCORE_FIFO.xsdbm_v3_0_0_rdfifo_inst/inst_fifo_gen/gconvfifo.rf/grf.rf/gntv_or_sync_fifo.gcx.clkx/gnxpm_cdc.rd_pntr_gc_reg[0]/C
                            (rising edge-triggered cell FDCE clocked by dbg_hub/inst/BSCANID.u_xsdbm_id/SWITCH_N_EXT_BSCAN.bscan_inst/SERIES7_BSCAN.bscan_inst/TCK  {rise@0.000ns fall@16.500ns period=33.000ns})
  Destination:            dbg_hub/inst/BSCANID.u_xsdbm_id/CORE_XSDB.UUT_MASTER/U_ICON_INTERFACE/U_CMD6_RD/U_RD_FIFO/SUBCORE_FIFO.xsdbm_v3_0_0_rdfifo_inst/inst_fifo_gen/gconvfifo.rf/grf.rf/gntv_or_sync_fifo.gcx.clkx/gnxpm_cdc.gsync_stage[1].wr_stg_inst/Q_reg_reg[0]/D
  Path Group:             **default**
  Path Type:              Setup (Max at Slow Process Corner)
  Requirement:            33.000ns  (MaxDelay Path 33.000ns)
  Data Path Delay:        0.722ns  (logic 0.419ns (58.020%)  route 0.303ns (41.980%))
  Logic Levels:           0  
  Timing Exception:       MaxDelay Path 33.000ns -datapath_only

    Location             Delay type                Incr(ns)  Path(ns)    Netlist Resource(s)
  -------------------------------------------------------------------    -------------------
    SLICE_X56Y85                                      0.000     0.000 r  dbg_hub/inst/BSCANID.u_xsdbm_id/CORE_XSDB.UUT_MASTER/U_ICON_INTERFACE/U_CMD6_RD/U_RD_FIFO/SUBCORE_FIFO.xsdbm_v3_0_0_rdfifo_inst/inst_fifo_gen/gconvfifo.rf/grf.rf/gntv_or_sync_fifo.gcx.clkx/gnxpm_cdc.rd_pntr_gc_reg[0]/C
    SLICE_X56Y85         FDCE (Prop_fdce_C_Q)         0.419     0.419 r  dbg_hub/inst/BSCANID.u_xsdbm_id/CORE_XSDB.UUT_MASTER/U_ICON_INTERFACE/U_CMD6_RD/U_RD_FIFO/SUBCORE_FIFO.xsdbm_v3_0_0_rdfifo_inst/inst_fifo_gen/gconvfifo.rf/grf.rf/gntv_or_sync_fifo.gcx.clkx/gnxpm_cdc.rd_pntr_gc_reg[0]/Q
                         net (fo=1, routed)           0.303     0.722    dbg_hub/inst/BSCANID.u_xsdbm_id/CORE_XSDB.UUT_MASTER/U_ICON_INTERFACE/U_CMD6_RD/U_RD_FIFO/SUBCORE_FIFO.xsdbm_v3_0_0_rdfifo_inst/inst_fifo_gen/gconvfifo.rf/grf.rf/gntv_or_sync_fifo.gcx.clkx/gnxpm_cdc.gsync_stage[1].wr_stg_inst/Q[0]
    SLICE_X56Y86         FDCE                                         r  dbg_hub/inst/BSCANID.u_xsdbm_id/CORE_XSDB.UUT_MASTER/U_ICON_INTERFACE/U_CMD6_RD/U_RD_FIFO/SUBCORE_FIFO.xsdbm_v3_0_0_rdfifo_inst/inst_fifo_gen/gconvfifo.rf/grf.rf/gntv_or_sync_fifo.gcx.clkx/gnxpm_cdc.gsync_stage[1].wr_stg_inst/Q_reg_reg[0]/D
  -------------------------------------------------------------------    -------------------

                         max delay                   33.000    33.000    
    SLICE_X56Y86         FDCE (Setup_fdce_C_D)       -0.268    32.732    dbg_hub/inst/BSCANID.u_xsdbm_id/CORE_XSDB.UUT_MASTER/U_ICON_INTERFACE/U_CMD6_RD/U_RD_FIFO/SUBCORE_FIFO.xsdbm_v3_0_0_rdfifo_inst/inst_fifo_gen/gconvfifo.rf/grf.rf/gntv_or_sync_fifo.gcx.clkx/gnxpm_cdc.gsync_stage[1].wr_stg_inst/Q_reg_reg[0]
  -------------------------------------------------------------------
                         required time                         32.732    
                         arrival time                          -0.722    
  -------------------------------------------------------------------
                         slack                                 32.010    

Slack (MET) :             32.014ns  (required time - arrival time)
  Source:                 dbg_hub/inst/BSCANID.u_xsdbm_id/CORE_XSDB.UUT_MASTER/U_ICON_INTERFACE/U_CMD6_WR/U_WR_FIFO/SUBCORE_FIFO.xsdbm_v3_0_0_wrfifo_inst/inst_fifo_gen/gconvfifo.rf/grf.rf/gntv_or_sync_fifo.gcx.clkx/gnxpm_cdc.wr_pntr_gc_reg[1]/C
                            (rising edge-triggered cell FDCE clocked by dbg_hub/inst/BSCANID.u_xsdbm_id/SWITCH_N_EXT_BSCAN.bscan_inst/SERIES7_BSCAN.bscan_inst/TCK  {rise@0.000ns fall@16.500ns period=33.000ns})
  Destination:            dbg_hub/inst/BSCANID.u_xsdbm_id/CORE_XSDB.UUT_MASTER/U_ICON_INTERFACE/U_CMD6_WR/U_WR_FIFO/SUBCORE_FIFO.xsdbm_v3_0_0_wrfifo_inst/inst_fifo_gen/gconvfifo.rf/grf.rf/gntv_or_sync_fifo.gcx.clkx/gnxpm_cdc.gsync_stage[1].rd_stg_inst/Q_reg_reg[1]/D
  Path Group:             **default**
  Path Type:              Setup (Max at Slow Process Corner)
  Requirement:            33.000ns  (MaxDelay Path 33.000ns)
  Data Path Delay:        0.891ns  (logic 0.456ns (51.154%)  route 0.435ns (48.846%))
  Logic Levels:           0  
  Timing Exception:       MaxDelay Path 33.000ns -datapath_only

    Location             Delay type                Incr(ns)  Path(ns)    Netlist Resource(s)
  -------------------------------------------------------------------    -------------------
    SLICE_X83Y94                                      0.000     0.000 r  dbg_hub/inst/BSCANID.u_xsdbm_id/CORE_XSDB.UUT_MASTER/U_ICON_INTERFACE/U_CMD6_WR/U_WR_FIFO/SUBCORE_FIFO.xsdbm_v3_0_0_wrfifo_inst/inst_fifo_gen/gconvfifo.rf/grf.rf/gntv_or_sync_fifo.gcx.clkx/gnxpm_cdc.wr_pntr_gc_reg[1]/C
    SLICE_X83Y94         FDCE (Prop_fdce_C_Q)         0.456     0.456 r  dbg_hub/inst/BSCANID.u_xsdbm_id/CORE_XSDB.UUT_MASTER/U_ICON_INTERFACE/U_CMD6_WR/U_WR_FIFO/SUBCORE_FIFO.xsdbm_v3_0_0_wrfifo_inst/inst_fifo_gen/gconvfifo.rf/grf.rf/gntv_or_sync_fifo.gcx.clkx/gnxpm_cdc.wr_pntr_gc_reg[1]/Q
                         net (fo=1, routed)           0.435     0.891    dbg_hub/inst/BSCANID.u_xsdbm_id/CORE_XSDB.UUT_MASTER/U_ICON_INTERFACE/U_CMD6_WR/U_WR_FIFO/SUBCORE_FIFO.xsdbm_v3_0_0_wrfifo_inst/inst_fifo_gen/gconvfifo.rf/grf.rf/gntv_or_sync_fifo.gcx.clkx/gnxpm_cdc.gsync_stage[1].rd_stg_inst/Q[1]
    SLICE_X84Y93         FDCE                                         r  dbg_hub/inst/BSCANID.u_xsdbm_id/CORE_XSDB.UUT_MASTER/U_ICON_INTERFACE/U_CMD6_WR/U_WR_FIFO/SUBCORE_FIFO.xsdbm_v3_0_0_wrfifo_inst/inst_fifo_gen/gconvfifo.rf/grf.rf/gntv_or_sync_fifo.gcx.clkx/gnxpm_cdc.gsync_stage[1].rd_stg_inst/Q_reg_reg[1]/D
  -------------------------------------------------------------------    -------------------

                         max delay                   33.000    33.000    
    SLICE_X84Y93         FDCE (Setup_fdce_C_D)       -0.095    32.905    dbg_hub/inst/BSCANID.u_xsdbm_id/CORE_XSDB.UUT_MASTER/U_ICON_INTERFACE/U_CMD6_WR/U_WR_FIFO/SUBCORE_FIFO.xsdbm_v3_0_0_wrfifo_inst/inst_fifo_gen/gconvfifo.rf/grf.rf/gntv_or_sync_fifo.gcx.clkx/gnxpm_cdc.gsync_stage[1].rd_stg_inst/Q_reg_reg[1]
  -------------------------------------------------------------------
                         required time                         32.905    
                         arrival time                          -0.891    
  -------------------------------------------------------------------
                         slack                                 32.014    

Slack (MET) :             32.147ns  (required time - arrival time)
  Source:                 dbg_hub/inst/BSCANID.u_xsdbm_id/CORE_XSDB.UUT_MASTER/U_ICON_INTERFACE/U_CMD6_RD/U_RD_FIFO/SUBCORE_FIFO.xsdbm_v3_0_0_rdfifo_inst/inst_fifo_gen/gconvfifo.rf/grf.rf/gntv_or_sync_fifo.gcx.clkx/gnxpm_cdc.rd_pntr_gc_reg[2]/C
                            (rising edge-triggered cell FDCE clocked by dbg_hub/inst/BSCANID.u_xsdbm_id/SWITCH_N_EXT_BSCAN.bscan_inst/SERIES7_BSCAN.bscan_inst/TCK  {rise@0.000ns fall@16.500ns period=33.000ns})
  Destination:            dbg_hub/inst/BSCANID.u_xsdbm_id/CORE_XSDB.UUT_MASTER/U_ICON_INTERFACE/U_CMD6_RD/U_RD_FIFO/SUBCORE_FIFO.xsdbm_v3_0_0_rdfifo_inst/inst_fifo_gen/gconvfifo.rf/grf.rf/gntv_or_sync_fifo.gcx.clkx/gnxpm_cdc.gsync_stage[1].wr_stg_inst/Q_reg_reg[2]/D
  Path Group:             **default**
  Path Type:              Setup (Max at Slow Process Corner)
  Requirement:            33.000ns  (MaxDelay Path 33.000ns)
  Data Path Delay:        0.761ns  (logic 0.456ns (59.891%)  route 0.305ns (40.109%))
  Logic Levels:           0  
  Timing Exception:       MaxDelay Path 33.000ns -datapath_only

    Location             Delay type                Incr(ns)  Path(ns)    Netlist Resource(s)
  -------------------------------------------------------------------    -------------------
    SLICE_X56Y85                                      0.000     0.000 r  dbg_hub/inst/BSCANID.u_xsdbm_id/CORE_XSDB.UUT_MASTER/U_ICON_INTERFACE/U_CMD6_RD/U_RD_FIFO/SUBCORE_FIFO.xsdbm_v3_0_0_rdfifo_inst/inst_fifo_gen/gconvfifo.rf/grf.rf/gntv_or_sync_fifo.gcx.clkx/gnxpm_cdc.rd_pntr_gc_reg[2]/C
    SLICE_X56Y85         FDCE (Prop_fdce_C_Q)         0.456     0.456 r  dbg_hub/inst/BSCANID.u_xsdbm_id/CORE_XSDB.UUT_MASTER/U_ICON_INTERFACE/U_CMD6_RD/U_RD_FIFO/SUBCORE_FIFO.xsdbm_v3_0_0_rdfifo_inst/inst_fifo_gen/gconvfifo.rf/grf.rf/gntv_or_sync_fifo.gcx.clkx/gnxpm_cdc.rd_pntr_gc_reg[2]/Q
                         net (fo=1, routed)           0.305     0.761    dbg_hub/inst/BSCANID.u_xsdbm_id/CORE_XSDB.UUT_MASTER/U_ICON_INTERFACE/U_CMD6_RD/U_RD_FIFO/SUBCORE_FIFO.xsdbm_v3_0_0_rdfifo_inst/inst_fifo_gen/gconvfifo.rf/grf.rf/gntv_or_sync_fifo.gcx.clkx/gnxpm_cdc.gsync_stage[1].wr_stg_inst/Q[2]
    SLICE_X56Y86         FDCE                                         r  dbg_hub/inst/BSCANID.u_xsdbm_id/CORE_XSDB.UUT_MASTER/U_ICON_INTERFACE/U_CMD6_RD/U_RD_FIFO/SUBCORE_FIFO.xsdbm_v3_0_0_rdfifo_inst/inst_fifo_gen/gconvfifo.rf/grf.rf/gntv_or_sync_fifo.gcx.clkx/gnxpm_cdc.gsync_stage[1].wr_stg_inst/Q_reg_reg[2]/D
  -------------------------------------------------------------------    -------------------

                         max delay                   33.000    33.000    
    SLICE_X56Y86         FDCE (Setup_fdce_C_D)       -0.092    32.908    dbg_hub/inst/BSCANID.u_xsdbm_id/CORE_XSDB.UUT_MASTER/U_ICON_INTERFACE/U_CMD6_RD/U_RD_FIFO/SUBCORE_FIFO.xsdbm_v3_0_0_rdfifo_inst/inst_fifo_gen/gconvfifo.rf/grf.rf/gntv_or_sync_fifo.gcx.clkx/gnxpm_cdc.gsync_stage[1].wr_stg_inst/Q_reg_reg[2]
  -------------------------------------------------------------------
                         required time                         32.908    
                         arrival time                          -0.761    
  -------------------------------------------------------------------
                         slack                                 32.147    

Slack (MET) :             32.154ns  (required time - arrival time)
  Source:                 dbg_hub/inst/BSCANID.u_xsdbm_id/CORE_XSDB.UUT_MASTER/U_ICON_INTERFACE/U_CMD6_WR/U_WR_FIFO/SUBCORE_FIFO.xsdbm_v3_0_0_wrfifo_inst/inst_fifo_gen/gconvfifo.rf/grf.rf/gntv_or_sync_fifo.gcx.clkx/gnxpm_cdc.wr_pntr_gc_reg[0]/C
                            (rising edge-triggered cell FDCE clocked by dbg_hub/inst/BSCANID.u_xsdbm_id/SWITCH_N_EXT_BSCAN.bscan_inst/SERIES7_BSCAN.bscan_inst/TCK  {rise@0.000ns fall@16.500ns period=33.000ns})
  Destination:            dbg_hub/inst/BSCANID.u_xsdbm_id/CORE_XSDB.UUT_MASTER/U_ICON_INTERFACE/U_CMD6_WR/U_WR_FIFO/SUBCORE_FIFO.xsdbm_v3_0_0_wrfifo_inst/inst_fifo_gen/gconvfifo.rf/grf.rf/gntv_or_sync_fifo.gcx.clkx/gnxpm_cdc.gsync_stage[1].rd_stg_inst/Q_reg_reg[0]/D
  Path Group:             **default**
  Path Type:              Setup (Max at Slow Process Corner)
  Requirement:            33.000ns  (MaxDelay Path 33.000ns)
  Data Path Delay:        0.751ns  (logic 0.456ns (60.705%)  route 0.295ns (39.295%))
  Logic Levels:           0  
  Timing Exception:       MaxDelay Path 33.000ns -datapath_only

    Location             Delay type                Incr(ns)  Path(ns)    Netlist Resource(s)
  -------------------------------------------------------------------    -------------------
    SLICE_X83Y94                                      0.000     0.000 r  dbg_hub/inst/BSCANID.u_xsdbm_id/CORE_XSDB.UUT_MASTER/U_ICON_INTERFACE/U_CMD6_WR/U_WR_FIFO/SUBCORE_FIFO.xsdbm_v3_0_0_wrfifo_inst/inst_fifo_gen/gconvfifo.rf/grf.rf/gntv_or_sync_fifo.gcx.clkx/gnxpm_cdc.wr_pntr_gc_reg[0]/C
    SLICE_X83Y94         FDCE (Prop_fdce_C_Q)         0.456     0.456 r  dbg_hub/inst/BSCANID.u_xsdbm_id/CORE_XSDB.UUT_MASTER/U_ICON_INTERFACE/U_CMD6_WR/U_WR_FIFO/SUBCORE_FIFO.xsdbm_v3_0_0_wrfifo_inst/inst_fifo_gen/gconvfifo.rf/grf.rf/gntv_or_sync_fifo.gcx.clkx/gnxpm_cdc.wr_pntr_gc_reg[0]/Q
                         net (fo=1, routed)           0.295     0.751    dbg_hub/inst/BSCANID.u_xsdbm_id/CORE_XSDB.UUT_MASTER/U_ICON_INTERFACE/U_CMD6_WR/U_WR_FIFO/SUBCORE_FIFO.xsdbm_v3_0_0_wrfifo_inst/inst_fifo_gen/gconvfifo.rf/grf.rf/gntv_or_sync_fifo.gcx.clkx/gnxpm_cdc.gsync_stage[1].rd_stg_inst/Q[0]
    SLICE_X83Y93         FDCE                                         r  dbg_hub/inst/BSCANID.u_xsdbm_id/CORE_XSDB.UUT_MASTER/U_ICON_INTERFACE/U_CMD6_WR/U_WR_FIFO/SUBCORE_FIFO.xsdbm_v3_0_0_wrfifo_inst/inst_fifo_gen/gconvfifo.rf/grf.rf/gntv_or_sync_fifo.gcx.clkx/gnxpm_cdc.gsync_stage[1].rd_stg_inst/Q_reg_reg[0]/D
  -------------------------------------------------------------------    -------------------

                         max delay                   33.000    33.000    
    SLICE_X83Y93         FDCE (Setup_fdce_C_D)       -0.095    32.905    dbg_hub/inst/BSCANID.u_xsdbm_id/CORE_XSDB.UUT_MASTER/U_ICON_INTERFACE/U_CMD6_WR/U_WR_FIFO/SUBCORE_FIFO.xsdbm_v3_0_0_wrfifo_inst/inst_fifo_gen/gconvfifo.rf/grf.rf/gntv_or_sync_fifo.gcx.clkx/gnxpm_cdc.gsync_stage[1].rd_stg_inst/Q_reg_reg[0]
  -------------------------------------------------------------------
                         required time                         32.905    
                         arrival time                          -0.751    
  -------------------------------------------------------------------
                         slack                                 32.154    

Slack (MET) :             32.292ns  (required time - arrival time)
  Source:                 dbg_hub/inst/BSCANID.u_xsdbm_id/CORE_XSDB.UUT_MASTER/U_ICON_INTERFACE/U_CMD6_RD/U_RD_FIFO/SUBCORE_FIFO.xsdbm_v3_0_0_rdfifo_inst/inst_fifo_gen/gconvfifo.rf/grf.rf/gntv_or_sync_fifo.gcx.clkx/gnxpm_cdc.rd_pntr_gc_reg[3]/C
                            (rising edge-triggered cell FDCE clocked by dbg_hub/inst/BSCANID.u_xsdbm_id/SWITCH_N_EXT_BSCAN.bscan_inst/SERIES7_BSCAN.bscan_inst/TCK  {rise@0.000ns fall@16.500ns period=33.000ns})
  Destination:            dbg_hub/inst/BSCANID.u_xsdbm_id/CORE_XSDB.UUT_MASTER/U_ICON_INTERFACE/U_CMD6_RD/U_RD_FIFO/SUBCORE_FIFO.xsdbm_v3_0_0_rdfifo_inst/inst_fifo_gen/gconvfifo.rf/grf.rf/gntv_or_sync_fifo.gcx.clkx/gnxpm_cdc.gsync_stage[1].wr_stg_inst/Q_reg_reg[3]/D
  Path Group:             **default**
  Path Type:              Setup (Max at Slow Process Corner)
  Requirement:            33.000ns  (MaxDelay Path 33.000ns)
  Data Path Delay:        0.613ns  (logic 0.456ns (74.394%)  route 0.157ns (25.606%))
  Logic Levels:           0  
  Timing Exception:       MaxDelay Path 33.000ns -datapath_only

    Location             Delay type                Incr(ns)  Path(ns)    Netlist Resource(s)
  -------------------------------------------------------------------    -------------------
    SLICE_X56Y85                                      0.000     0.000 r  dbg_hub/inst/BSCANID.u_xsdbm_id/CORE_XSDB.UUT_MASTER/U_ICON_INTERFACE/U_CMD6_RD/U_RD_FIFO/SUBCORE_FIFO.xsdbm_v3_0_0_rdfifo_inst/inst_fifo_gen/gconvfifo.rf/grf.rf/gntv_or_sync_fifo.gcx.clkx/gnxpm_cdc.rd_pntr_gc_reg[3]/C
    SLICE_X56Y85         FDCE (Prop_fdce_C_Q)         0.456     0.456 r  dbg_hub/inst/BSCANID.u_xsdbm_id/CORE_XSDB.UUT_MASTER/U_ICON_INTERFACE/U_CMD6_RD/U_RD_FIFO/SUBCORE_FIFO.xsdbm_v3_0_0_rdfifo_inst/inst_fifo_gen/gconvfifo.rf/grf.rf/gntv_or_sync_fifo.gcx.clkx/gnxpm_cdc.rd_pntr_gc_reg[3]/Q
                         net (fo=1, routed)           0.157     0.613    dbg_hub/inst/BSCANID.u_xsdbm_id/CORE_XSDB.UUT_MASTER/U_ICON_INTERFACE/U_CMD6_RD/U_RD_FIFO/SUBCORE_FIFO.xsdbm_v3_0_0_rdfifo_inst/inst_fifo_gen/gconvfifo.rf/grf.rf/gntv_or_sync_fifo.gcx.clkx/gnxpm_cdc.gsync_stage[1].wr_stg_inst/Q[3]
    SLICE_X57Y85         FDCE                                         r  dbg_hub/inst/BSCANID.u_xsdbm_id/CORE_XSDB.UUT_MASTER/U_ICON_INTERFACE/U_CMD6_RD/U_RD_FIFO/SUBCORE_FIFO.xsdbm_v3_0_0_rdfifo_inst/inst_fifo_gen/gconvfifo.rf/grf.rf/gntv_or_sync_fifo.gcx.clkx/gnxpm_cdc.gsync_stage[1].wr_stg_inst/Q_reg_reg[3]/D
  -------------------------------------------------------------------    -------------------

                         max delay                   33.000    33.000    
    SLICE_X57Y85         FDCE (Setup_fdce_C_D)       -0.095    32.905    dbg_hub/inst/BSCANID.u_xsdbm_id/CORE_XSDB.UUT_MASTER/U_ICON_INTERFACE/U_CMD6_RD/U_RD_FIFO/SUBCORE_FIFO.xsdbm_v3_0_0_rdfifo_inst/inst_fifo_gen/gconvfifo.rf/grf.rf/gntv_or_sync_fifo.gcx.clkx/gnxpm_cdc.gsync_stage[1].wr_stg_inst/Q_reg_reg[3]
  -------------------------------------------------------------------
                         required time                         32.905    
                         arrival time                          -0.613    
  -------------------------------------------------------------------
                         slack                                 32.292    





